year,geography,wage_measure,work_type,industry,gender,age_group,unit,median_hourly_wage
2015,Canada,Median hourly wage rate,Full-time employees,"Total employees, all industries",Total - Gender,15 years and over,Current dollars,24.04
2015,Canada,Median hourly wage rate,Full-time employees,Goods-producing sector,Total - Gender,15 years and over,Current dollars,25.0
2015,Canada,Median hourly wage rate,Full-time employees,"Agriculture [111-112, 1100, 1151-1152]",Total - Gender,15 years and over,Current dollars,15.38
2015,Canada,Median hourly wage rate,Full-time employees,"Forestry, fishing, mining, quarrying, oil and gas [21, 113-114, 1153, 2100]",Total - Gender,15 years and over,Current dollars,36.0
2015,Canada,Median hourly wage rate,Full-time employees,Utilities [22],Total - Gender,15 years and over,Current dollars,39.0
2015,Canada,Median hourly wage rate,Full-time employees,Construction [23],Total - Gender,15 years and over,Current dollars,27.0
2015,Canada,Median hourly wage rate,Full-time employees,Manufacturing [31-33],Total - Gender,15 years and over,Current dollars,22.56
2015,Canada,Median hourly wage rate,Full-time employees,Services-producing sector,Total - Gender,15 years and over,Current dollars,24.0
2015,Canada,Median hourly wage rate,Full-time employees,"Wholesale and retail trade [41, 44-45]",Total - Gender,15 years and over,Current dollars,18.1
2015,Canada,Median hourly wage rate,Full-time employees,Transportation and warehousing [48-49],Total - Gender,15 years and over,Current dollars,24.0
2015,Canada,Median hourly wage rate,Full-time employees,"Finance, insurance, real estate, rental and leasing [52-53]",Total - Gender,15 years and over,Current dollars,26.67
2015,Canada,Median hourly wage rate,Full-time employees,"Professional, scientific and technical services [54]",Total - Gender,15 years and over,Current dollars,29.81
2015,Canada,Median hourly wage rate,Full-time employees,"Business, building and other support services [55-56]",Total - Gender,15 years and over,Current dollars,16.59
2015,Canada,Median hourly wage rate,Full-time employees,Educational services [61],Total - Gender,15 years and over,Current dollars,32.97
2015,Canada,Median hourly wage rate,Full-time employees,Health care and social assistance [62],Total - Gender,15 years and over,Current dollars,23.74
2015,Canada,Median hourly wage rate,Full-time employees,"Information, culture and recreation [51, 71]",Total - Gender,15 years and over,Current dollars,25.0
2015,Canada,Median hourly wage rate,Full-time employees,Accommodation and food services [72],Total - Gender,15 years and over,Current dollars,13.5
2015,Canada,Median hourly wage rate,Full-time employees,Other services (except public administration) [81],Total - Gender,15 years and over,Current dollars,20.0
2015,Canada,Median hourly wage rate,Full-time employees,Public administration [91],Total - Gender,15 years and over,Current dollars,34.63
2015,Newfoundland and Labrador,Median hourly wage rate,Full-time employees,"Total employees, all industries",Total - Gender,15 years and over,Current dollars,23.0
2015,Newfoundland and Labrador,Median hourly wage rate,Full-time employees,Goods-producing sector,Total - Gender,15 years and over,Current dollars,28.62
2015,Newfoundland and Labrador,Median hourly wage rate,Full-time employees,"Agriculture [111-112, 1100, 1151-1152]",Total - Gender,15 years and over,Current dollars,14.5
2015,Newfoundland and Labrador,Median hourly wage rate,Full-time employees,"Forestry, fishing, mining, quarrying, oil and gas [21, 113-114, 1153, 2100]",Total - Gender,15 years and over,Current dollars,35.0
2015,Newfoundland and Labrador,Median hourly wage rate,Full-time employees,Utilities [22],Total - Gender,15 years and over,Current dollars,40.87
2015,Newfoundland and Labrador,Median hourly wage rate,Full-time employees,Construction [23],Total - Gender,15 years and over,Current dollars,27.5
2015,Newfoundland and Labrador,Median hourly wage rate,Full-time employees,Manufacturing [31-33],Total - Gender,15 years and over,Current dollars,20.51
2015,Newfoundland and Labrador,Median hourly wage rate,Full-time employees,Services-producing sector,Total - Gender,15 years and over,Current dollars,21.03
2015,Newfoundland and Labrador,Median hourly wage rate,Full-time employees,"Wholesale and retail trade [41, 44-45]",Total - Gender,15 years and over,Current dollars,14.77
2015,Newfoundland and Labrador,Median hourly wage rate,Full-time employees,Transportation and warehousing [48-49],Total - Gender,15 years and over,Current dollars,23.0
2015,Newfoundland and Labrador,Median hourly wage rate,Full-time employees,"Finance, insurance, real estate, rental and leasing [52-53]",Total - Gender,15 years and over,Current dollars,21.63
2015,Newfoundland and Labrador,Median hourly wage rate,Full-time employees,"Professional, scientific and technical services [54]",Total - Gender,15 years and over,Current dollars,28.85
2015,Newfoundland and Labrador,Median hourly wage rate,Full-time employees,"Business, building and other support services [55-56]",Total - Gender,15 years and over,Current dollars,18.0
2015,Newfoundland and Labrador,Median hourly wage rate,Full-time employees,Educational services [61],Total - Gender,15 years and over,Current dollars,33.65
2015,Newfoundland and Labrador,Median hourly wage rate,Full-time employees,Health care and social assistance [62],Total - Gender,15 years and over,Current dollars,22.53
2015,Newfoundland and Labrador,Median hourly wage rate,Full-time employees,"Information, culture and recreation [51, 71]",Total - Gender,15 years and over,Current dollars,24.08
2015,Newfoundland and Labrador,Median hourly wage rate,Full-time employees,Accommodation and food services [72],Total - Gender,15 years and over,Current dollars,12.5
2015,Newfoundland and Labrador,Median hourly wage rate,Full-time employees,Other services (except public administration) [81],Total - Gender,15 years and over,Current dollars,15.1
2015,Newfoundland and Labrador,Median hourly wage rate,Full-time employees,Public administration [91],Total - Gender,15 years and over,Current dollars,30.0
2015,Prince Edward Island,Median hourly wage rate,Full-time employees,"Total employees, all industries",Total - Gender,15 years and over,Current dollars,19.5
2015,Prince Edward Island,Median hourly wage rate,Full-time employees,Goods-producing sector,Total - Gender,15 years and over,Current dollars,17.31
2015,Prince Edward Island,Median hourly wage rate,Full-time employees,"Agriculture [111-112, 1100, 1151-1152]",Total - Gender,15 years and over,Current dollars,14.0
2015,Prince Edward Island,Median hourly wage rate,Full-time employees,"Forestry, fishing, mining, quarrying, oil and gas [21, 113-114, 1153, 2100]",Total - Gender,15 years and over,Current dollars,18.0
2015,Prince Edward Island,Median hourly wage rate,Full-time employees,Utilities [22],Total - Gender,15 years and over,Current dollars,30.8
2015,Prince Edward Island,Median hourly wage rate,Full-time employees,Construction [23],Total - Gender,15 years and over,Current dollars,18.27
2015,Prince Edward Island,Median hourly wage rate,Full-time employees,Manufacturing [31-33],Total - Gender,15 years and over,Current dollars,17.5
2015,Prince Edward Island,Median hourly wage rate,Full-time employees,Services-producing sector,Total - Gender,15 years and over,Current dollars,20.29
2015,Prince Edward Island,Median hourly wage rate,Full-time employees,"Wholesale and retail trade [41, 44-45]",Total - Gender,15 years and over,Current dollars,14.83
2015,Prince Edward Island,Median hourly wage rate,Full-time employees,Transportation and warehousing [48-49],Total - Gender,15 years and over,Current dollars,17.5
2015,Prince Edward Island,Median hourly wage rate,Full-time employees,"Finance, insurance, real estate, rental and leasing [52-53]",Total - Gender,15 years and over,Current dollars,20.0
2015,Prince Edward Island,Median hourly wage rate,Full-time employees,"Professional, scientific and technical services [54]",Total - Gender,15 years and over,Current dollars,22.56
2015,Prince Edward Island,Median hourly wage rate,Full-time employees,"Business, building and other support services [55-56]",Total - Gender,15 years and over,Current dollars,13.5
2015,Prince Edward Island,Median hourly wage rate,Full-time employees,Educational services [61],Total - Gender,15 years and over,Current dollars,29.81
2015,Prince Edward Island,Median hourly wage rate,Full-time employees,Health care and social assistance [62],Total - Gender,15 years and over,Current dollars,21.5
2015,Prince Edward Island,Median hourly wage rate,Full-time employees,"Information, culture and recreation [51, 71]",Total - Gender,15 years and over,Current dollars,19.31
2015,Prince Edward Island,Median hourly wage rate,Full-time employees,Accommodation and food services [72],Total - Gender,15 years and over,Current dollars,12.0
2015,Prince Edward Island,Median hourly wage rate,Full-time employees,Other services (except public administration) [81],Total - Gender,15 years and over,Current dollars,20.0
2015,Prince Edward Island,Median hourly wage rate,Full-time employees,Public administration [91],Total - Gender,15 years and over,Current dollars,28.21
2015,Nova Scotia,Median hourly wage rate,Full-time employees,"Total employees, all industries",Total - Gender,15 years and over,Current dollars,20.43
2015,Nova Scotia,Median hourly wage rate,Full-time employees,Goods-producing sector,Total - Gender,15 years and over,Current dollars,20.23
2015,Nova Scotia,Median hourly wage rate,Full-time employees,"Agriculture [111-112, 1100, 1151-1152]",Total - Gender,15 years and over,Current dollars,14.0
2015,Nova Scotia,Median hourly wage rate,Full-time employees,"Forestry, fishing, mining, quarrying, oil and gas [21, 113-114, 1153, 2100]",Total - Gender,15 years and over,Current dollars,22.63
2015,Nova Scotia,Median hourly wage rate,Full-time employees,Utilities [22],Total - Gender,15 years and over,Current dollars,30.0
2015,Nova Scotia,Median hourly wage rate,Full-time employees,Construction [23],Total - Gender,15 years and over,Current dollars,20.0
2015,Nova Scotia,Median hourly wage rate,Full-time employees,Manufacturing [31-33],Total - Gender,15 years and over,Current dollars,20.0
2015,Nova Scotia,Median hourly wage rate,Full-time employees,Services-producing sector,Total - Gender,15 years and over,Current dollars,20.44
2015,Nova Scotia,Median hourly wage rate,Full-time employees,"Wholesale and retail trade [41, 44-45]",Total - Gender,15 years and over,Current dollars,15.0
2015,Nova Scotia,Median hourly wage rate,Full-time employees,Transportation and warehousing [48-49],Total - Gender,15 years and over,Current dollars,23.0
2015,Nova Scotia,Median hourly wage rate,Full-time employees,"Finance, insurance, real estate, rental and leasing [52-53]",Total - Gender,15 years and over,Current dollars,22.05
2015,Nova Scotia,Median hourly wage rate,Full-time employees,"Professional, scientific and technical services [54]",Total - Gender,15 years and over,Current dollars,23.08
2015,Nova Scotia,Median hourly wage rate,Full-time employees,"Business, building and other support services [55-56]",Total - Gender,15 years and over,Current dollars,14.0
2015,Nova Scotia,Median hourly wage rate,Full-time employees,Educational services [61],Total - Gender,15 years and over,Current dollars,29.0
2015,Nova Scotia,Median hourly wage rate,Full-time employees,Health care and social assistance [62],Total - Gender,15 years and over,Current dollars,22.0
2015,Nova Scotia,Median hourly wage rate,Full-time employees,"Information, culture and recreation [51, 71]",Total - Gender,15 years and over,Current dollars,21.63
2015,Nova Scotia,Median hourly wage rate,Full-time employees,Accommodation and food services [72],Total - Gender,15 years and over,Current dollars,12.0
2015,Nova Scotia,Median hourly wage rate,Full-time employees,Other services (except public administration) [81],Total - Gender,15 years and over,Current dollars,17.0
2015,Nova Scotia,Median hourly wage rate,Full-time employees,Public administration [91],Total - Gender,15 years and over,Current dollars,31.79
2015,New Brunswick,Median hourly wage rate,Full-time employees,"Total employees, all industries",Total - Gender,15 years and over,Current dollars,20.0
2015,New Brunswick,Median hourly wage rate,Full-time employees,Goods-producing sector,Total - Gender,15 years and over,Current dollars,20.75
2015,New Brunswick,Median hourly wage rate,Full-time employees,"Agriculture [111-112, 1100, 1151-1152]",Total - Gender,15 years and over,Current dollars,15.0
2015,New Brunswick,Median hourly wage rate,Full-time employees,"Forestry, fishing, mining, quarrying, oil and gas [21, 113-114, 1153, 2100]",Total - Gender,15 years and over,Current dollars,23.0
2015,New Brunswick,Median hourly wage rate,Full-time employees,Utilities [22],Total - Gender,15 years and over,Current dollars,37.0
2015,New Brunswick,Median hourly wage rate,Full-time employees,Construction [23],Total - Gender,15 years and over,Current dollars,20.5
2015,New Brunswick,Median hourly wage rate,Full-time employees,Manufacturing [31-33],Total - Gender,15 years and over,Current dollars,19.71
2015,New Brunswick,Median hourly wage rate,Full-time employees,Services-producing sector,Total - Gender,15 years and over,Current dollars,19.5
2015,New Brunswick,Median hourly wage rate,Full-time employees,"Wholesale and retail trade [41, 44-45]",Total - Gender,15 years and over,Current dollars,15.0
2015,New Brunswick,Median hourly wage rate,Full-time employees,Transportation and warehousing [48-49],Total - Gender,15 years and over,Current dollars,19.24
2015,New Brunswick,Median hourly wage rate,Full-time employees,"Finance, insurance, real estate, rental and leasing [52-53]",Total - Gender,15 years and over,Current dollars,20.51
2015,New Brunswick,Median hourly wage rate,Full-time employees,"Professional, scientific and technical services [54]",Total - Gender,15 years and over,Current dollars,24.52
2015,New Brunswick,Median hourly wage rate,Full-time employees,"Business, building and other support services [55-56]",Total - Gender,15 years and over,Current dollars,14.5
2015,New Brunswick,Median hourly wage rate,Full-time employees,Educational services [61],Total - Gender,15 years and over,Current dollars,28.0
2015,New Brunswick,Median hourly wage rate,Full-time employees,Health care and social assistance [62],Total - Gender,15 years and over,Current dollars,21.15
2015,New Brunswick,Median hourly wage rate,Full-time employees,"Information, culture and recreation [51, 71]",Total - Gender,15 years and over,Current dollars,21.0
2015,New Brunswick,Median hourly wage rate,Full-time employees,Accommodation and food services [72],Total - Gender,15 years and over,Current dollars,12.0
2015,New Brunswick,Median hourly wage rate,Full-time employees,Other services (except public administration) [81],Total - Gender,15 years and over,Current dollars,17.0
2015,New Brunswick,Median hourly wage rate,Full-time employees,Public administration [91],Total - Gender,15 years and over,Current dollars,29.75
2015,Quebec,Median hourly wage rate,Full-time employees,"Total employees, all industries",Total - Gender,15 years and over,Current dollars,22.6
2015,Quebec,Median hourly wage rate,Full-time employees,Goods-producing sector,Total - Gender,15 years and over,Current dollars,23.08
2015,Quebec,Median hourly wage rate,Full-time employees,"Agriculture [111-112, 1100, 1151-1152]",Total - Gender,15 years and over,Current dollars,15.0
2015,Quebec,Median hourly wage rate,Full-time employees,"Forestry, fishing, mining, quarrying, oil and gas [21, 113-114, 1153, 2100]",Total - Gender,15 years and over,Current dollars,30.0
2015,Quebec,Median hourly wage rate,Full-time employees,Utilities [22],Total - Gender,15 years and over,Current dollars,36.0
2015,Quebec,Median hourly wage rate,Full-time employees,Construction [23],Total - Gender,15 years and over,Current dollars,28.27
2015,Quebec,Median hourly wage rate,Full-time employees,Manufacturing [31-33],Total - Gender,15 years and over,Current dollars,21.78
2015,Quebec,Median hourly wage rate,Full-time employees,Services-producing sector,Total - Gender,15 years and over,Current dollars,22.43
2015,Quebec,Median hourly wage rate,Full-time employees,"Wholesale and retail trade [41, 44-45]",Total - Gender,15 years and over,Current dollars,17.0
2015,Quebec,Median hourly wage rate,Full-time employees,Transportation and warehousing [48-49],Total - Gender,15 years and over,Current dollars,21.15
2015,Quebec,Median hourly wage rate,Full-time employees,"Finance, insurance, real estate, rental and leasing [52-53]",Total - Gender,15 years and over,Current dollars,25.64
2015,Quebec,Median hourly wage rate,Full-time employees,"Professional, scientific and technical services [54]",Total - Gender,15 years and over,Current dollars,27.4
2015,Quebec,Median hourly wage rate,Full-time employees,"Business, building and other support services [55-56]",Total - Gender,15 years and over,Current dollars,16.59
2015,Quebec,Median hourly wage rate,Full-time employees,Educational services [61],Total - Gender,15 years and over,Current dollars,33.17
2015,Quebec,Median hourly wage rate,Full-time employees,Health care and social assistance [62],Total - Gender,15 years and over,Current dollars,22.23
2015,Quebec,Median hourly wage rate,Full-time employees,"Information, culture and recreation [51, 71]",Total - Gender,15 years and over,Current dollars,24.0
2015,Quebec,Median hourly wage rate,Full-time employees,Accommodation and food services [72],Total - Gender,15 years and over,Current dollars,13.33
2015,Quebec,Median hourly wage rate,Full-time employees,Other services (except public administration) [81],Total - Gender,15 years and over,Current dollars,19.0
2015,Quebec,Median hourly wage rate,Full-time employees,Public administration [91],Total - Gender,15 years and over,Current dollars,32.5
2015,Ontario,Median hourly wage rate,Full-time employees,"Total employees, all industries",Total - Gender,15 years and over,Current dollars,24.5
2015,Ontario,Median hourly wage rate,Full-time employees,Goods-producing sector,Total - Gender,15 years and over,Current dollars,24.0
2015,Ontario,Median hourly wage rate,Full-time employees,"Agriculture [111-112, 1100, 1151-1152]",Total - Gender,15 years and over,Current dollars,15.0
2015,Ontario,Median hourly wage rate,Full-time employees,"Forestry, fishing, mining, quarrying, oil and gas [21, 113-114, 1153, 2100]",Total - Gender,15 years and over,Current dollars,32.0
2015,Ontario,Median hourly wage rate,Full-time employees,Utilities [22],Total - Gender,15 years and over,Current dollars,40.01
2015,Ontario,Median hourly wage rate,Full-time employees,Construction [23],Total - Gender,15 years and over,Current dollars,26.07
2015,Ontario,Median hourly wage rate,Full-time employees,Manufacturing [31-33],Total - Gender,15 years and over,Current dollars,22.5
2015,Ontario,Median hourly wage rate,Full-time employees,Services-producing sector,Total - Gender,15 years and over,Current dollars,24.71
2015,Ontario,Median hourly wage rate,Full-time employees,"Wholesale and retail trade [41, 44-45]",Total - Gender,15 years and over,Current dollars,19.0
2015,Ontario,Median hourly wage rate,Full-time employees,Transportation and warehousing [48-49],Total - Gender,15 years and over,Current dollars,22.0
2015,Ontario,Median hourly wage rate,Full-time employees,"Finance, insurance, real estate, rental and leasing [52-53]",Total - Gender,15 years and over,Current dollars,28.1
2015,Ontario,Median hourly wage rate,Full-time employees,"Professional, scientific and technical services [54]",Total - Gender,15 years and over,Current dollars,31.25
2015,Ontario,Median hourly wage rate,Full-time employees,"Business, building and other support services [55-56]",Total - Gender,15 years and over,Current dollars,15.9
2015,Ontario,Median hourly wage rate,Full-time employees,Educational services [61],Total - Gender,15 years and over,Current dollars,34.07
2015,Ontario,Median hourly wage rate,Full-time employees,Health care and social assistance [62],Total - Gender,15 years and over,Current dollars,24.25
2015,Ontario,Median hourly wage rate,Full-time employees,"Information, culture and recreation [51, 71]",Total - Gender,15 years and over,Current dollars,26.15
2015,Ontario,Median hourly wage rate,Full-time employees,Accommodation and food services [72],Total - Gender,15 years and over,Current dollars,13.0
2015,Ontario,Median hourly wage rate,Full-time employees,Other services (except public administration) [81],Total - Gender,15 years and over,Current dollars,20.0
2015,Ontario,Median hourly wage rate,Full-time employees,Public administration [91],Total - Gender,15 years and over,Current dollars,37.44
2015,Manitoba,Median hourly wage rate,Full-time employees,"Total employees, all industries",Total - Gender,15 years and over,Current dollars,21.5
2015,Manitoba,Median hourly wage rate,Full-time employees,Goods-producing sector,Total - Gender,15 years and over,Current dollars,22.0
2015,Manitoba,Median hourly wage rate,Full-time employees,"Agriculture [111-112, 1100, 1151-1152]",Total - Gender,15 years and over,Current dollars,17.0
2015,Manitoba,Median hourly wage rate,Full-time employees,"Forestry, fishing, mining, quarrying, oil and gas [21, 113-114, 1153, 2100]",Total - Gender,15 years and over,Current dollars,32.12
2015,Manitoba,Median hourly wage rate,Full-time employees,Utilities [22],Total - Gender,15 years and over,Current dollars,37.98
2015,Manitoba,Median hourly wage rate,Full-time employees,Construction [23],Total - Gender,15 years and over,Current dollars,23.08
2015,Manitoba,Median hourly wage rate,Full-time employees,Manufacturing [31-33],Total - Gender,15 years and over,Current dollars,20.0
2015,Manitoba,Median hourly wage rate,Full-time employees,Services-producing sector,Total - Gender,15 years and over,Current dollars,21.25
2015,Manitoba,Median hourly wage rate,Full-time employees,"Wholesale and retail trade [41, 44-45]",Total - Gender,15 years and over,Current dollars,18.0
2015,Manitoba,Median hourly wage rate,Full-time employees,Transportation and warehousing [48-49],Total - Gender,15 years and over,Current dollars,22.5
2015,Manitoba,Median hourly wage rate,Full-time employees,"Finance, insurance, real estate, rental and leasing [52-53]",Total - Gender,15 years and over,Current dollars,24.04
2015,Manitoba,Median hourly wage rate,Full-time employees,"Professional, scientific and technical services [54]",Total - Gender,15 years and over,Current dollars,23.71
2015,Manitoba,Median hourly wage rate,Full-time employees,"Business, building and other support services [55-56]",Total - Gender,15 years and over,Current dollars,15.0
2015,Manitoba,Median hourly wage rate,Full-time employees,Educational services [61],Total - Gender,15 years and over,Current dollars,28.85
2015,Manitoba,Median hourly wage rate,Full-time employees,Health care and social assistance [62],Total - Gender,15 years and over,Current dollars,20.45
2015,Manitoba,Median hourly wage rate,Full-time employees,"Information, culture and recreation [51, 71]",Total - Gender,15 years and over,Current dollars,23.08
2015,Manitoba,Median hourly wage rate,Full-time employees,Accommodation and food services [72],Total - Gender,15 years and over,Current dollars,13.0
2015,Manitoba,Median hourly wage rate,Full-time employees,Other services (except public administration) [81],Total - Gender,15 years and over,Current dollars,20.0
2015,Manitoba,Median hourly wage rate,Full-time employees,Public administration [91],Total - Gender,15 years and over,Current dollars,30.81
2015,Saskatchewan,Median hourly wage rate,Full-time employees,"Total employees, all industries",Total - Gender,15 years and over,Current dollars,25.0
2015,Saskatchewan,Median hourly wage rate,Full-time employees,Goods-producing sector,Total - Gender,15 years and over,Current dollars,28.0
2015,Saskatchewan,Median hourly wage rate,Full-time employees,"Agriculture [111-112, 1100, 1151-1152]",Total - Gender,15 years and over,Current dollars,18.0
2015,Saskatchewan,Median hourly wage rate,Full-time employees,"Forestry, fishing, mining, quarrying, oil and gas [21, 113-114, 1153, 2100]",Total - Gender,15 years and over,Current dollars,38.77
2015,Saskatchewan,Median hourly wage rate,Full-time employees,Utilities [22],Total - Gender,15 years and over,Current dollars,38.46
2015,Saskatchewan,Median hourly wage rate,Full-time employees,Construction [23],Total - Gender,15 years and over,Current dollars,27.0
2015,Saskatchewan,Median hourly wage rate,Full-time employees,Manufacturing [31-33],Total - Gender,15 years and over,Current dollars,25.0
2015,Saskatchewan,Median hourly wage rate,Full-time employees,Services-producing sector,Total - Gender,15 years and over,Current dollars,23.85
2015,Saskatchewan,Median hourly wage rate,Full-time employees,"Wholesale and retail trade [41, 44-45]",Total - Gender,15 years and over,Current dollars,19.2
2015,Saskatchewan,Median hourly wage rate,Full-time employees,Transportation and warehousing [48-49],Total - Gender,15 years and over,Current dollars,23.8
2015,Saskatchewan,Median hourly wage rate,Full-time employees,"Finance, insurance, real estate, rental and leasing [52-53]",Total - Gender,15 years and over,Current dollars,27.56
2015,Saskatchewan,Median hourly wage rate,Full-time employees,"Professional, scientific and technical services [54]",Total - Gender,15 years and over,Current dollars,30.22
2015,Saskatchewan,Median hourly wage rate,Full-time employees,"Business, building and other support services [55-56]",Total - Gender,15 years and over,Current dollars,18.0
2015,Saskatchewan,Median hourly wage rate,Full-time employees,Educational services [61],Total - Gender,15 years and over,Current dollars,31.19
2015,Saskatchewan,Median hourly wage rate,Full-time employees,Health care and social assistance [62],Total - Gender,15 years and over,Current dollars,24.0
2015,Saskatchewan,Median hourly wage rate,Full-time employees,"Information, culture and recreation [51, 71]",Total - Gender,15 years and over,Current dollars,28.85
2015,Saskatchewan,Median hourly wage rate,Full-time employees,Accommodation and food services [72],Total - Gender,15 years and over,Current dollars,13.19
2015,Saskatchewan,Median hourly wage rate,Full-time employees,Other services (except public administration) [81],Total - Gender,15 years and over,Current dollars,22.0
2015,Saskatchewan,Median hourly wage rate,Full-time employees,Public administration [91],Total - Gender,15 years and over,Current dollars,32.56
2015,Alberta,Median hourly wage rate,Full-time employees,"Total employees, all industries",Total - Gender,15 years and over,Current dollars,28.0
2015,Alberta,Median hourly wage rate,Full-time employees,Goods-producing sector,Total - Gender,15 years and over,Current dollars,32.0
2015,Alberta,Median hourly wage rate,Full-time employees,"Agriculture [111-112, 1100, 1151-1152]",Total - Gender,15 years and over,Current dollars,18.0
2015,Alberta,Median hourly wage rate,Full-time employees,"Forestry, fishing, mining, quarrying, oil and gas [21, 113-114, 1153, 2100]",Total - Gender,15 years and over,Current dollars,41.35
2015,Alberta,Median hourly wage rate,Full-time employees,Utilities [22],Total - Gender,15 years and over,Current dollars,43.0
2015,Alberta,Median hourly wage rate,Full-time employees,Construction [23],Total - Gender,15 years and over,Current dollars,30.0
2015,Alberta,Median hourly wage rate,Full-time employees,Manufacturing [31-33],Total - Gender,15 years and over,Current dollars,26.0
2015,Alberta,Median hourly wage rate,Full-time employees,Services-producing sector,Total - Gender,15 years and over,Current dollars,26.0
2015,Alberta,Median hourly wage rate,Full-time employees,"Wholesale and retail trade [41, 44-45]",Total - Gender,15 years and over,Current dollars,21.2
2015,Alberta,Median hourly wage rate,Full-time employees,Transportation and warehousing [48-49],Total - Gender,15 years and over,Current dollars,26.81
2015,Alberta,Median hourly wage rate,Full-time employees,"Finance, insurance, real estate, rental and leasing [52-53]",Total - Gender,15 years and over,Current dollars,27.18
2015,Alberta,Median hourly wage rate,Full-time employees,"Professional, scientific and technical services [54]",Total - Gender,15 years and over,Current dollars,33.65
2015,Alberta,Median hourly wage rate,Full-time employees,"Business, building and other support services [55-56]",Total - Gender,15 years and over,Current dollars,21.5
2015,Alberta,Median hourly wage rate,Full-time employees,Educational services [61],Total - Gender,15 years and over,Current dollars,34.86
2015,Alberta,Median hourly wage rate,Full-time employees,Health care and social assistance [62],Total - Gender,15 years and over,Current dollars,27.0
2015,Alberta,Median hourly wage rate,Full-time employees,"Information, culture and recreation [51, 71]",Total - Gender,15 years and over,Current dollars,26.37
2015,Alberta,Median hourly wage rate,Full-time employees,Accommodation and food services [72],Total - Gender,15 years and over,Current dollars,14.42
2015,Alberta,Median hourly wage rate,Full-time employees,Other services (except public administration) [81],Total - Gender,15 years and over,Current dollars,25.0
2015,Alberta,Median hourly wage rate,Full-time employees,Public administration [91],Total - Gender,15 years and over,Current dollars,35.62
2015,British Columbia,Median hourly wage rate,Full-time employees,"Total employees, all industries",Total - Gender,15 years and over,Current dollars,25.0
2015,British Columbia,Median hourly wage rate,Full-time employees,Goods-producing sector,Total - Gender,15 years and over,Current dollars,27.0
2015,British Columbia,Median hourly wage rate,Full-time employees,"Agriculture [111-112, 1100, 1151-1152]",Total - Gender,15 years and over,Current dollars,13.0
2015,British Columbia,Median hourly wage rate,Full-time employees,"Forestry, fishing, mining, quarrying, oil and gas [21, 113-114, 1153, 2100]",Total - Gender,15 years and over,Current dollars,32.55
2015,British Columbia,Median hourly wage rate,Full-time employees,Utilities [22],Total - Gender,15 years and over,Current dollars,38.46
2015,British Columbia,Median hourly wage rate,Full-time employees,Construction [23],Total - Gender,15 years and over,Current dollars,27.0
2015,British Columbia,Median hourly wage rate,Full-time employees,Manufacturing [31-33],Total - Gender,15 years and over,Current dollars,25.5
2015,British Columbia,Median hourly wage rate,Full-time employees,Services-producing sector,Total - Gender,15 years and over,Current dollars,24.04
2015,British Columbia,Median hourly wage rate,Full-time employees,"Wholesale and retail trade [41, 44-45]",Total - Gender,15 years and over,Current dollars,19.0
2015,British Columbia,Median hourly wage rate,Full-time employees,Transportation and warehousing [48-49],Total - Gender,15 years and over,Current dollars,26.0
2015,British Columbia,Median hourly wage rate,Full-time employees,"Finance, insurance, real estate, rental and leasing [52-53]",Total - Gender,15 years and over,Current dollars,26.44
2015,British Columbia,Median hourly wage rate,Full-time employees,"Professional, scientific and technical services [54]",Total - Gender,15 years and over,Current dollars,30.77
2015,British Columbia,Median hourly wage rate,Full-time employees,"Business, building and other support services [55-56]",Total - Gender,15 years and over,Current dollars,18.0
2015,British Columbia,Median hourly wage rate,Full-time employees,Educational services [61],Total - Gender,15 years and over,Current dollars,28.85
2015,British Columbia,Median hourly wage rate,Full-time employees,Health care and social assistance [62],Total - Gender,15 years and over,Current dollars,23.68
2015,British Columbia,Median hourly wage rate,Full-time employees,"Information, culture and recreation [51, 71]",Total - Gender,15 years and over,Current dollars,25.0
2015,British Columbia,Median hourly wage rate,Full-time employees,Accommodation and food services [72],Total - Gender,15 years and over,Current dollars,14.03
2015,British Columbia,Median hourly wage rate,Full-time employees,Other services (except public administration) [81],Total - Gender,15 years and over,Current dollars,20.0
2015,British Columbia,Median hourly wage rate,Full-time employees,Public administration [91],Total - Gender,15 years and over,Current dollars,35.0
2016,Canada,Median hourly wage rate,Full-time employees,"Total employees, all industries",Total - Gender,15 years and over,Current dollars,24.82
2016,Canada,Median hourly wage rate,Full-time employees,Goods-producing sector,Total - Gender,15 years and over,Current dollars,25.2
2016,Canada,Median hourly wage rate,Full-time employees,"Agriculture [111-112, 1100, 1151-1152]",Total - Gender,15 years and over,Current dollars,16.27
2016,Canada,Median hourly wage rate,Full-time employees,"Forestry, fishing, mining, quarrying, oil and gas [21, 113-114, 1153, 2100]",Total - Gender,15 years and over,Current dollars,37.0
2016,Canada,Median hourly wage rate,Full-time employees,Utilities [22],Total - Gender,15 years and over,Current dollars,39.0
2016,Canada,Median hourly wage rate,Full-time employees,Construction [23],Total - Gender,15 years and over,Current dollars,27.78
2016,Canada,Median hourly wage rate,Full-time employees,Manufacturing [31-33],Total - Gender,15 years and over,Current dollars,22.79
2016,Canada,Median hourly wage rate,Full-time employees,Services-producing sector,Total - Gender,15 years and over,Current dollars,24.1
2016,Canada,Median hourly wage rate,Full-time employees,"Wholesale and retail trade [41, 44-45]",Total - Gender,15 years and over,Current dollars,18.95
2016,Canada,Median hourly wage rate,Full-time employees,Transportation and warehousing [48-49],Total - Gender,15 years and over,Current dollars,24.48
2016,Canada,Median hourly wage rate,Full-time employees,"Finance, insurance, real estate, rental and leasing [52-53]",Total - Gender,15 years and over,Current dollars,26.92
2016,Canada,Median hourly wage rate,Full-time employees,"Professional, scientific and technical services [54]",Total - Gender,15 years and over,Current dollars,31.25
2016,Canada,Median hourly wage rate,Full-time employees,"Business, building and other support services [55-56]",Total - Gender,15 years and over,Current dollars,16.81
2016,Canada,Median hourly wage rate,Full-time employees,Educational services [61],Total - Gender,15 years and over,Current dollars,34.0
2016,Canada,Median hourly wage rate,Full-time employees,Health care and social assistance [62],Total - Gender,15 years and over,Current dollars,24.04
2016,Canada,Median hourly wage rate,Full-time employees,"Information, culture and recreation [51, 71]",Total - Gender,15 years and over,Current dollars,25.0
2016,Canada,Median hourly wage rate,Full-time employees,Accommodation and food services [72],Total - Gender,15 years and over,Current dollars,14.0
2016,Canada,Median hourly wage rate,Full-time employees,Other services (except public administration) [81],Total - Gender,15 years and over,Current dollars,20.0
2016,Canada,Median hourly wage rate,Full-time employees,Public administration [91],Total - Gender,15 years and over,Current dollars,35.0
2016,Newfoundland and Labrador,Median hourly wage rate,Full-time employees,"Total employees, all industries",Total - Gender,15 years and over,Current dollars,23.08
2016,Newfoundland and Labrador,Median hourly wage rate,Full-time employees,Goods-producing sector,Total - Gender,15 years and over,Current dollars,28.85
2016,Newfoundland and Labrador,Median hourly wage rate,Full-time employees,"Agriculture [111-112, 1100, 1151-1152]",Total - Gender,15 years and over,Current dollars,17.0
2016,Newfoundland and Labrador,Median hourly wage rate,Full-time employees,"Forestry, fishing, mining, quarrying, oil and gas [21, 113-114, 1153, 2100]",Total - Gender,15 years and over,Current dollars,35.88
2016,Newfoundland and Labrador,Median hourly wage rate,Full-time employees,Utilities [22],Total - Gender,15 years and over,Current dollars,38.46
2016,Newfoundland and Labrador,Median hourly wage rate,Full-time employees,Construction [23],Total - Gender,15 years and over,Current dollars,28.0
2016,Newfoundland and Labrador,Median hourly wage rate,Full-time employees,Manufacturing [31-33],Total - Gender,15 years and over,Current dollars,20.0
2016,Newfoundland and Labrador,Median hourly wage rate,Full-time employees,Services-producing sector,Total - Gender,15 years and over,Current dollars,21.63
2016,Newfoundland and Labrador,Median hourly wage rate,Full-time employees,"Wholesale and retail trade [41, 44-45]",Total - Gender,15 years and over,Current dollars,15.0
2016,Newfoundland and Labrador,Median hourly wage rate,Full-time employees,Transportation and warehousing [48-49],Total - Gender,15 years and over,Current dollars,24.73
2016,Newfoundland and Labrador,Median hourly wage rate,Full-time employees,"Finance, insurance, real estate, rental and leasing [52-53]",Total - Gender,15 years and over,Current dollars,24.04
2016,Newfoundland and Labrador,Median hourly wage rate,Full-time employees,"Professional, scientific and technical services [54]",Total - Gender,15 years and over,Current dollars,27.4
2016,Newfoundland and Labrador,Median hourly wage rate,Full-time employees,"Business, building and other support services [55-56]",Total - Gender,15 years and over,Current dollars,19.0
2016,Newfoundland and Labrador,Median hourly wage rate,Full-time employees,Educational services [61],Total - Gender,15 years and over,Current dollars,33.75
2016,Newfoundland and Labrador,Median hourly wage rate,Full-time employees,Health care and social assistance [62],Total - Gender,15 years and over,Current dollars,22.5
2016,Newfoundland and Labrador,Median hourly wage rate,Full-time employees,"Information, culture and recreation [51, 71]",Total - Gender,15 years and over,Current dollars,22.0
2016,Newfoundland and Labrador,Median hourly wage rate,Full-time employees,Accommodation and food services [72],Total - Gender,15 years and over,Current dollars,12.75
2016,Newfoundland and Labrador,Median hourly wage rate,Full-time employees,Other services (except public administration) [81],Total - Gender,15 years and over,Current dollars,15.0
2016,Newfoundland and Labrador,Median hourly wage rate,Full-time employees,Public administration [91],Total - Gender,15 years and over,Current dollars,30.0
2016,Prince Edward Island,Median hourly wage rate,Full-time employees,"Total employees, all industries",Total - Gender,15 years and over,Current dollars,20.0
2016,Prince Edward Island,Median hourly wage rate,Full-time employees,Goods-producing sector,Total - Gender,15 years and over,Current dollars,18.0
2016,Prince Edward Island,Median hourly wage rate,Full-time employees,"Agriculture [111-112, 1100, 1151-1152]",Total - Gender,15 years and over,Current dollars,13.6
2016,Prince Edward Island,Median hourly wage rate,Full-time employees,"Forestry, fishing, mining, quarrying, oil and gas [21, 113-114, 1153, 2100]",Total - Gender,15 years and over,Current dollars,17.31
2016,Prince Edward Island,Median hourly wage rate,Full-time employees,Utilities [22],Total - Gender,15 years and over,Current dollars,36.9
2016,Prince Edward Island,Median hourly wage rate,Full-time employees,Construction [23],Total - Gender,15 years and over,Current dollars,19.5
2016,Prince Edward Island,Median hourly wage rate,Full-time employees,Manufacturing [31-33],Total - Gender,15 years and over,Current dollars,18.0
2016,Prince Edward Island,Median hourly wage rate,Full-time employees,Services-producing sector,Total - Gender,15 years and over,Current dollars,21.0
2016,Prince Edward Island,Median hourly wage rate,Full-time employees,"Wholesale and retail trade [41, 44-45]",Total - Gender,15 years and over,Current dollars,15.0
2016,Prince Edward Island,Median hourly wage rate,Full-time employees,Transportation and warehousing [48-49],Total - Gender,15 years and over,Current dollars,19.23
2016,Prince Edward Island,Median hourly wage rate,Full-time employees,"Finance, insurance, real estate, rental and leasing [52-53]",Total - Gender,15 years and over,Current dollars,21.0
2016,Prince Edward Island,Median hourly wage rate,Full-time employees,"Professional, scientific and technical services [54]",Total - Gender,15 years and over,Current dollars,24.0
2016,Prince Edward Island,Median hourly wage rate,Full-time employees,"Business, building and other support services [55-56]",Total - Gender,15 years and over,Current dollars,13.15
2016,Prince Edward Island,Median hourly wage rate,Full-time employees,Educational services [61],Total - Gender,15 years and over,Current dollars,30.29
2016,Prince Edward Island,Median hourly wage rate,Full-time employees,Health care and social assistance [62],Total - Gender,15 years and over,Current dollars,22.8
2016,Prince Edward Island,Median hourly wage rate,Full-time employees,"Information, culture and recreation [51, 71]",Total - Gender,15 years and over,Current dollars,19.23
2016,Prince Edward Island,Median hourly wage rate,Full-time employees,Accommodation and food services [72],Total - Gender,15 years and over,Current dollars,12.75
2016,Prince Edward Island,Median hourly wage rate,Full-time employees,Other services (except public administration) [81],Total - Gender,15 years and over,Current dollars,17.0
2016,Prince Edward Island,Median hourly wage rate,Full-time employees,Public administration [91],Total - Gender,15 years and over,Current dollars,28.29
2016,Nova Scotia,Median hourly wage rate,Full-time employees,"Total employees, all industries",Total - Gender,15 years and over,Current dollars,21.0
2016,Nova Scotia,Median hourly wage rate,Full-time employees,Goods-producing sector,Total - Gender,15 years and over,Current dollars,21.63
2016,Nova Scotia,Median hourly wage rate,Full-time employees,"Agriculture [111-112, 1100, 1151-1152]",Total - Gender,15 years and over,Current dollars,14.0
2016,Nova Scotia,Median hourly wage rate,Full-time employees,"Forestry, fishing, mining, quarrying, oil and gas [21, 113-114, 1153, 2100]",Total - Gender,15 years and over,Current dollars,24.04
2016,Nova Scotia,Median hourly wage rate,Full-time employees,Utilities [22],Total - Gender,15 years and over,Current dollars,38.0
2016,Nova Scotia,Median hourly wage rate,Full-time employees,Construction [23],Total - Gender,15 years and over,Current dollars,20.6
2016,Nova Scotia,Median hourly wage rate,Full-time employees,Manufacturing [31-33],Total - Gender,15 years and over,Current dollars,21.1
2016,Nova Scotia,Median hourly wage rate,Full-time employees,Services-producing sector,Total - Gender,15 years and over,Current dollars,20.88
2016,Nova Scotia,Median hourly wage rate,Full-time employees,"Wholesale and retail trade [41, 44-45]",Total - Gender,15 years and over,Current dollars,15.1
2016,Nova Scotia,Median hourly wage rate,Full-time employees,Transportation and warehousing [48-49],Total - Gender,15 years and over,Current dollars,25.0
2016,Nova Scotia,Median hourly wage rate,Full-time employees,"Finance, insurance, real estate, rental and leasing [52-53]",Total - Gender,15 years and over,Current dollars,21.54
2016,Nova Scotia,Median hourly wage rate,Full-time employees,"Professional, scientific and technical services [54]",Total - Gender,15 years and over,Current dollars,26.5
2016,Nova Scotia,Median hourly wage rate,Full-time employees,"Business, building and other support services [55-56]",Total - Gender,15 years and over,Current dollars,13.94
2016,Nova Scotia,Median hourly wage rate,Full-time employees,Educational services [61],Total - Gender,15 years and over,Current dollars,31.25
2016,Nova Scotia,Median hourly wage rate,Full-time employees,Health care and social assistance [62],Total - Gender,15 years and over,Current dollars,22.0
2016,Nova Scotia,Median hourly wage rate,Full-time employees,"Information, culture and recreation [51, 71]",Total - Gender,15 years and over,Current dollars,22.6
2016,Nova Scotia,Median hourly wage rate,Full-time employees,Accommodation and food services [72],Total - Gender,15 years and over,Current dollars,12.6
2016,Nova Scotia,Median hourly wage rate,Full-time employees,Other services (except public administration) [81],Total - Gender,15 years and over,Current dollars,18.24
2016,Nova Scotia,Median hourly wage rate,Full-time employees,Public administration [91],Total - Gender,15 years and over,Current dollars,31.43
2016,New Brunswick,Median hourly wage rate,Full-time employees,"Total employees, all industries",Total - Gender,15 years and over,Current dollars,20.0
2016,New Brunswick,Median hourly wage rate,Full-time employees,Goods-producing sector,Total - Gender,15 years and over,Current dollars,20.28
2016,New Brunswick,Median hourly wage rate,Full-time employees,"Agriculture [111-112, 1100, 1151-1152]",Total - Gender,15 years and over,Current dollars,15.79
2016,New Brunswick,Median hourly wage rate,Full-time employees,"Forestry, fishing, mining, quarrying, oil and gas [21, 113-114, 1153, 2100]",Total - Gender,15 years and over,Current dollars,21.63
2016,New Brunswick,Median hourly wage rate,Full-time employees,Utilities [22],Total - Gender,15 years and over,Current dollars,34.36
2016,New Brunswick,Median hourly wage rate,Full-time employees,Construction [23],Total - Gender,15 years and over,Current dollars,20.86
2016,New Brunswick,Median hourly wage rate,Full-time employees,Manufacturing [31-33],Total - Gender,15 years and over,Current dollars,20.0
2016,New Brunswick,Median hourly wage rate,Full-time employees,Services-producing sector,Total - Gender,15 years and over,Current dollars,20.0
2016,New Brunswick,Median hourly wage rate,Full-time employees,"Wholesale and retail trade [41, 44-45]",Total - Gender,15 years and over,Current dollars,16.0
2016,New Brunswick,Median hourly wage rate,Full-time employees,Transportation and warehousing [48-49],Total - Gender,15 years and over,Current dollars,19.0
2016,New Brunswick,Median hourly wage rate,Full-time employees,"Finance, insurance, real estate, rental and leasing [52-53]",Total - Gender,15 years and over,Current dollars,21.28
2016,New Brunswick,Median hourly wage rate,Full-time employees,"Professional, scientific and technical services [54]",Total - Gender,15 years and over,Current dollars,26.15
2016,New Brunswick,Median hourly wage rate,Full-time employees,"Business, building and other support services [55-56]",Total - Gender,15 years and over,Current dollars,14.85
2016,New Brunswick,Median hourly wage rate,Full-time employees,Educational services [61],Total - Gender,15 years and over,Current dollars,28.85
2016,New Brunswick,Median hourly wage rate,Full-time employees,Health care and social assistance [62],Total - Gender,15 years and over,Current dollars,21.5
2016,New Brunswick,Median hourly wage rate,Full-time employees,"Information, culture and recreation [51, 71]",Total - Gender,15 years and over,Current dollars,20.0
2016,New Brunswick,Median hourly wage rate,Full-time employees,Accommodation and food services [72],Total - Gender,15 years and over,Current dollars,12.5
2016,New Brunswick,Median hourly wage rate,Full-time employees,Other services (except public administration) [81],Total - Gender,15 years and over,Current dollars,18.0
2016,New Brunswick,Median hourly wage rate,Full-time employees,Public administration [91],Total - Gender,15 years and over,Current dollars,29.2
2016,Quebec,Median hourly wage rate,Full-time employees,"Total employees, all industries",Total - Gender,15 years and over,Current dollars,23.09
2016,Quebec,Median hourly wage rate,Full-time employees,Goods-producing sector,Total - Gender,15 years and over,Current dollars,23.75
2016,Quebec,Median hourly wage rate,Full-time employees,"Agriculture [111-112, 1100, 1151-1152]",Total - Gender,15 years and over,Current dollars,16.5
2016,Quebec,Median hourly wage rate,Full-time employees,"Forestry, fishing, mining, quarrying, oil and gas [21, 113-114, 1153, 2100]",Total - Gender,15 years and over,Current dollars,30.77
2016,Quebec,Median hourly wage rate,Full-time employees,Utilities [22],Total - Gender,15 years and over,Current dollars,36.5
2016,Quebec,Median hourly wage rate,Full-time employees,Construction [23],Total - Gender,15 years and over,Current dollars,29.0
2016,Quebec,Median hourly wage rate,Full-time employees,Manufacturing [31-33],Total - Gender,15 years and over,Current dollars,21.71
2016,Quebec,Median hourly wage rate,Full-time employees,Services-producing sector,Total - Gender,15 years and over,Current dollars,23.07
2016,Quebec,Median hourly wage rate,Full-time employees,"Wholesale and retail trade [41, 44-45]",Total - Gender,15 years and over,Current dollars,17.58
2016,Quebec,Median hourly wage rate,Full-time employees,Transportation and warehousing [48-49],Total - Gender,15 years and over,Current dollars,23.45
2016,Quebec,Median hourly wage rate,Full-time employees,"Finance, insurance, real estate, rental and leasing [52-53]",Total - Gender,15 years and over,Current dollars,27.0
2016,Quebec,Median hourly wage rate,Full-time employees,"Professional, scientific and technical services [54]",Total - Gender,15 years and over,Current dollars,28.97
2016,Quebec,Median hourly wage rate,Full-time employees,"Business, building and other support services [55-56]",Total - Gender,15 years and over,Current dollars,17.1
2016,Quebec,Median hourly wage rate,Full-time employees,Educational services [61],Total - Gender,15 years and over,Current dollars,34.86
2016,Quebec,Median hourly wage rate,Full-time employees,Health care and social assistance [62],Total - Gender,15 years and over,Current dollars,22.15
2016,Quebec,Median hourly wage rate,Full-time employees,"Information, culture and recreation [51, 71]",Total - Gender,15 years and over,Current dollars,25.0
2016,Quebec,Median hourly wage rate,Full-time employees,Accommodation and food services [72],Total - Gender,15 years and over,Current dollars,14.17
2016,Quebec,Median hourly wage rate,Full-time employees,Other services (except public administration) [81],Total - Gender,15 years and over,Current dollars,20.0
2016,Quebec,Median hourly wage rate,Full-time employees,Public administration [91],Total - Gender,15 years and over,Current dollars,32.82
2016,Ontario,Median hourly wage rate,Full-time employees,"Total employees, all industries",Total - Gender,15 years and over,Current dollars,25.0
2016,Ontario,Median hourly wage rate,Full-time employees,Goods-producing sector,Total - Gender,15 years and over,Current dollars,24.52
2016,Ontario,Median hourly wage rate,Full-time employees,"Agriculture [111-112, 1100, 1151-1152]",Total - Gender,15 years and over,Current dollars,15.0
2016,Ontario,Median hourly wage rate,Full-time employees,"Forestry, fishing, mining, quarrying, oil and gas [21, 113-114, 1153, 2100]",Total - Gender,15 years and over,Current dollars,32.5
2016,Ontario,Median hourly wage rate,Full-time employees,Utilities [22],Total - Gender,15 years and over,Current dollars,40.0
2016,Ontario,Median hourly wage rate,Full-time employees,Construction [23],Total - Gender,15 years and over,Current dollars,26.5
2016,Ontario,Median hourly wage rate,Full-time employees,Manufacturing [31-33],Total - Gender,15 years and over,Current dollars,22.88
2016,Ontario,Median hourly wage rate,Full-time employees,Services-producing sector,Total - Gender,15 years and over,Current dollars,25.0
2016,Ontario,Median hourly wage rate,Full-time employees,"Wholesale and retail trade [41, 44-45]",Total - Gender,15 years and over,Current dollars,19.23
2016,Ontario,Median hourly wage rate,Full-time employees,Transportation and warehousing [48-49],Total - Gender,15 years and over,Current dollars,22.5
2016,Ontario,Median hourly wage rate,Full-time employees,"Finance, insurance, real estate, rental and leasing [52-53]",Total - Gender,15 years and over,Current dollars,28.21
2016,Ontario,Median hourly wage rate,Full-time employees,"Professional, scientific and technical services [54]",Total - Gender,15 years and over,Current dollars,33.17
2016,Ontario,Median hourly wage rate,Full-time employees,"Business, building and other support services [55-56]",Total - Gender,15 years and over,Current dollars,15.07
2016,Ontario,Median hourly wage rate,Full-time employees,Educational services [61],Total - Gender,15 years and over,Current dollars,35.9
2016,Ontario,Median hourly wage rate,Full-time employees,Health care and social assistance [62],Total - Gender,15 years and over,Current dollars,25.62
2016,Ontario,Median hourly wage rate,Full-time employees,"Information, culture and recreation [51, 71]",Total - Gender,15 years and over,Current dollars,26.18
2016,Ontario,Median hourly wage rate,Full-time employees,Accommodation and food services [72],Total - Gender,15 years and over,Current dollars,13.0
2016,Ontario,Median hourly wage rate,Full-time employees,Other services (except public administration) [81],Total - Gender,15 years and over,Current dollars,19.48
2016,Ontario,Median hourly wage rate,Full-time employees,Public administration [91],Total - Gender,15 years and over,Current dollars,36.92
2016,Manitoba,Median hourly wage rate,Full-time employees,"Total employees, all industries",Total - Gender,15 years and over,Current dollars,22.0
2016,Manitoba,Median hourly wage rate,Full-time employees,Goods-producing sector,Total - Gender,15 years and over,Current dollars,22.35
2016,Manitoba,Median hourly wage rate,Full-time employees,"Agriculture [111-112, 1100, 1151-1152]",Total - Gender,15 years and over,Current dollars,17.5
2016,Manitoba,Median hourly wage rate,Full-time employees,"Forestry, fishing, mining, quarrying, oil and gas [21, 113-114, 1153, 2100]",Total - Gender,15 years and over,Current dollars,33.5
2016,Manitoba,Median hourly wage rate,Full-time employees,Utilities [22],Total - Gender,15 years and over,Current dollars,37.46
2016,Manitoba,Median hourly wage rate,Full-time employees,Construction [23],Total - Gender,15 years and over,Current dollars,24.0
2016,Manitoba,Median hourly wage rate,Full-time employees,Manufacturing [31-33],Total - Gender,15 years and over,Current dollars,20.0
2016,Manitoba,Median hourly wage rate,Full-time employees,Services-producing sector,Total - Gender,15 years and over,Current dollars,21.74
2016,Manitoba,Median hourly wage rate,Full-time employees,"Wholesale and retail trade [41, 44-45]",Total - Gender,15 years and over,Current dollars,18.0
2016,Manitoba,Median hourly wage rate,Full-time employees,Transportation and warehousing [48-49],Total - Gender,15 years and over,Current dollars,23.08
2016,Manitoba,Median hourly wage rate,Full-time employees,"Finance, insurance, real estate, rental and leasing [52-53]",Total - Gender,15 years and over,Current dollars,24.04
2016,Manitoba,Median hourly wage rate,Full-time employees,"Professional, scientific and technical services [54]",Total - Gender,15 years and over,Current dollars,25.0
2016,Manitoba,Median hourly wage rate,Full-time employees,"Business, building and other support services [55-56]",Total - Gender,15 years and over,Current dollars,15.0
2016,Manitoba,Median hourly wage rate,Full-time employees,Educational services [61],Total - Gender,15 years and over,Current dollars,30.22
2016,Manitoba,Median hourly wage rate,Full-time employees,Health care and social assistance [62],Total - Gender,15 years and over,Current dollars,21.0
2016,Manitoba,Median hourly wage rate,Full-time employees,"Information, culture and recreation [51, 71]",Total - Gender,15 years and over,Current dollars,21.5
2016,Manitoba,Median hourly wage rate,Full-time employees,Accommodation and food services [72],Total - Gender,15 years and over,Current dollars,13.0
2016,Manitoba,Median hourly wage rate,Full-time employees,Other services (except public administration) [81],Total - Gender,15 years and over,Current dollars,19.0
2016,Manitoba,Median hourly wage rate,Full-time employees,Public administration [91],Total - Gender,15 years and over,Current dollars,31.72
2016,Saskatchewan,Median hourly wage rate,Full-time employees,"Total employees, all industries",Total - Gender,15 years and over,Current dollars,25.96
2016,Saskatchewan,Median hourly wage rate,Full-time employees,Goods-producing sector,Total - Gender,15 years and over,Current dollars,30.0
2016,Saskatchewan,Median hourly wage rate,Full-time employees,"Agriculture [111-112, 1100, 1151-1152]",Total - Gender,15 years and over,Current dollars,20.0
2016,Saskatchewan,Median hourly wage rate,Full-time employees,"Forestry, fishing, mining, quarrying, oil and gas [21, 113-114, 1153, 2100]",Total - Gender,15 years and over,Current dollars,40.0
2016,Saskatchewan,Median hourly wage rate,Full-time employees,Utilities [22],Total - Gender,15 years and over,Current dollars,39.42
2016,Saskatchewan,Median hourly wage rate,Full-time employees,Construction [23],Total - Gender,15 years and over,Current dollars,28.0
2016,Saskatchewan,Median hourly wage rate,Full-time employees,Manufacturing [31-33],Total - Gender,15 years and over,Current dollars,25.99
2016,Saskatchewan,Median hourly wage rate,Full-time employees,Services-producing sector,Total - Gender,15 years and over,Current dollars,24.83
2016,Saskatchewan,Median hourly wage rate,Full-time employees,"Wholesale and retail trade [41, 44-45]",Total - Gender,15 years and over,Current dollars,20.0
2016,Saskatchewan,Median hourly wage rate,Full-time employees,Transportation and warehousing [48-49],Total - Gender,15 years and over,Current dollars,25.0
2016,Saskatchewan,Median hourly wage rate,Full-time employees,"Finance, insurance, real estate, rental and leasing [52-53]",Total - Gender,15 years and over,Current dollars,26.92
2016,Saskatchewan,Median hourly wage rate,Full-time employees,"Professional, scientific and technical services [54]",Total - Gender,15 years and over,Current dollars,30.0
2016,Saskatchewan,Median hourly wage rate,Full-time employees,"Business, building and other support services [55-56]",Total - Gender,15 years and over,Current dollars,19.23
2016,Saskatchewan,Median hourly wage rate,Full-time employees,Educational services [61],Total - Gender,15 years and over,Current dollars,32.88
2016,Saskatchewan,Median hourly wage rate,Full-time employees,Health care and social assistance [62],Total - Gender,15 years and over,Current dollars,25.5
2016,Saskatchewan,Median hourly wage rate,Full-time employees,"Information, culture and recreation [51, 71]",Total - Gender,15 years and over,Current dollars,26.0
2016,Saskatchewan,Median hourly wage rate,Full-time employees,Accommodation and food services [72],Total - Gender,15 years and over,Current dollars,13.5
2016,Saskatchewan,Median hourly wage rate,Full-time employees,Other services (except public administration) [81],Total - Gender,15 years and over,Current dollars,21.37
2016,Saskatchewan,Median hourly wage rate,Full-time employees,Public administration [91],Total - Gender,15 years and over,Current dollars,32.97
2016,Alberta,Median hourly wage rate,Full-time employees,"Total employees, all industries",Total - Gender,15 years and over,Current dollars,28.62
2016,Alberta,Median hourly wage rate,Full-time employees,Goods-producing sector,Total - Gender,15 years and over,Current dollars,33.0
2016,Alberta,Median hourly wage rate,Full-time employees,"Agriculture [111-112, 1100, 1151-1152]",Total - Gender,15 years and over,Current dollars,19.62
2016,Alberta,Median hourly wage rate,Full-time employees,"Forestry, fishing, mining, quarrying, oil and gas [21, 113-114, 1153, 2100]",Total - Gender,15 years and over,Current dollars,42.79
2016,Alberta,Median hourly wage rate,Full-time employees,Utilities [22],Total - Gender,15 years and over,Current dollars,42.31
2016,Alberta,Median hourly wage rate,Full-time employees,Construction [23],Total - Gender,15 years and over,Current dollars,31.0
2016,Alberta,Median hourly wage rate,Full-time employees,Manufacturing [31-33],Total - Gender,15 years and over,Current dollars,28.0
2016,Alberta,Median hourly wage rate,Full-time employees,Services-producing sector,Total - Gender,15 years and over,Current dollars,26.67
2016,Alberta,Median hourly wage rate,Full-time employees,"Wholesale and retail trade [41, 44-45]",Total - Gender,15 years and over,Current dollars,21.0
2016,Alberta,Median hourly wage rate,Full-time employees,Transportation and warehousing [48-49],Total - Gender,15 years and over,Current dollars,27.0
2016,Alberta,Median hourly wage rate,Full-time employees,"Finance, insurance, real estate, rental and leasing [52-53]",Total - Gender,15 years and over,Current dollars,27.24
2016,Alberta,Median hourly wage rate,Full-time employees,"Professional, scientific and technical services [54]",Total - Gender,15 years and over,Current dollars,34.97
2016,Alberta,Median hourly wage rate,Full-time employees,"Business, building and other support services [55-56]",Total - Gender,15 years and over,Current dollars,22.95
2016,Alberta,Median hourly wage rate,Full-time employees,Educational services [61],Total - Gender,15 years and over,Current dollars,36.38
2016,Alberta,Median hourly wage rate,Full-time employees,Health care and social assistance [62],Total - Gender,15 years and over,Current dollars,28.0
2016,Alberta,Median hourly wage rate,Full-time employees,"Information, culture and recreation [51, 71]",Total - Gender,15 years and over,Current dollars,24.89
2016,Alberta,Median hourly wage rate,Full-time employees,Accommodation and food services [72],Total - Gender,15 years and over,Current dollars,15.0
2016,Alberta,Median hourly wage rate,Full-time employees,Other services (except public administration) [81],Total - Gender,15 years and over,Current dollars,23.56
2016,Alberta,Median hourly wage rate,Full-time employees,Public administration [91],Total - Gender,15 years and over,Current dollars,37.96
2016,British Columbia,Median hourly wage rate,Full-time employees,"Total employees, all industries",Total - Gender,15 years and over,Current dollars,25.0
2016,British Columbia,Median hourly wage rate,Full-time employees,Goods-producing sector,Total - Gender,15 years and over,Current dollars,27.69
2016,British Columbia,Median hourly wage rate,Full-time employees,"Agriculture [111-112, 1100, 1151-1152]",Total - Gender,15 years and over,Current dollars,15.0
2016,British Columbia,Median hourly wage rate,Full-time employees,"Forestry, fishing, mining, quarrying, oil and gas [21, 113-114, 1153, 2100]",Total - Gender,15 years and over,Current dollars,34.62
2016,British Columbia,Median hourly wage rate,Full-time employees,Utilities [22],Total - Gender,15 years and over,Current dollars,36.0
2016,British Columbia,Median hourly wage rate,Full-time employees,Construction [23],Total - Gender,15 years and over,Current dollars,27.0
2016,British Columbia,Median hourly wage rate,Full-time employees,Manufacturing [31-33],Total - Gender,15 years and over,Current dollars,25.0
2016,British Columbia,Median hourly wage rate,Full-time employees,Services-producing sector,Total - Gender,15 years and over,Current dollars,24.38
2016,British Columbia,Median hourly wage rate,Full-time employees,"Wholesale and retail trade [41, 44-45]",Total - Gender,15 years and over,Current dollars,20.0
2016,British Columbia,Median hourly wage rate,Full-time employees,Transportation and warehousing [48-49],Total - Gender,15 years and over,Current dollars,26.39
2016,British Columbia,Median hourly wage rate,Full-time employees,"Finance, insurance, real estate, rental and leasing [52-53]",Total - Gender,15 years and over,Current dollars,25.24
2016,British Columbia,Median hourly wage rate,Full-time employees,"Professional, scientific and technical services [54]",Total - Gender,15 years and over,Current dollars,30.0
2016,British Columbia,Median hourly wage rate,Full-time employees,"Business, building and other support services [55-56]",Total - Gender,15 years and over,Current dollars,17.0
2016,British Columbia,Median hourly wage rate,Full-time employees,Educational services [61],Total - Gender,15 years and over,Current dollars,29.81
2016,British Columbia,Median hourly wage rate,Full-time employees,Health care and social assistance [62],Total - Gender,15 years and over,Current dollars,24.0
2016,British Columbia,Median hourly wage rate,Full-time employees,"Information, culture and recreation [51, 71]",Total - Gender,15 years and over,Current dollars,24.85
2016,British Columbia,Median hourly wage rate,Full-time employees,Accommodation and food services [72],Total - Gender,15 years and over,Current dollars,15.0
2016,British Columbia,Median hourly wage rate,Full-time employees,Other services (except public administration) [81],Total - Gender,15 years and over,Current dollars,21.63
2016,British Columbia,Median hourly wage rate,Full-time employees,Public administration [91],Total - Gender,15 years and over,Current dollars,35.0
2017,Canada,Median hourly wage rate,Full-time employees,"Total employees, all industries",Total - Gender,15 years and over,Current dollars,25.0
2017,Canada,Median hourly wage rate,Full-time employees,Goods-producing sector,Total - Gender,15 years and over,Current dollars,25.85
2017,Canada,Median hourly wage rate,Full-time employees,"Agriculture [111-112, 1100, 1151-1152]",Total - Gender,15 years and over,Current dollars,16.5
2017,Canada,Median hourly wage rate,Full-time employees,"Forestry, fishing, mining, quarrying, oil and gas [21, 113-114, 1153, 2100]",Total - Gender,15 years and over,Current dollars,38.0
2017,Canada,Median hourly wage rate,Full-time employees,Utilities [22],Total - Gender,15 years and over,Current dollars,40.96
2017,Canada,Median hourly wage rate,Full-time employees,Construction [23],Total - Gender,15 years and over,Current dollars,28.0
2017,Canada,Median hourly wage rate,Full-time employees,Manufacturing [31-33],Total - Gender,15 years and over,Current dollars,23.0
2017,Canada,Median hourly wage rate,Full-time employees,Services-producing sector,Total - Gender,15 years and over,Current dollars,24.75
2017,Canada,Median hourly wage rate,Full-time employees,"Wholesale and retail trade [41, 44-45]",Total - Gender,15 years and over,Current dollars,19.98
2017,Canada,Median hourly wage rate,Full-time employees,Transportation and warehousing [48-49],Total - Gender,15 years and over,Current dollars,25.0
2017,Canada,Median hourly wage rate,Full-time employees,"Finance, insurance, real estate, rental and leasing [52-53]",Total - Gender,15 years and over,Current dollars,27.88
2017,Canada,Median hourly wage rate,Full-time employees,"Professional, scientific and technical services [54]",Total - Gender,15 years and over,Current dollars,30.77
2017,Canada,Median hourly wage rate,Full-time employees,"Business, building and other support services [55-56]",Total - Gender,15 years and over,Current dollars,17.2
2017,Canada,Median hourly wage rate,Full-time employees,Educational services [61],Total - Gender,15 years and over,Current dollars,33.65
2017,Canada,Median hourly wage rate,Full-time employees,Health care and social assistance [62],Total - Gender,15 years and over,Current dollars,24.59
2017,Canada,Median hourly wage rate,Full-time employees,"Information, culture and recreation [51, 71]",Total - Gender,15 years and over,Current dollars,25.0
2017,Canada,Median hourly wage rate,Full-time employees,Accommodation and food services [72],Total - Gender,15 years and over,Current dollars,14.0
2017,Canada,Median hourly wage rate,Full-time employees,Other services (except public administration) [81],Total - Gender,15 years and over,Current dollars,20.0
2017,Canada,Median hourly wage rate,Full-time employees,Public administration [91],Total - Gender,15 years and over,Current dollars,34.87
2017,Newfoundland and Labrador,Median hourly wage rate,Full-time employees,"Total employees, all industries",Total - Gender,15 years and over,Current dollars,24.0
2017,Newfoundland and Labrador,Median hourly wage rate,Full-time employees,Goods-producing sector,Total - Gender,15 years and over,Current dollars,30.0
2017,Newfoundland and Labrador,Median hourly wage rate,Full-time employees,"Agriculture [111-112, 1100, 1151-1152]",Total - Gender,15 years and over,Current dollars,15.5
2017,Newfoundland and Labrador,Median hourly wage rate,Full-time employees,"Forestry, fishing, mining, quarrying, oil and gas [21, 113-114, 1153, 2100]",Total - Gender,15 years and over,Current dollars,35.0
2017,Newfoundland and Labrador,Median hourly wage rate,Full-time employees,Utilities [22],Total - Gender,15 years and over,Current dollars,41.0
2017,Newfoundland and Labrador,Median hourly wage rate,Full-time employees,Construction [23],Total - Gender,15 years and over,Current dollars,30.0
2017,Newfoundland and Labrador,Median hourly wage rate,Full-time employees,Manufacturing [31-33],Total - Gender,15 years and over,Current dollars,23.0
2017,Newfoundland and Labrador,Median hourly wage rate,Full-time employees,Services-producing sector,Total - Gender,15 years and over,Current dollars,22.5
2017,Newfoundland and Labrador,Median hourly wage rate,Full-time employees,"Wholesale and retail trade [41, 44-45]",Total - Gender,15 years and over,Current dollars,15.0
2017,Newfoundland and Labrador,Median hourly wage rate,Full-time employees,Transportation and warehousing [48-49],Total - Gender,15 years and over,Current dollars,23.43
2017,Newfoundland and Labrador,Median hourly wage rate,Full-time employees,"Finance, insurance, real estate, rental and leasing [52-53]",Total - Gender,15 years and over,Current dollars,24.25
2017,Newfoundland and Labrador,Median hourly wage rate,Full-time employees,"Professional, scientific and technical services [54]",Total - Gender,15 years and over,Current dollars,28.16
2017,Newfoundland and Labrador,Median hourly wage rate,Full-time employees,"Business, building and other support services [55-56]",Total - Gender,15 years and over,Current dollars,19.0
2017,Newfoundland and Labrador,Median hourly wage rate,Full-time employees,Educational services [61],Total - Gender,15 years and over,Current dollars,36.63
2017,Newfoundland and Labrador,Median hourly wage rate,Full-time employees,Health care and social assistance [62],Total - Gender,15 years and over,Current dollars,24.06
2017,Newfoundland and Labrador,Median hourly wage rate,Full-time employees,"Information, culture and recreation [51, 71]",Total - Gender,15 years and over,Current dollars,26.0
2017,Newfoundland and Labrador,Median hourly wage rate,Full-time employees,Accommodation and food services [72],Total - Gender,15 years and over,Current dollars,13.0
2017,Newfoundland and Labrador,Median hourly wage rate,Full-time employees,Other services (except public administration) [81],Total - Gender,15 years and over,Current dollars,17.5
2017,Newfoundland and Labrador,Median hourly wage rate,Full-time employees,Public administration [91],Total - Gender,15 years and over,Current dollars,28.82
2017,Prince Edward Island,Median hourly wage rate,Full-time employees,"Total employees, all industries",Total - Gender,15 years and over,Current dollars,20.43
2017,Prince Edward Island,Median hourly wage rate,Full-time employees,Goods-producing sector,Total - Gender,15 years and over,Current dollars,18.79
2017,Prince Edward Island,Median hourly wage rate,Full-time employees,"Agriculture [111-112, 1100, 1151-1152]",Total - Gender,15 years and over,Current dollars,15.0
2017,Prince Edward Island,Median hourly wage rate,Full-time employees,"Forestry, fishing, mining, quarrying, oil and gas [21, 113-114, 1153, 2100]",Total - Gender,15 years and over,Current dollars,20.51
2017,Prince Edward Island,Median hourly wage rate,Full-time employees,Utilities [22],Total - Gender,15 years and over,Current dollars,28.64
2017,Prince Edward Island,Median hourly wage rate,Full-time employees,Construction [23],Total - Gender,15 years and over,Current dollars,20.0
2017,Prince Edward Island,Median hourly wage rate,Full-time employees,Manufacturing [31-33],Total - Gender,15 years and over,Current dollars,19.0
2017,Prince Edward Island,Median hourly wage rate,Full-time employees,Services-producing sector,Total - Gender,15 years and over,Current dollars,21.5
2017,Prince Edward Island,Median hourly wage rate,Full-time employees,"Wholesale and retail trade [41, 44-45]",Total - Gender,15 years and over,Current dollars,15.37
2017,Prince Edward Island,Median hourly wage rate,Full-time employees,Transportation and warehousing [48-49],Total - Gender,15 years and over,Current dollars,19.0
2017,Prince Edward Island,Median hourly wage rate,Full-time employees,"Finance, insurance, real estate, rental and leasing [52-53]",Total - Gender,15 years and over,Current dollars,23.08
2017,Prince Edward Island,Median hourly wage rate,Full-time employees,"Professional, scientific and technical services [54]",Total - Gender,15 years and over,Current dollars,24.04
2017,Prince Edward Island,Median hourly wage rate,Full-time employees,"Business, building and other support services [55-56]",Total - Gender,15 years and over,Current dollars,12.81
2017,Prince Edward Island,Median hourly wage rate,Full-time employees,Educational services [61],Total - Gender,15 years and over,Current dollars,31.79
2017,Prince Edward Island,Median hourly wage rate,Full-time employees,Health care and social assistance [62],Total - Gender,15 years and over,Current dollars,22.37
2017,Prince Edward Island,Median hourly wage rate,Full-time employees,"Information, culture and recreation [51, 71]",Total - Gender,15 years and over,Current dollars,19.62
2017,Prince Edward Island,Median hourly wage rate,Full-time employees,Accommodation and food services [72],Total - Gender,15 years and over,Current dollars,13.0
2017,Prince Edward Island,Median hourly wage rate,Full-time employees,Other services (except public administration) [81],Total - Gender,15 years and over,Current dollars,16.0
2017,Prince Edward Island,Median hourly wage rate,Full-time employees,Public administration [91],Total - Gender,15 years and over,Current dollars,29.5
2017,Nova Scotia,Median hourly wage rate,Full-time employees,"Total employees, all industries",Total - Gender,15 years and over,Current dollars,21.63
2017,Nova Scotia,Median hourly wage rate,Full-time employees,Goods-producing sector,Total - Gender,15 years and over,Current dollars,22.5
2017,Nova Scotia,Median hourly wage rate,Full-time employees,"Agriculture [111-112, 1100, 1151-1152]",Total - Gender,15 years and over,Current dollars,15.0
2017,Nova Scotia,Median hourly wage rate,Full-time employees,"Forestry, fishing, mining, quarrying, oil and gas [21, 113-114, 1153, 2100]",Total - Gender,15 years and over,Current dollars,24.5
2017,Nova Scotia,Median hourly wage rate,Full-time employees,Utilities [22],Total - Gender,15 years and over,Current dollars,37.02
2017,Nova Scotia,Median hourly wage rate,Full-time employees,Construction [23],Total - Gender,15 years and over,Current dollars,22.5
2017,Nova Scotia,Median hourly wage rate,Full-time employees,Manufacturing [31-33],Total - Gender,15 years and over,Current dollars,21.0
2017,Nova Scotia,Median hourly wage rate,Full-time employees,Services-producing sector,Total - Gender,15 years and over,Current dollars,21.5
2017,Nova Scotia,Median hourly wage rate,Full-time employees,"Wholesale and retail trade [41, 44-45]",Total - Gender,15 years and over,Current dollars,16.0
2017,Nova Scotia,Median hourly wage rate,Full-time employees,Transportation and warehousing [48-49],Total - Gender,15 years and over,Current dollars,22.85
2017,Nova Scotia,Median hourly wage rate,Full-time employees,"Finance, insurance, real estate, rental and leasing [52-53]",Total - Gender,15 years and over,Current dollars,23.31
2017,Nova Scotia,Median hourly wage rate,Full-time employees,"Professional, scientific and technical services [54]",Total - Gender,15 years and over,Current dollars,26.44
2017,Nova Scotia,Median hourly wage rate,Full-time employees,"Business, building and other support services [55-56]",Total - Gender,15 years and over,Current dollars,14.42
2017,Nova Scotia,Median hourly wage rate,Full-time employees,Educational services [61],Total - Gender,15 years and over,Current dollars,32.0
2017,Nova Scotia,Median hourly wage rate,Full-time employees,Health care and social assistance [62],Total - Gender,15 years and over,Current dollars,22.0
2017,Nova Scotia,Median hourly wage rate,Full-time employees,"Information, culture and recreation [51, 71]",Total - Gender,15 years and over,Current dollars,20.19
2017,Nova Scotia,Median hourly wage rate,Full-time employees,Accommodation and food services [72],Total - Gender,15 years and over,Current dollars,13.0
2017,Nova Scotia,Median hourly wage rate,Full-time employees,Other services (except public administration) [81],Total - Gender,15 years and over,Current dollars,18.77
2017,Nova Scotia,Median hourly wage rate,Full-time employees,Public administration [91],Total - Gender,15 years and over,Current dollars,33.0
2017,New Brunswick,Median hourly wage rate,Full-time employees,"Total employees, all industries",Total - Gender,15 years and over,Current dollars,20.71
2017,New Brunswick,Median hourly wage rate,Full-time employees,Goods-producing sector,Total - Gender,15 years and over,Current dollars,21.0
2017,New Brunswick,Median hourly wage rate,Full-time employees,"Agriculture [111-112, 1100, 1151-1152]",Total - Gender,15 years and over,Current dollars,16.0
2017,New Brunswick,Median hourly wage rate,Full-time employees,"Forestry, fishing, mining, quarrying, oil and gas [21, 113-114, 1153, 2100]",Total - Gender,15 years and over,Current dollars,24.04
2017,New Brunswick,Median hourly wage rate,Full-time employees,Utilities [22],Total - Gender,15 years and over,Current dollars,37.0
2017,New Brunswick,Median hourly wage rate,Full-time employees,Construction [23],Total - Gender,15 years and over,Current dollars,21.25
2017,New Brunswick,Median hourly wage rate,Full-time employees,Manufacturing [31-33],Total - Gender,15 years and over,Current dollars,20.1
2017,New Brunswick,Median hourly wage rate,Full-time employees,Services-producing sector,Total - Gender,15 years and over,Current dollars,20.51
2017,New Brunswick,Median hourly wage rate,Full-time employees,"Wholesale and retail trade [41, 44-45]",Total - Gender,15 years and over,Current dollars,16.5
2017,New Brunswick,Median hourly wage rate,Full-time employees,Transportation and warehousing [48-49],Total - Gender,15 years and over,Current dollars,19.0
2017,New Brunswick,Median hourly wage rate,Full-time employees,"Finance, insurance, real estate, rental and leasing [52-53]",Total - Gender,15 years and over,Current dollars,23.0
2017,New Brunswick,Median hourly wage rate,Full-time employees,"Professional, scientific and technical services [54]",Total - Gender,15 years and over,Current dollars,24.04
2017,New Brunswick,Median hourly wage rate,Full-time employees,"Business, building and other support services [55-56]",Total - Gender,15 years and over,Current dollars,15.0
2017,New Brunswick,Median hourly wage rate,Full-time employees,Educational services [61],Total - Gender,15 years and over,Current dollars,29.0
2017,New Brunswick,Median hourly wage rate,Full-time employees,Health care and social assistance [62],Total - Gender,15 years and over,Current dollars,21.54
2017,New Brunswick,Median hourly wage rate,Full-time employees,"Information, culture and recreation [51, 71]",Total - Gender,15 years and over,Current dollars,21.54
2017,New Brunswick,Median hourly wage rate,Full-time employees,Accommodation and food services [72],Total - Gender,15 years and over,Current dollars,12.7
2017,New Brunswick,Median hourly wage rate,Full-time employees,Other services (except public administration) [81],Total - Gender,15 years and over,Current dollars,18.7
2017,New Brunswick,Median hourly wage rate,Full-time employees,Public administration [91],Total - Gender,15 years and over,Current dollars,29.5
2017,Quebec,Median hourly wage rate,Full-time employees,"Total employees, all industries",Total - Gender,15 years and over,Current dollars,24.0
2017,Quebec,Median hourly wage rate,Full-time employees,Goods-producing sector,Total - Gender,15 years and over,Current dollars,24.38
2017,Quebec,Median hourly wage rate,Full-time employees,"Agriculture [111-112, 1100, 1151-1152]",Total - Gender,15 years and over,Current dollars,15.1
2017,Quebec,Median hourly wage rate,Full-time employees,"Forestry, fishing, mining, quarrying, oil and gas [21, 113-114, 1153, 2100]",Total - Gender,15 years and over,Current dollars,31.0
2017,Quebec,Median hourly wage rate,Full-time employees,Utilities [22],Total - Gender,15 years and over,Current dollars,39.0
2017,Quebec,Median hourly wage rate,Full-time employees,Construction [23],Total - Gender,15 years and over,Current dollars,30.0
2017,Quebec,Median hourly wage rate,Full-time employees,Manufacturing [31-33],Total - Gender,15 years and over,Current dollars,22.0
2017,Quebec,Median hourly wage rate,Full-time employees,Services-producing sector,Total - Gender,15 years and over,Current dollars,24.0
2017,Quebec,Median hourly wage rate,Full-time employees,"Wholesale and retail trade [41, 44-45]",Total - Gender,15 years and over,Current dollars,18.75
2017,Quebec,Median hourly wage rate,Full-time employees,Transportation and warehousing [48-49],Total - Gender,15 years and over,Current dollars,22.0
2017,Quebec,Median hourly wage rate,Full-time employees,"Finance, insurance, real estate, rental and leasing [52-53]",Total - Gender,15 years and over,Current dollars,28.0
2017,Quebec,Median hourly wage rate,Full-time employees,"Professional, scientific and technical services [54]",Total - Gender,15 years and over,Current dollars,28.72
2017,Quebec,Median hourly wage rate,Full-time employees,"Business, building and other support services [55-56]",Total - Gender,15 years and over,Current dollars,17.49
2017,Quebec,Median hourly wage rate,Full-time employees,Educational services [61],Total - Gender,15 years and over,Current dollars,34.86
2017,Quebec,Median hourly wage rate,Full-time employees,Health care and social assistance [62],Total - Gender,15 years and over,Current dollars,23.0
2017,Quebec,Median hourly wage rate,Full-time employees,"Information, culture and recreation [51, 71]",Total - Gender,15 years and over,Current dollars,27.0
2017,Quebec,Median hourly wage rate,Full-time employees,Accommodation and food services [72],Total - Gender,15 years and over,Current dollars,15.0
2017,Quebec,Median hourly wage rate,Full-time employees,Other services (except public administration) [81],Total - Gender,15 years and over,Current dollars,20.0
2017,Quebec,Median hourly wage rate,Full-time employees,Public administration [91],Total - Gender,15 years and over,Current dollars,32.0
2017,Ontario,Median hourly wage rate,Full-time employees,"Total employees, all industries",Total - Gender,15 years and over,Current dollars,25.0
2017,Ontario,Median hourly wage rate,Full-time employees,Goods-producing sector,Total - Gender,15 years and over,Current dollars,24.04
2017,Ontario,Median hourly wage rate,Full-time employees,"Agriculture [111-112, 1100, 1151-1152]",Total - Gender,15 years and over,Current dollars,15.0
2017,Ontario,Median hourly wage rate,Full-time employees,"Forestry, fishing, mining, quarrying, oil and gas [21, 113-114, 1153, 2100]",Total - Gender,15 years and over,Current dollars,32.0
2017,Ontario,Median hourly wage rate,Full-time employees,Utilities [22],Total - Gender,15 years and over,Current dollars,42.92
2017,Ontario,Median hourly wage rate,Full-time employees,Construction [23],Total - Gender,15 years and over,Current dollars,26.44
2017,Ontario,Median hourly wage rate,Full-time employees,Manufacturing [31-33],Total - Gender,15 years and over,Current dollars,22.61
2017,Ontario,Median hourly wage rate,Full-time employees,Services-producing sector,Total - Gender,15 years and over,Current dollars,25.0
2017,Ontario,Median hourly wage rate,Full-time employees,"Wholesale and retail trade [41, 44-45]",Total - Gender,15 years and over,Current dollars,20.0
2017,Ontario,Median hourly wage rate,Full-time employees,Transportation and warehousing [48-49],Total - Gender,15 years and over,Current dollars,23.08
2017,Ontario,Median hourly wage rate,Full-time employees,"Finance, insurance, real estate, rental and leasing [52-53]",Total - Gender,15 years and over,Current dollars,28.85
2017,Ontario,Median hourly wage rate,Full-time employees,"Professional, scientific and technical services [54]",Total - Gender,15 years and over,Current dollars,32.14
2017,Ontario,Median hourly wage rate,Full-time employees,"Business, building and other support services [55-56]",Total - Gender,15 years and over,Current dollars,16.0
2017,Ontario,Median hourly wage rate,Full-time employees,Educational services [61],Total - Gender,15 years and over,Current dollars,34.62
2017,Ontario,Median hourly wage rate,Full-time employees,Health care and social assistance [62],Total - Gender,15 years and over,Current dollars,25.0
2017,Ontario,Median hourly wage rate,Full-time employees,"Information, culture and recreation [51, 71]",Total - Gender,15 years and over,Current dollars,25.07
2017,Ontario,Median hourly wage rate,Full-time employees,Accommodation and food services [72],Total - Gender,15 years and over,Current dollars,13.5
2017,Ontario,Median hourly wage rate,Full-time employees,Other services (except public administration) [81],Total - Gender,15 years and over,Current dollars,20.0
2017,Ontario,Median hourly wage rate,Full-time employees,Public administration [91],Total - Gender,15 years and over,Current dollars,37.36
2017,Manitoba,Median hourly wage rate,Full-time employees,"Total employees, all industries",Total - Gender,15 years and over,Current dollars,22.96
2017,Manitoba,Median hourly wage rate,Full-time employees,Goods-producing sector,Total - Gender,15 years and over,Current dollars,23.67
2017,Manitoba,Median hourly wage rate,Full-time employees,"Agriculture [111-112, 1100, 1151-1152]",Total - Gender,15 years and over,Current dollars,18.0
2017,Manitoba,Median hourly wage rate,Full-time employees,"Forestry, fishing, mining, quarrying, oil and gas [21, 113-114, 1153, 2100]",Total - Gender,15 years and over,Current dollars,34.0
2017,Manitoba,Median hourly wage rate,Full-time employees,Utilities [22],Total - Gender,15 years and over,Current dollars,38.0
2017,Manitoba,Median hourly wage rate,Full-time employees,Construction [23],Total - Gender,15 years and over,Current dollars,26.0
2017,Manitoba,Median hourly wage rate,Full-time employees,Manufacturing [31-33],Total - Gender,15 years and over,Current dollars,20.75
2017,Manitoba,Median hourly wage rate,Full-time employees,Services-producing sector,Total - Gender,15 years and over,Current dollars,22.31
2017,Manitoba,Median hourly wage rate,Full-time employees,"Wholesale and retail trade [41, 44-45]",Total - Gender,15 years and over,Current dollars,19.23
2017,Manitoba,Median hourly wage rate,Full-time employees,Transportation and warehousing [48-49],Total - Gender,15 years and over,Current dollars,24.0
2017,Manitoba,Median hourly wage rate,Full-time employees,"Finance, insurance, real estate, rental and leasing [52-53]",Total - Gender,15 years and over,Current dollars,24.36
2017,Manitoba,Median hourly wage rate,Full-time employees,"Professional, scientific and technical services [54]",Total - Gender,15 years and over,Current dollars,25.89
2017,Manitoba,Median hourly wage rate,Full-time employees,"Business, building and other support services [55-56]",Total - Gender,15 years and over,Current dollars,15.63
2017,Manitoba,Median hourly wage rate,Full-time employees,Educational services [61],Total - Gender,15 years and over,Current dollars,30.77
2017,Manitoba,Median hourly wage rate,Full-time employees,Health care and social assistance [62],Total - Gender,15 years and over,Current dollars,21.17
2017,Manitoba,Median hourly wage rate,Full-time employees,"Information, culture and recreation [51, 71]",Total - Gender,15 years and over,Current dollars,21.63
2017,Manitoba,Median hourly wage rate,Full-time employees,Accommodation and food services [72],Total - Gender,15 years and over,Current dollars,13.5
2017,Manitoba,Median hourly wage rate,Full-time employees,Other services (except public administration) [81],Total - Gender,15 years and over,Current dollars,20.0
2017,Manitoba,Median hourly wage rate,Full-time employees,Public administration [91],Total - Gender,15 years and over,Current dollars,32.0
2017,Saskatchewan,Median hourly wage rate,Full-time employees,"Total employees, all industries",Total - Gender,15 years and over,Current dollars,26.0
2017,Saskatchewan,Median hourly wage rate,Full-time employees,Goods-producing sector,Total - Gender,15 years and over,Current dollars,29.17
2017,Saskatchewan,Median hourly wage rate,Full-time employees,"Agriculture [111-112, 1100, 1151-1152]",Total - Gender,15 years and over,Current dollars,20.0
2017,Saskatchewan,Median hourly wage rate,Full-time employees,"Forestry, fishing, mining, quarrying, oil and gas [21, 113-114, 1153, 2100]",Total - Gender,15 years and over,Current dollars,40.0
2017,Saskatchewan,Median hourly wage rate,Full-time employees,Utilities [22],Total - Gender,15 years and over,Current dollars,35.9
2017,Saskatchewan,Median hourly wage rate,Full-time employees,Construction [23],Total - Gender,15 years and over,Current dollars,27.23
2017,Saskatchewan,Median hourly wage rate,Full-time employees,Manufacturing [31-33],Total - Gender,15 years and over,Current dollars,26.25
2017,Saskatchewan,Median hourly wage rate,Full-time employees,Services-producing sector,Total - Gender,15 years and over,Current dollars,25.0
2017,Saskatchewan,Median hourly wage rate,Full-time employees,"Wholesale and retail trade [41, 44-45]",Total - Gender,15 years and over,Current dollars,20.41
2017,Saskatchewan,Median hourly wage rate,Full-time employees,Transportation and warehousing [48-49],Total - Gender,15 years and over,Current dollars,25.95
2017,Saskatchewan,Median hourly wage rate,Full-time employees,"Finance, insurance, real estate, rental and leasing [52-53]",Total - Gender,15 years and over,Current dollars,26.0
2017,Saskatchewan,Median hourly wage rate,Full-time employees,"Professional, scientific and technical services [54]",Total - Gender,15 years and over,Current dollars,29.42
2017,Saskatchewan,Median hourly wage rate,Full-time employees,"Business, building and other support services [55-56]",Total - Gender,15 years and over,Current dollars,19.0
2017,Saskatchewan,Median hourly wage rate,Full-time employees,Educational services [61],Total - Gender,15 years and over,Current dollars,32.31
2017,Saskatchewan,Median hourly wage rate,Full-time employees,Health care and social assistance [62],Total - Gender,15 years and over,Current dollars,26.0
2017,Saskatchewan,Median hourly wage rate,Full-time employees,"Information, culture and recreation [51, 71]",Total - Gender,15 years and over,Current dollars,27.18
2017,Saskatchewan,Median hourly wage rate,Full-time employees,Accommodation and food services [72],Total - Gender,15 years and over,Current dollars,14.0
2017,Saskatchewan,Median hourly wage rate,Full-time employees,Other services (except public administration) [81],Total - Gender,15 years and over,Current dollars,22.12
2017,Saskatchewan,Median hourly wage rate,Full-time employees,Public administration [91],Total - Gender,15 years and over,Current dollars,33.85
2017,Alberta,Median hourly wage rate,Full-time employees,"Total employees, all industries",Total - Gender,15 years and over,Current dollars,28.85
2017,Alberta,Median hourly wage rate,Full-time employees,Goods-producing sector,Total - Gender,15 years and over,Current dollars,33.77
2017,Alberta,Median hourly wage rate,Full-time employees,"Agriculture [111-112, 1100, 1151-1152]",Total - Gender,15 years and over,Current dollars,20.0
2017,Alberta,Median hourly wage rate,Full-time employees,"Forestry, fishing, mining, quarrying, oil and gas [21, 113-114, 1153, 2100]",Total - Gender,15 years and over,Current dollars,44.47
2017,Alberta,Median hourly wage rate,Full-time employees,Utilities [22],Total - Gender,15 years and over,Current dollars,49.0
2017,Alberta,Median hourly wage rate,Full-time employees,Construction [23],Total - Gender,15 years and over,Current dollars,32.0
2017,Alberta,Median hourly wage rate,Full-time employees,Manufacturing [31-33],Total - Gender,15 years and over,Current dollars,28.85
2017,Alberta,Median hourly wage rate,Full-time employees,Services-producing sector,Total - Gender,15 years and over,Current dollars,27.0
2017,Alberta,Median hourly wage rate,Full-time employees,"Wholesale and retail trade [41, 44-45]",Total - Gender,15 years and over,Current dollars,22.5
2017,Alberta,Median hourly wage rate,Full-time employees,Transportation and warehousing [48-49],Total - Gender,15 years and over,Current dollars,28.0
2017,Alberta,Median hourly wage rate,Full-time employees,"Finance, insurance, real estate, rental and leasing [52-53]",Total - Gender,15 years and over,Current dollars,28.0
2017,Alberta,Median hourly wage rate,Full-time employees,"Professional, scientific and technical services [54]",Total - Gender,15 years and over,Current dollars,33.65
2017,Alberta,Median hourly wage rate,Full-time employees,"Business, building and other support services [55-56]",Total - Gender,15 years and over,Current dollars,21.0
2017,Alberta,Median hourly wage rate,Full-time employees,Educational services [61],Total - Gender,15 years and over,Current dollars,36.28
2017,Alberta,Median hourly wage rate,Full-time employees,Health care and social assistance [62],Total - Gender,15 years and over,Current dollars,29.0
2017,Alberta,Median hourly wage rate,Full-time employees,"Information, culture and recreation [51, 71]",Total - Gender,15 years and over,Current dollars,25.0
2017,Alberta,Median hourly wage rate,Full-time employees,Accommodation and food services [72],Total - Gender,15 years and over,Current dollars,15.0
2017,Alberta,Median hourly wage rate,Full-time employees,Other services (except public administration) [81],Total - Gender,15 years and over,Current dollars,23.08
2017,Alberta,Median hourly wage rate,Full-time employees,Public administration [91],Total - Gender,15 years and over,Current dollars,40.0
2017,British Columbia,Median hourly wage rate,Full-time employees,"Total employees, all industries",Total - Gender,15 years and over,Current dollars,25.0
2017,British Columbia,Median hourly wage rate,Full-time employees,Goods-producing sector,Total - Gender,15 years and over,Current dollars,28.0
2017,British Columbia,Median hourly wage rate,Full-time employees,"Agriculture [111-112, 1100, 1151-1152]",Total - Gender,15 years and over,Current dollars,16.73
2017,British Columbia,Median hourly wage rate,Full-time employees,"Forestry, fishing, mining, quarrying, oil and gas [21, 113-114, 1153, 2100]",Total - Gender,15 years and over,Current dollars,37.0
2017,British Columbia,Median hourly wage rate,Full-time employees,Utilities [22],Total - Gender,15 years and over,Current dollars,36.0
2017,British Columbia,Median hourly wage rate,Full-time employees,Construction [23],Total - Gender,15 years and over,Current dollars,27.6
2017,British Columbia,Median hourly wage rate,Full-time employees,Manufacturing [31-33],Total - Gender,15 years and over,Current dollars,25.0
2017,British Columbia,Median hourly wage rate,Full-time employees,Services-producing sector,Total - Gender,15 years and over,Current dollars,25.0
2017,British Columbia,Median hourly wage rate,Full-time employees,"Wholesale and retail trade [41, 44-45]",Total - Gender,15 years and over,Current dollars,20.0
2017,British Columbia,Median hourly wage rate,Full-time employees,Transportation and warehousing [48-49],Total - Gender,15 years and over,Current dollars,27.0
2017,British Columbia,Median hourly wage rate,Full-time employees,"Finance, insurance, real estate, rental and leasing [52-53]",Total - Gender,15 years and over,Current dollars,26.44
2017,British Columbia,Median hourly wage rate,Full-time employees,"Professional, scientific and technical services [54]",Total - Gender,15 years and over,Current dollars,30.29
2017,British Columbia,Median hourly wage rate,Full-time employees,"Business, building and other support services [55-56]",Total - Gender,15 years and over,Current dollars,20.0
2017,British Columbia,Median hourly wage rate,Full-time employees,Educational services [61],Total - Gender,15 years and over,Current dollars,30.38
2017,British Columbia,Median hourly wage rate,Full-time employees,Health care and social assistance [62],Total - Gender,15 years and over,Current dollars,24.04
2017,British Columbia,Median hourly wage rate,Full-time employees,"Information, culture and recreation [51, 71]",Total - Gender,15 years and over,Current dollars,25.24
2017,British Columbia,Median hourly wage rate,Full-time employees,Accommodation and food services [72],Total - Gender,15 years and over,Current dollars,15.0
2017,British Columbia,Median hourly wage rate,Full-time employees,Other services (except public administration) [81],Total - Gender,15 years and over,Current dollars,20.0
2017,British Columbia,Median hourly wage rate,Full-time employees,Public administration [91],Total - Gender,15 years and over,Current dollars,32.09
2018,Canada,Median hourly wage rate,Full-time employees,"Total employees, all industries",Total - Gender,15 years and over,Current dollars,25.0
2018,Canada,Median hourly wage rate,Full-time employees,Goods-producing sector,Total - Gender,15 years and over,Current dollars,26.0
2018,Canada,Median hourly wage rate,Full-time employees,"Agriculture [111-112, 1100, 1151-1152]",Total - Gender,15 years and over,Current dollars,17.75
2018,Canada,Median hourly wage rate,Full-time employees,"Forestry, fishing, mining, quarrying, oil and gas [21, 113-114, 1153, 2100]",Total - Gender,15 years and over,Current dollars,38.0
2018,Canada,Median hourly wage rate,Full-time employees,Utilities [22],Total - Gender,15 years and over,Current dollars,42.31
2018,Canada,Median hourly wage rate,Full-time employees,Construction [23],Total - Gender,15 years and over,Current dollars,28.0
2018,Canada,Median hourly wage rate,Full-time employees,Manufacturing [31-33],Total - Gender,15 years and over,Current dollars,23.5
2018,Canada,Median hourly wage rate,Full-time employees,Services-producing sector,Total - Gender,15 years and over,Current dollars,25.0
2018,Canada,Median hourly wage rate,Full-time employees,"Wholesale and retail trade [41, 44-45]",Total - Gender,15 years and over,Current dollars,19.85
2018,Canada,Median hourly wage rate,Full-time employees,Transportation and warehousing [48-49],Total - Gender,15 years and over,Current dollars,25.0
2018,Canada,Median hourly wage rate,Full-time employees,"Finance, insurance, real estate, rental and leasing [52-53]",Total - Gender,15 years and over,Current dollars,29.12
2018,Canada,Median hourly wage rate,Full-time employees,"Professional, scientific and technical services [54]",Total - Gender,15 years and over,Current dollars,31.25
2018,Canada,Median hourly wage rate,Full-time employees,"Business, building and other support services [55-56]",Total - Gender,15 years and over,Current dollars,18.07
2018,Canada,Median hourly wage rate,Full-time employees,Educational services [61],Total - Gender,15 years and over,Current dollars,34.07
2018,Canada,Median hourly wage rate,Full-time employees,Health care and social assistance [62],Total - Gender,15 years and over,Current dollars,24.8
2018,Canada,Median hourly wage rate,Full-time employees,"Information, culture and recreation [51, 71]",Total - Gender,15 years and over,Current dollars,26.0
2018,Canada,Median hourly wage rate,Full-time employees,Accommodation and food services [72],Total - Gender,15 years and over,Current dollars,15.0
2018,Canada,Median hourly wage rate,Full-time employees,Other services (except public administration) [81],Total - Gender,15 years and over,Current dollars,21.0
2018,Canada,Median hourly wage rate,Full-time employees,Public administration [91],Total - Gender,15 years and over,Current dollars,35.9
2018,Newfoundland and Labrador,Median hourly wage rate,Full-time employees,"Total employees, all industries",Total - Gender,15 years and over,Current dollars,24.5
2018,Newfoundland and Labrador,Median hourly wage rate,Full-time employees,Goods-producing sector,Total - Gender,15 years and over,Current dollars,28.45
2018,Newfoundland and Labrador,Median hourly wage rate,Full-time employees,"Agriculture [111-112, 1100, 1151-1152]",Total - Gender,15 years and over,Current dollars,17.0
2018,Newfoundland and Labrador,Median hourly wage rate,Full-time employees,"Forestry, fishing, mining, quarrying, oil and gas [21, 113-114, 1153, 2100]",Total - Gender,15 years and over,Current dollars,32.05
2018,Newfoundland and Labrador,Median hourly wage rate,Full-time employees,Utilities [22],Total - Gender,15 years and over,Current dollars,42.0
2018,Newfoundland and Labrador,Median hourly wage rate,Full-time employees,Construction [23],Total - Gender,15 years and over,Current dollars,27.0
2018,Newfoundland and Labrador,Median hourly wage rate,Full-time employees,Manufacturing [31-33],Total - Gender,15 years and over,Current dollars,20.11
2018,Newfoundland and Labrador,Median hourly wage rate,Full-time employees,Services-producing sector,Total - Gender,15 years and over,Current dollars,23.0
2018,Newfoundland and Labrador,Median hourly wage rate,Full-time employees,"Wholesale and retail trade [41, 44-45]",Total - Gender,15 years and over,Current dollars,16.0
2018,Newfoundland and Labrador,Median hourly wage rate,Full-time employees,Transportation and warehousing [48-49],Total - Gender,15 years and over,Current dollars,25.0
2018,Newfoundland and Labrador,Median hourly wage rate,Full-time employees,"Finance, insurance, real estate, rental and leasing [52-53]",Total - Gender,15 years and over,Current dollars,26.37
2018,Newfoundland and Labrador,Median hourly wage rate,Full-time employees,"Professional, scientific and technical services [54]",Total - Gender,15 years and over,Current dollars,30.0
2018,Newfoundland and Labrador,Median hourly wage rate,Full-time employees,"Business, building and other support services [55-56]",Total - Gender,15 years and over,Current dollars,21.0
2018,Newfoundland and Labrador,Median hourly wage rate,Full-time employees,Educational services [61],Total - Gender,15 years and over,Current dollars,36.0
2018,Newfoundland and Labrador,Median hourly wage rate,Full-time employees,Health care and social assistance [62],Total - Gender,15 years and over,Current dollars,24.0
2018,Newfoundland and Labrador,Median hourly wage rate,Full-time employees,"Information, culture and recreation [51, 71]",Total - Gender,15 years and over,Current dollars,25.64
2018,Newfoundland and Labrador,Median hourly wage rate,Full-time employees,Accommodation and food services [72],Total - Gender,15 years and over,Current dollars,14.0
2018,Newfoundland and Labrador,Median hourly wage rate,Full-time employees,Other services (except public administration) [81],Total - Gender,15 years and over,Current dollars,18.0
2018,Newfoundland and Labrador,Median hourly wage rate,Full-time employees,Public administration [91],Total - Gender,15 years and over,Current dollars,32.0
2018,Prince Edward Island,Median hourly wage rate,Full-time employees,"Total employees, all industries",Total - Gender,15 years and over,Current dollars,20.51
2018,Prince Edward Island,Median hourly wage rate,Full-time employees,Goods-producing sector,Total - Gender,15 years and over,Current dollars,18.9
2018,Prince Edward Island,Median hourly wage rate,Full-time employees,"Agriculture [111-112, 1100, 1151-1152]",Total - Gender,15 years and over,Current dollars,15.5
2018,Prince Edward Island,Median hourly wage rate,Full-time employees,"Forestry, fishing, mining, quarrying, oil and gas [21, 113-114, 1153, 2100]",Total - Gender,15 years and over,Current dollars,19.23
2018,Prince Edward Island,Median hourly wage rate,Full-time employees,Utilities [22],Total - Gender,15 years and over,Current dollars,29.7
2018,Prince Edward Island,Median hourly wage rate,Full-time employees,Construction [23],Total - Gender,15 years and over,Current dollars,20.0
2018,Prince Edward Island,Median hourly wage rate,Full-time employees,Manufacturing [31-33],Total - Gender,15 years and over,Current dollars,18.5
2018,Prince Edward Island,Median hourly wage rate,Full-time employees,Services-producing sector,Total - Gender,15 years and over,Current dollars,22.0
2018,Prince Edward Island,Median hourly wage rate,Full-time employees,"Wholesale and retail trade [41, 44-45]",Total - Gender,15 years and over,Current dollars,15.87
2018,Prince Edward Island,Median hourly wage rate,Full-time employees,Transportation and warehousing [48-49],Total - Gender,15 years and over,Current dollars,19.23
2018,Prince Edward Island,Median hourly wage rate,Full-time employees,"Finance, insurance, real estate, rental and leasing [52-53]",Total - Gender,15 years and over,Current dollars,20.0
2018,Prince Edward Island,Median hourly wage rate,Full-time employees,"Professional, scientific and technical services [54]",Total - Gender,15 years and over,Current dollars,24.36
2018,Prince Edward Island,Median hourly wage rate,Full-time employees,"Business, building and other support services [55-56]",Total - Gender,15 years and over,Current dollars,13.6
2018,Prince Edward Island,Median hourly wage rate,Full-time employees,Educational services [61],Total - Gender,15 years and over,Current dollars,30.29
2018,Prince Edward Island,Median hourly wage rate,Full-time employees,Health care and social assistance [62],Total - Gender,15 years and over,Current dollars,23.72
2018,Prince Edward Island,Median hourly wage rate,Full-time employees,"Information, culture and recreation [51, 71]",Total - Gender,15 years and over,Current dollars,19.69
2018,Prince Edward Island,Median hourly wage rate,Full-time employees,Accommodation and food services [72],Total - Gender,15 years and over,Current dollars,13.25
2018,Prince Edward Island,Median hourly wage rate,Full-time employees,Other services (except public administration) [81],Total - Gender,15 years and over,Current dollars,20.0
2018,Prince Edward Island,Median hourly wage rate,Full-time employees,Public administration [91],Total - Gender,15 years and over,Current dollars,30.26
2018,Nova Scotia,Median hourly wage rate,Full-time employees,"Total employees, all industries",Total - Gender,15 years and over,Current dollars,22.0
2018,Nova Scotia,Median hourly wage rate,Full-time employees,Goods-producing sector,Total - Gender,15 years and over,Current dollars,23.0
2018,Nova Scotia,Median hourly wage rate,Full-time employees,"Agriculture [111-112, 1100, 1151-1152]",Total - Gender,15 years and over,Current dollars,15.5
2018,Nova Scotia,Median hourly wage rate,Full-time employees,"Forestry, fishing, mining, quarrying, oil and gas [21, 113-114, 1153, 2100]",Total - Gender,15 years and over,Current dollars,25.0
2018,Nova Scotia,Median hourly wage rate,Full-time employees,Utilities [22],Total - Gender,15 years and over,Current dollars,37.36
2018,Nova Scotia,Median hourly wage rate,Full-time employees,Construction [23],Total - Gender,15 years and over,Current dollars,21.0
2018,Nova Scotia,Median hourly wage rate,Full-time employees,Manufacturing [31-33],Total - Gender,15 years and over,Current dollars,23.5
2018,Nova Scotia,Median hourly wage rate,Full-time employees,Services-producing sector,Total - Gender,15 years and over,Current dollars,21.63
2018,Nova Scotia,Median hourly wage rate,Full-time employees,"Wholesale and retail trade [41, 44-45]",Total - Gender,15 years and over,Current dollars,16.24
2018,Nova Scotia,Median hourly wage rate,Full-time employees,Transportation and warehousing [48-49],Total - Gender,15 years and over,Current dollars,22.81
2018,Nova Scotia,Median hourly wage rate,Full-time employees,"Finance, insurance, real estate, rental and leasing [52-53]",Total - Gender,15 years and over,Current dollars,22.56
2018,Nova Scotia,Median hourly wage rate,Full-time employees,"Professional, scientific and technical services [54]",Total - Gender,15 years and over,Current dollars,27.16
2018,Nova Scotia,Median hourly wage rate,Full-time employees,"Business, building and other support services [55-56]",Total - Gender,15 years and over,Current dollars,14.0
2018,Nova Scotia,Median hourly wage rate,Full-time employees,Educational services [61],Total - Gender,15 years and over,Current dollars,33.65
2018,Nova Scotia,Median hourly wage rate,Full-time employees,Health care and social assistance [62],Total - Gender,15 years and over,Current dollars,23.0
2018,Nova Scotia,Median hourly wage rate,Full-time employees,"Information, culture and recreation [51, 71]",Total - Gender,15 years and over,Current dollars,21.98
2018,Nova Scotia,Median hourly wage rate,Full-time employees,Accommodation and food services [72],Total - Gender,15 years and over,Current dollars,13.25
2018,Nova Scotia,Median hourly wage rate,Full-time employees,Other services (except public administration) [81],Total - Gender,15 years and over,Current dollars,17.72
2018,Nova Scotia,Median hourly wage rate,Full-time employees,Public administration [91],Total - Gender,15 years and over,Current dollars,34.62
2018,New Brunswick,Median hourly wage rate,Full-time employees,"Total employees, all industries",Total - Gender,15 years and over,Current dollars,21.0
2018,New Brunswick,Median hourly wage rate,Full-time employees,Goods-producing sector,Total - Gender,15 years and over,Current dollars,21.05
2018,New Brunswick,Median hourly wage rate,Full-time employees,"Agriculture [111-112, 1100, 1151-1152]",Total - Gender,15 years and over,Current dollars,17.43
2018,New Brunswick,Median hourly wage rate,Full-time employees,"Forestry, fishing, mining, quarrying, oil and gas [21, 113-114, 1153, 2100]",Total - Gender,15 years and over,Current dollars,23.0
2018,New Brunswick,Median hourly wage rate,Full-time employees,Utilities [22],Total - Gender,15 years and over,Current dollars,40.0
2018,New Brunswick,Median hourly wage rate,Full-time employees,Construction [23],Total - Gender,15 years and over,Current dollars,22.0
2018,New Brunswick,Median hourly wage rate,Full-time employees,Manufacturing [31-33],Total - Gender,15 years and over,Current dollars,20.43
2018,New Brunswick,Median hourly wage rate,Full-time employees,Services-producing sector,Total - Gender,15 years and over,Current dollars,21.0
2018,New Brunswick,Median hourly wage rate,Full-time employees,"Wholesale and retail trade [41, 44-45]",Total - Gender,15 years and over,Current dollars,16.0
2018,New Brunswick,Median hourly wage rate,Full-time employees,Transportation and warehousing [48-49],Total - Gender,15 years and over,Current dollars,19.23
2018,New Brunswick,Median hourly wage rate,Full-time employees,"Finance, insurance, real estate, rental and leasing [52-53]",Total - Gender,15 years and over,Current dollars,23.56
2018,New Brunswick,Median hourly wage rate,Full-time employees,"Professional, scientific and technical services [54]",Total - Gender,15 years and over,Current dollars,25.24
2018,New Brunswick,Median hourly wage rate,Full-time employees,"Business, building and other support services [55-56]",Total - Gender,15 years and over,Current dollars,15.87
2018,New Brunswick,Median hourly wage rate,Full-time employees,Educational services [61],Total - Gender,15 years and over,Current dollars,29.33
2018,New Brunswick,Median hourly wage rate,Full-time employees,Health care and social assistance [62],Total - Gender,15 years and over,Current dollars,21.42
2018,New Brunswick,Median hourly wage rate,Full-time employees,"Information, culture and recreation [51, 71]",Total - Gender,15 years and over,Current dollars,20.0
2018,New Brunswick,Median hourly wage rate,Full-time employees,Accommodation and food services [72],Total - Gender,15 years and over,Current dollars,13.0
2018,New Brunswick,Median hourly wage rate,Full-time employees,Other services (except public administration) [81],Total - Gender,15 years and over,Current dollars,18.13
2018,New Brunswick,Median hourly wage rate,Full-time employees,Public administration [91],Total - Gender,15 years and over,Current dollars,30.77
2018,Quebec,Median hourly wage rate,Full-time employees,"Total employees, all industries",Total - Gender,15 years and over,Current dollars,24.02
2018,Quebec,Median hourly wage rate,Full-time employees,Goods-producing sector,Total - Gender,15 years and over,Current dollars,25.0
2018,Quebec,Median hourly wage rate,Full-time employees,"Agriculture [111-112, 1100, 1151-1152]",Total - Gender,15 years and over,Current dollars,17.25
2018,Quebec,Median hourly wage rate,Full-time employees,"Forestry, fishing, mining, quarrying, oil and gas [21, 113-114, 1153, 2100]",Total - Gender,15 years and over,Current dollars,32.0
2018,Quebec,Median hourly wage rate,Full-time employees,Utilities [22],Total - Gender,15 years and over,Current dollars,40.0
2018,Quebec,Median hourly wage rate,Full-time employees,Construction [23],Total - Gender,15 years and over,Current dollars,30.0
2018,Quebec,Median hourly wage rate,Full-time employees,Manufacturing [31-33],Total - Gender,15 years and over,Current dollars,22.75
2018,Quebec,Median hourly wage rate,Full-time employees,Services-producing sector,Total - Gender,15 years and over,Current dollars,24.0
2018,Quebec,Median hourly wage rate,Full-time employees,"Wholesale and retail trade [41, 44-45]",Total - Gender,15 years and over,Current dollars,18.27
2018,Quebec,Median hourly wage rate,Full-time employees,Transportation and warehousing [48-49],Total - Gender,15 years and over,Current dollars,23.0
2018,Quebec,Median hourly wage rate,Full-time employees,"Finance, insurance, real estate, rental and leasing [52-53]",Total - Gender,15 years and over,Current dollars,28.21
2018,Quebec,Median hourly wage rate,Full-time employees,"Professional, scientific and technical services [54]",Total - Gender,15 years and over,Current dollars,30.0
2018,Quebec,Median hourly wage rate,Full-time employees,"Business, building and other support services [55-56]",Total - Gender,15 years and over,Current dollars,18.0
2018,Quebec,Median hourly wage rate,Full-time employees,Educational services [61],Total - Gender,15 years and over,Current dollars,36.0
2018,Quebec,Median hourly wage rate,Full-time employees,Health care and social assistance [62],Total - Gender,15 years and over,Current dollars,22.96
2018,Quebec,Median hourly wage rate,Full-time employees,"Information, culture and recreation [51, 71]",Total - Gender,15 years and over,Current dollars,26.44
2018,Quebec,Median hourly wage rate,Full-time employees,Accommodation and food services [72],Total - Gender,15 years and over,Current dollars,15.0
2018,Quebec,Median hourly wage rate,Full-time employees,Other services (except public administration) [81],Total - Gender,15 years and over,Current dollars,19.75
2018,Quebec,Median hourly wage rate,Full-time employees,Public administration [91],Total - Gender,15 years and over,Current dollars,32.97
2018,Ontario,Median hourly wage rate,Full-time employees,"Total employees, all industries",Total - Gender,15 years and over,Current dollars,25.64
2018,Ontario,Median hourly wage rate,Full-time employees,Goods-producing sector,Total - Gender,15 years and over,Current dollars,25.0
2018,Ontario,Median hourly wage rate,Full-time employees,"Agriculture [111-112, 1100, 1151-1152]",Total - Gender,15 years and over,Current dollars,17.5
2018,Ontario,Median hourly wage rate,Full-time employees,"Forestry, fishing, mining, quarrying, oil and gas [21, 113-114, 1153, 2100]",Total - Gender,15 years and over,Current dollars,35.0
2018,Ontario,Median hourly wage rate,Full-time employees,Utilities [22],Total - Gender,15 years and over,Current dollars,45.0
2018,Ontario,Median hourly wage rate,Full-time employees,Construction [23],Total - Gender,15 years and over,Current dollars,26.44
2018,Ontario,Median hourly wage rate,Full-time employees,Manufacturing [31-33],Total - Gender,15 years and over,Current dollars,23.3
2018,Ontario,Median hourly wage rate,Full-time employees,Services-producing sector,Total - Gender,15 years and over,Current dollars,26.0
2018,Ontario,Median hourly wage rate,Full-time employees,"Wholesale and retail trade [41, 44-45]",Total - Gender,15 years and over,Current dollars,20.0
2018,Ontario,Median hourly wage rate,Full-time employees,Transportation and warehousing [48-49],Total - Gender,15 years and over,Current dollars,23.56
2018,Ontario,Median hourly wage rate,Full-time employees,"Finance, insurance, real estate, rental and leasing [52-53]",Total - Gender,15 years and over,Current dollars,30.77
2018,Ontario,Median hourly wage rate,Full-time employees,"Professional, scientific and technical services [54]",Total - Gender,15 years and over,Current dollars,32.21
2018,Ontario,Median hourly wage rate,Full-time employees,"Business, building and other support services [55-56]",Total - Gender,15 years and over,Current dollars,18.0
2018,Ontario,Median hourly wage rate,Full-time employees,Educational services [61],Total - Gender,15 years and over,Current dollars,35.26
2018,Ontario,Median hourly wage rate,Full-time employees,Health care and social assistance [62],Total - Gender,15 years and over,Current dollars,26.0
2018,Ontario,Median hourly wage rate,Full-time employees,"Information, culture and recreation [51, 71]",Total - Gender,15 years and over,Current dollars,26.15
2018,Ontario,Median hourly wage rate,Full-time employees,Accommodation and food services [72],Total - Gender,15 years and over,Current dollars,15.0
2018,Ontario,Median hourly wage rate,Full-time employees,Other services (except public administration) [81],Total - Gender,15 years and over,Current dollars,21.63
2018,Ontario,Median hourly wage rate,Full-time employees,Public administration [91],Total - Gender,15 years and over,Current dollars,39.0
2018,Manitoba,Median hourly wage rate,Full-time employees,"Total employees, all industries",Total - Gender,15 years and over,Current dollars,23.0
2018,Manitoba,Median hourly wage rate,Full-time employees,Goods-producing sector,Total - Gender,15 years and over,Current dollars,23.5
2018,Manitoba,Median hourly wage rate,Full-time employees,"Agriculture [111-112, 1100, 1151-1152]",Total - Gender,15 years and over,Current dollars,18.5
2018,Manitoba,Median hourly wage rate,Full-time employees,"Forestry, fishing, mining, quarrying, oil and gas [21, 113-114, 1153, 2100]",Total - Gender,15 years and over,Current dollars,35.0
2018,Manitoba,Median hourly wage rate,Full-time employees,Utilities [22],Total - Gender,15 years and over,Current dollars,43.27
2018,Manitoba,Median hourly wage rate,Full-time employees,Construction [23],Total - Gender,15 years and over,Current dollars,25.96
2018,Manitoba,Median hourly wage rate,Full-time employees,Manufacturing [31-33],Total - Gender,15 years and over,Current dollars,21.0
2018,Manitoba,Median hourly wage rate,Full-time employees,Services-producing sector,Total - Gender,15 years and over,Current dollars,23.0
2018,Manitoba,Median hourly wage rate,Full-time employees,"Wholesale and retail trade [41, 44-45]",Total - Gender,15 years and over,Current dollars,19.0
2018,Manitoba,Median hourly wage rate,Full-time employees,Transportation and warehousing [48-49],Total - Gender,15 years and over,Current dollars,24.1
2018,Manitoba,Median hourly wage rate,Full-time employees,"Finance, insurance, real estate, rental and leasing [52-53]",Total - Gender,15 years and over,Current dollars,26.15
2018,Manitoba,Median hourly wage rate,Full-time employees,"Professional, scientific and technical services [54]",Total - Gender,15 years and over,Current dollars,26.44
2018,Manitoba,Median hourly wage rate,Full-time employees,"Business, building and other support services [55-56]",Total - Gender,15 years and over,Current dollars,16.0
2018,Manitoba,Median hourly wage rate,Full-time employees,Educational services [61],Total - Gender,15 years and over,Current dollars,31.25
2018,Manitoba,Median hourly wage rate,Full-time employees,Health care and social assistance [62],Total - Gender,15 years and over,Current dollars,21.98
2018,Manitoba,Median hourly wage rate,Full-time employees,"Information, culture and recreation [51, 71]",Total - Gender,15 years and over,Current dollars,22.25
2018,Manitoba,Median hourly wage rate,Full-time employees,Accommodation and food services [72],Total - Gender,15 years and over,Current dollars,13.0
2018,Manitoba,Median hourly wage rate,Full-time employees,Other services (except public administration) [81],Total - Gender,15 years and over,Current dollars,20.0
2018,Manitoba,Median hourly wage rate,Full-time employees,Public administration [91],Total - Gender,15 years and over,Current dollars,32.42
2018,Saskatchewan,Median hourly wage rate,Full-time employees,"Total employees, all industries",Total - Gender,15 years and over,Current dollars,26.5
2018,Saskatchewan,Median hourly wage rate,Full-time employees,Goods-producing sector,Total - Gender,15 years and over,Current dollars,30.0
2018,Saskatchewan,Median hourly wage rate,Full-time employees,"Agriculture [111-112, 1100, 1151-1152]",Total - Gender,15 years and over,Current dollars,22.0
2018,Saskatchewan,Median hourly wage rate,Full-time employees,"Forestry, fishing, mining, quarrying, oil and gas [21, 113-114, 1153, 2100]",Total - Gender,15 years and over,Current dollars,40.0
2018,Saskatchewan,Median hourly wage rate,Full-time employees,Utilities [22],Total - Gender,15 years and over,Current dollars,42.0
2018,Saskatchewan,Median hourly wage rate,Full-time employees,Construction [23],Total - Gender,15 years and over,Current dollars,28.75
2018,Saskatchewan,Median hourly wage rate,Full-time employees,Manufacturing [31-33],Total - Gender,15 years and over,Current dollars,25.5
2018,Saskatchewan,Median hourly wage rate,Full-time employees,Services-producing sector,Total - Gender,15 years and over,Current dollars,25.0
2018,Saskatchewan,Median hourly wage rate,Full-time employees,"Wholesale and retail trade [41, 44-45]",Total - Gender,15 years and over,Current dollars,21.92
2018,Saskatchewan,Median hourly wage rate,Full-time employees,Transportation and warehousing [48-49],Total - Gender,15 years and over,Current dollars,26.0
2018,Saskatchewan,Median hourly wage rate,Full-time employees,"Finance, insurance, real estate, rental and leasing [52-53]",Total - Gender,15 years and over,Current dollars,27.4
2018,Saskatchewan,Median hourly wage rate,Full-time employees,"Professional, scientific and technical services [54]",Total - Gender,15 years and over,Current dollars,30.0
2018,Saskatchewan,Median hourly wage rate,Full-time employees,"Business, building and other support services [55-56]",Total - Gender,15 years and over,Current dollars,22.0
2018,Saskatchewan,Median hourly wage rate,Full-time employees,Educational services [61],Total - Gender,15 years and over,Current dollars,32.97
2018,Saskatchewan,Median hourly wage rate,Full-time employees,Health care and social assistance [62],Total - Gender,15 years and over,Current dollars,24.0
2018,Saskatchewan,Median hourly wage rate,Full-time employees,"Information, culture and recreation [51, 71]",Total - Gender,15 years and over,Current dollars,28.45
2018,Saskatchewan,Median hourly wage rate,Full-time employees,Accommodation and food services [72],Total - Gender,15 years and over,Current dollars,14.0
2018,Saskatchewan,Median hourly wage rate,Full-time employees,Other services (except public administration) [81],Total - Gender,15 years and over,Current dollars,23.63
2018,Saskatchewan,Median hourly wage rate,Full-time employees,Public administration [91],Total - Gender,15 years and over,Current dollars,33.19
2018,Alberta,Median hourly wage rate,Full-time employees,"Total employees, all industries",Total - Gender,15 years and over,Current dollars,28.85
2018,Alberta,Median hourly wage rate,Full-time employees,Goods-producing sector,Total - Gender,15 years and over,Current dollars,32.5
2018,Alberta,Median hourly wage rate,Full-time employees,"Agriculture [111-112, 1100, 1151-1152]",Total - Gender,15 years and over,Current dollars,20.0
2018,Alberta,Median hourly wage rate,Full-time employees,"Forestry, fishing, mining, quarrying, oil and gas [21, 113-114, 1153, 2100]",Total - Gender,15 years and over,Current dollars,41.83
2018,Alberta,Median hourly wage rate,Full-time employees,Utilities [22],Total - Gender,15 years and over,Current dollars,45.0
2018,Alberta,Median hourly wage rate,Full-time employees,Construction [23],Total - Gender,15 years and over,Current dollars,30.0
2018,Alberta,Median hourly wage rate,Full-time employees,Manufacturing [31-33],Total - Gender,15 years and over,Current dollars,27.0
2018,Alberta,Median hourly wage rate,Full-time employees,Services-producing sector,Total - Gender,15 years and over,Current dollars,27.0
2018,Alberta,Median hourly wage rate,Full-time employees,"Wholesale and retail trade [41, 44-45]",Total - Gender,15 years and over,Current dollars,22.5
2018,Alberta,Median hourly wage rate,Full-time employees,Transportation and warehousing [48-49],Total - Gender,15 years and over,Current dollars,30.0
2018,Alberta,Median hourly wage rate,Full-time employees,"Finance, insurance, real estate, rental and leasing [52-53]",Total - Gender,15 years and over,Current dollars,28.85
2018,Alberta,Median hourly wage rate,Full-time employees,"Professional, scientific and technical services [54]",Total - Gender,15 years and over,Current dollars,34.62
2018,Alberta,Median hourly wage rate,Full-time employees,"Business, building and other support services [55-56]",Total - Gender,15 years and over,Current dollars,21.0
2018,Alberta,Median hourly wage rate,Full-time employees,Educational services [61],Total - Gender,15 years and over,Current dollars,34.65
2018,Alberta,Median hourly wage rate,Full-time employees,Health care and social assistance [62],Total - Gender,15 years and over,Current dollars,27.88
2018,Alberta,Median hourly wage rate,Full-time employees,"Information, culture and recreation [51, 71]",Total - Gender,15 years and over,Current dollars,24.64
2018,Alberta,Median hourly wage rate,Full-time employees,Accommodation and food services [72],Total - Gender,15 years and over,Current dollars,16.0
2018,Alberta,Median hourly wage rate,Full-time employees,Other services (except public administration) [81],Total - Gender,15 years and over,Current dollars,25.0
2018,Alberta,Median hourly wage rate,Full-time employees,Public administration [91],Total - Gender,15 years and over,Current dollars,40.0
2018,British Columbia,Median hourly wage rate,Full-time employees,"Total employees, all industries",Total - Gender,15 years and over,Current dollars,25.96
2018,British Columbia,Median hourly wage rate,Full-time employees,Goods-producing sector,Total - Gender,15 years and over,Current dollars,29.0
2018,British Columbia,Median hourly wage rate,Full-time employees,"Agriculture [111-112, 1100, 1151-1152]",Total - Gender,15 years and over,Current dollars,16.4
2018,British Columbia,Median hourly wage rate,Full-time employees,"Forestry, fishing, mining, quarrying, oil and gas [21, 113-114, 1153, 2100]",Total - Gender,15 years and over,Current dollars,37.5
2018,British Columbia,Median hourly wage rate,Full-time employees,Utilities [22],Total - Gender,15 years and over,Current dollars,38.0
2018,British Columbia,Median hourly wage rate,Full-time employees,Construction [23],Total - Gender,15 years and over,Current dollars,28.34
2018,British Columbia,Median hourly wage rate,Full-time employees,Manufacturing [31-33],Total - Gender,15 years and over,Current dollars,27.5
2018,British Columbia,Median hourly wage rate,Full-time employees,Services-producing sector,Total - Gender,15 years and over,Current dollars,25.0
2018,British Columbia,Median hourly wage rate,Full-time employees,"Wholesale and retail trade [41, 44-45]",Total - Gender,15 years and over,Current dollars,20.0
2018,British Columbia,Median hourly wage rate,Full-time employees,Transportation and warehousing [48-49],Total - Gender,15 years and over,Current dollars,27.47
2018,British Columbia,Median hourly wage rate,Full-time employees,"Finance, insurance, real estate, rental and leasing [52-53]",Total - Gender,15 years and over,Current dollars,30.77
2018,British Columbia,Median hourly wage rate,Full-time employees,"Professional, scientific and technical services [54]",Total - Gender,15 years and over,Current dollars,31.25
2018,British Columbia,Median hourly wage rate,Full-time employees,"Business, building and other support services [55-56]",Total - Gender,15 years and over,Current dollars,21.0
2018,British Columbia,Median hourly wage rate,Full-time employees,Educational services [61],Total - Gender,15 years and over,Current dollars,29.81
2018,British Columbia,Median hourly wage rate,Full-time employees,Health care and social assistance [62],Total - Gender,15 years and over,Current dollars,25.0
2018,British Columbia,Median hourly wage rate,Full-time employees,"Information, culture and recreation [51, 71]",Total - Gender,15 years and over,Current dollars,26.95
2018,British Columbia,Median hourly wage rate,Full-time employees,Accommodation and food services [72],Total - Gender,15 years and over,Current dollars,15.0
2018,British Columbia,Median hourly wage rate,Full-time employees,Other services (except public administration) [81],Total - Gender,15 years and over,Current dollars,20.0
2018,British Columbia,Median hourly wage rate,Full-time employees,Public administration [91],Total - Gender,15 years and over,Current dollars,35.05
2019,Canada,Median hourly wage rate,Full-time employees,"Total employees, all industries",Total - Gender,15 years and over,Current dollars,26.0
2019,Canada,Median hourly wage rate,Full-time employees,Goods-producing sector,Total - Gender,15 years and over,Current dollars,27.0
2019,Canada,Median hourly wage rate,Full-time employees,"Agriculture [111-112, 1100, 1151-1152]",Total - Gender,15 years and over,Current dollars,18.0
2019,Canada,Median hourly wage rate,Full-time employees,"Forestry, fishing, mining, quarrying, oil and gas [21, 113-114, 1153, 2100]",Total - Gender,15 years and over,Current dollars,38.1
2019,Canada,Median hourly wage rate,Full-time employees,Utilities [22],Total - Gender,15 years and over,Current dollars,43.0
2019,Canada,Median hourly wage rate,Full-time employees,Construction [23],Total - Gender,15 years and over,Current dollars,29.0
2019,Canada,Median hourly wage rate,Full-time employees,Manufacturing [31-33],Total - Gender,15 years and over,Current dollars,24.4
2019,Canada,Median hourly wage rate,Full-time employees,Services-producing sector,Total - Gender,15 years and over,Current dollars,25.96
2019,Canada,Median hourly wage rate,Full-time employees,"Wholesale and retail trade [41, 44-45]",Total - Gender,15 years and over,Current dollars,20.0
2019,Canada,Median hourly wage rate,Full-time employees,Transportation and warehousing [48-49],Total - Gender,15 years and over,Current dollars,25.0
2019,Canada,Median hourly wage rate,Full-time employees,"Finance, insurance, real estate, rental and leasing [52-53]",Total - Gender,15 years and over,Current dollars,29.87
2019,Canada,Median hourly wage rate,Full-time employees,"Professional, scientific and technical services [54]",Total - Gender,15 years and over,Current dollars,32.97
2019,Canada,Median hourly wage rate,Full-time employees,"Business, building and other support services [55-56]",Total - Gender,15 years and over,Current dollars,19.0
2019,Canada,Median hourly wage rate,Full-time employees,Educational services [61],Total - Gender,15 years and over,Current dollars,34.25
2019,Canada,Median hourly wage rate,Full-time employees,Health care and social assistance [62],Total - Gender,15 years and over,Current dollars,25.0
2019,Canada,Median hourly wage rate,Full-time employees,"Information, culture and recreation [51, 71]",Total - Gender,15 years and over,Current dollars,26.44
2019,Canada,Median hourly wage rate,Full-time employees,Accommodation and food services [72],Total - Gender,15 years and over,Current dollars,15.7
2019,Canada,Median hourly wage rate,Full-time employees,Other services (except public administration) [81],Total - Gender,15 years and over,Current dollars,22.0
2019,Canada,Median hourly wage rate,Full-time employees,Public administration [91],Total - Gender,15 years and over,Current dollars,36.92
2019,Newfoundland and Labrador,Median hourly wage rate,Full-time employees,"Total employees, all industries",Total - Gender,15 years and over,Current dollars,25.0
2019,Newfoundland and Labrador,Median hourly wage rate,Full-time employees,Goods-producing sector,Total - Gender,15 years and over,Current dollars,29.74
2019,Newfoundland and Labrador,Median hourly wage rate,Full-time employees,"Agriculture [111-112, 1100, 1151-1152]",Total - Gender,15 years and over,Current dollars,17.14
2019,Newfoundland and Labrador,Median hourly wage rate,Full-time employees,"Forestry, fishing, mining, quarrying, oil and gas [21, 113-114, 1153, 2100]",Total - Gender,15 years and over,Current dollars,35.0
2019,Newfoundland and Labrador,Median hourly wage rate,Full-time employees,Utilities [22],Total - Gender,15 years and over,Current dollars,42.0
2019,Newfoundland and Labrador,Median hourly wage rate,Full-time employees,Construction [23],Total - Gender,15 years and over,Current dollars,28.0
2019,Newfoundland and Labrador,Median hourly wage rate,Full-time employees,Manufacturing [31-33],Total - Gender,15 years and over,Current dollars,21.0
2019,Newfoundland and Labrador,Median hourly wage rate,Full-time employees,Services-producing sector,Total - Gender,15 years and over,Current dollars,23.4
2019,Newfoundland and Labrador,Median hourly wage rate,Full-time employees,"Wholesale and retail trade [41, 44-45]",Total - Gender,15 years and over,Current dollars,16.0
2019,Newfoundland and Labrador,Median hourly wage rate,Full-time employees,Transportation and warehousing [48-49],Total - Gender,15 years and over,Current dollars,26.44
2019,Newfoundland and Labrador,Median hourly wage rate,Full-time employees,"Finance, insurance, real estate, rental and leasing [52-53]",Total - Gender,15 years and over,Current dollars,24.98
2019,Newfoundland and Labrador,Median hourly wage rate,Full-time employees,"Professional, scientific and technical services [54]",Total - Gender,15 years and over,Current dollars,30.22
2019,Newfoundland and Labrador,Median hourly wage rate,Full-time employees,"Business, building and other support services [55-56]",Total - Gender,15 years and over,Current dollars,20.75
2019,Newfoundland and Labrador,Median hourly wage rate,Full-time employees,Educational services [61],Total - Gender,15 years and over,Current dollars,33.65
2019,Newfoundland and Labrador,Median hourly wage rate,Full-time employees,Health care and social assistance [62],Total - Gender,15 years and over,Current dollars,24.0
2019,Newfoundland and Labrador,Median hourly wage rate,Full-time employees,"Information, culture and recreation [51, 71]",Total - Gender,15 years and over,Current dollars,26.47
2019,Newfoundland and Labrador,Median hourly wage rate,Full-time employees,Accommodation and food services [72],Total - Gender,15 years and over,Current dollars,13.48
2019,Newfoundland and Labrador,Median hourly wage rate,Full-time employees,Other services (except public administration) [81],Total - Gender,15 years and over,Current dollars,18.0
2019,Newfoundland and Labrador,Median hourly wage rate,Full-time employees,Public administration [91],Total - Gender,15 years and over,Current dollars,30.44
2019,Prince Edward Island,Median hourly wage rate,Full-time employees,"Total employees, all industries",Total - Gender,15 years and over,Current dollars,21.0
2019,Prince Edward Island,Median hourly wage rate,Full-time employees,Goods-producing sector,Total - Gender,15 years and over,Current dollars,19.0
2019,Prince Edward Island,Median hourly wage rate,Full-time employees,"Agriculture [111-112, 1100, 1151-1152]",Total - Gender,15 years and over,Current dollars,15.25
2019,Prince Edward Island,Median hourly wage rate,Full-time employees,"Forestry, fishing, mining, quarrying, oil and gas [21, 113-114, 1153, 2100]",Total - Gender,15 years and over,Current dollars,20.0
2019,Prince Edward Island,Median hourly wage rate,Full-time employees,Utilities [22],Total - Gender,15 years and over,Current dollars,35.0
2019,Prince Edward Island,Median hourly wage rate,Full-time employees,Construction [23],Total - Gender,15 years and over,Current dollars,20.0
2019,Prince Edward Island,Median hourly wage rate,Full-time employees,Manufacturing [31-33],Total - Gender,15 years and over,Current dollars,20.0
2019,Prince Edward Island,Median hourly wage rate,Full-time employees,Services-producing sector,Total - Gender,15 years and over,Current dollars,22.0
2019,Prince Edward Island,Median hourly wage rate,Full-time employees,"Wholesale and retail trade [41, 44-45]",Total - Gender,15 years and over,Current dollars,15.5
2019,Prince Edward Island,Median hourly wage rate,Full-time employees,Transportation and warehousing [48-49],Total - Gender,15 years and over,Current dollars,20.0
2019,Prince Edward Island,Median hourly wage rate,Full-time employees,"Finance, insurance, real estate, rental and leasing [52-53]",Total - Gender,15 years and over,Current dollars,21.54
2019,Prince Edward Island,Median hourly wage rate,Full-time employees,"Professional, scientific and technical services [54]",Total - Gender,15 years and over,Current dollars,23.08
2019,Prince Edward Island,Median hourly wage rate,Full-time employees,"Business, building and other support services [55-56]",Total - Gender,15 years and over,Current dollars,14.0
2019,Prince Edward Island,Median hourly wage rate,Full-time employees,Educational services [61],Total - Gender,15 years and over,Current dollars,31.25
2019,Prince Edward Island,Median hourly wage rate,Full-time employees,Health care and social assistance [62],Total - Gender,15 years and over,Current dollars,24.0
2019,Prince Edward Island,Median hourly wage rate,Full-time employees,"Information, culture and recreation [51, 71]",Total - Gender,15 years and over,Current dollars,18.0
2019,Prince Edward Island,Median hourly wage rate,Full-time employees,Accommodation and food services [72],Total - Gender,15 years and over,Current dollars,13.99
2019,Prince Edward Island,Median hourly wage rate,Full-time employees,Other services (except public administration) [81],Total - Gender,15 years and over,Current dollars,18.75
2019,Prince Edward Island,Median hourly wage rate,Full-time employees,Public administration [91],Total - Gender,15 years and over,Current dollars,30.0
2019,Nova Scotia,Median hourly wage rate,Full-time employees,"Total employees, all industries",Total - Gender,15 years and over,Current dollars,22.12
2019,Nova Scotia,Median hourly wage rate,Full-time employees,Goods-producing sector,Total - Gender,15 years and over,Current dollars,23.0
2019,Nova Scotia,Median hourly wage rate,Full-time employees,"Agriculture [111-112, 1100, 1151-1152]",Total - Gender,15 years and over,Current dollars,16.95
2019,Nova Scotia,Median hourly wage rate,Full-time employees,"Forestry, fishing, mining, quarrying, oil and gas [21, 113-114, 1153, 2100]",Total - Gender,15 years and over,Current dollars,25.0
2019,Nova Scotia,Median hourly wage rate,Full-time employees,Utilities [22],Total - Gender,15 years and over,Current dollars,35.42
2019,Nova Scotia,Median hourly wage rate,Full-time employees,Construction [23],Total - Gender,15 years and over,Current dollars,22.31
2019,Nova Scotia,Median hourly wage rate,Full-time employees,Manufacturing [31-33],Total - Gender,15 years and over,Current dollars,23.0
2019,Nova Scotia,Median hourly wage rate,Full-time employees,Services-producing sector,Total - Gender,15 years and over,Current dollars,22.0
2019,Nova Scotia,Median hourly wage rate,Full-time employees,"Wholesale and retail trade [41, 44-45]",Total - Gender,15 years and over,Current dollars,17.09
2019,Nova Scotia,Median hourly wage rate,Full-time employees,Transportation and warehousing [48-49],Total - Gender,15 years and over,Current dollars,24.0
2019,Nova Scotia,Median hourly wage rate,Full-time employees,"Finance, insurance, real estate, rental and leasing [52-53]",Total - Gender,15 years and over,Current dollars,24.18
2019,Nova Scotia,Median hourly wage rate,Full-time employees,"Professional, scientific and technical services [54]",Total - Gender,15 years and over,Current dollars,27.69
2019,Nova Scotia,Median hourly wage rate,Full-time employees,"Business, building and other support services [55-56]",Total - Gender,15 years and over,Current dollars,15.0
2019,Nova Scotia,Median hourly wage rate,Full-time employees,Educational services [61],Total - Gender,15 years and over,Current dollars,29.15
2019,Nova Scotia,Median hourly wage rate,Full-time employees,Health care and social assistance [62],Total - Gender,15 years and over,Current dollars,23.65
2019,Nova Scotia,Median hourly wage rate,Full-time employees,"Information, culture and recreation [51, 71]",Total - Gender,15 years and over,Current dollars,20.88
2019,Nova Scotia,Median hourly wage rate,Full-time employees,Accommodation and food services [72],Total - Gender,15 years and over,Current dollars,13.78
2019,Nova Scotia,Median hourly wage rate,Full-time employees,Other services (except public administration) [81],Total - Gender,15 years and over,Current dollars,19.23
2019,Nova Scotia,Median hourly wage rate,Full-time employees,Public administration [91],Total - Gender,15 years and over,Current dollars,34.75
2019,New Brunswick,Median hourly wage rate,Full-time employees,"Total employees, all industries",Total - Gender,15 years and over,Current dollars,21.54
2019,New Brunswick,Median hourly wage rate,Full-time employees,Goods-producing sector,Total - Gender,15 years and over,Current dollars,21.28
2019,New Brunswick,Median hourly wage rate,Full-time employees,"Agriculture [111-112, 1100, 1151-1152]",Total - Gender,15 years and over,Current dollars,16.75
2019,New Brunswick,Median hourly wage rate,Full-time employees,"Forestry, fishing, mining, quarrying, oil and gas [21, 113-114, 1153, 2100]",Total - Gender,15 years and over,Current dollars,22.65
2019,New Brunswick,Median hourly wage rate,Full-time employees,Utilities [22],Total - Gender,15 years and over,Current dollars,39.0
2019,New Brunswick,Median hourly wage rate,Full-time employees,Construction [23],Total - Gender,15 years and over,Current dollars,21.0
2019,New Brunswick,Median hourly wage rate,Full-time employees,Manufacturing [31-33],Total - Gender,15 years and over,Current dollars,21.25
2019,New Brunswick,Median hourly wage rate,Full-time employees,Services-producing sector,Total - Gender,15 years and over,Current dollars,21.63
2019,New Brunswick,Median hourly wage rate,Full-time employees,"Wholesale and retail trade [41, 44-45]",Total - Gender,15 years and over,Current dollars,16.83
2019,New Brunswick,Median hourly wage rate,Full-time employees,Transportation and warehousing [48-49],Total - Gender,15 years and over,Current dollars,20.38
2019,New Brunswick,Median hourly wage rate,Full-time employees,"Finance, insurance, real estate, rental and leasing [52-53]",Total - Gender,15 years and over,Current dollars,22.8
2019,New Brunswick,Median hourly wage rate,Full-time employees,"Professional, scientific and technical services [54]",Total - Gender,15 years and over,Current dollars,27.88
2019,New Brunswick,Median hourly wage rate,Full-time employees,"Business, building and other support services [55-56]",Total - Gender,15 years and over,Current dollars,16.0
2019,New Brunswick,Median hourly wage rate,Full-time employees,Educational services [61],Total - Gender,15 years and over,Current dollars,30.0
2019,New Brunswick,Median hourly wage rate,Full-time employees,Health care and social assistance [62],Total - Gender,15 years and over,Current dollars,21.24
2019,New Brunswick,Median hourly wage rate,Full-time employees,"Information, culture and recreation [51, 71]",Total - Gender,15 years and over,Current dollars,21.63
2019,New Brunswick,Median hourly wage rate,Full-time employees,Accommodation and food services [72],Total - Gender,15 years and over,Current dollars,13.0
2019,New Brunswick,Median hourly wage rate,Full-time employees,Other services (except public administration) [81],Total - Gender,15 years and over,Current dollars,20.0
2019,New Brunswick,Median hourly wage rate,Full-time employees,Public administration [91],Total - Gender,15 years and over,Current dollars,30.77
2019,Quebec,Median hourly wage rate,Full-time employees,"Total employees, all industries",Total - Gender,15 years and over,Current dollars,25.0
2019,Quebec,Median hourly wage rate,Full-time employees,Goods-producing sector,Total - Gender,15 years and over,Current dollars,25.5
2019,Quebec,Median hourly wage rate,Full-time employees,"Agriculture [111-112, 1100, 1151-1152]",Total - Gender,15 years and over,Current dollars,18.0
2019,Quebec,Median hourly wage rate,Full-time employees,"Forestry, fishing, mining, quarrying, oil and gas [21, 113-114, 1153, 2100]",Total - Gender,15 years and over,Current dollars,32.69
2019,Quebec,Median hourly wage rate,Full-time employees,Utilities [22],Total - Gender,15 years and over,Current dollars,42.93
2019,Quebec,Median hourly wage rate,Full-time employees,Construction [23],Total - Gender,15 years and over,Current dollars,31.0
2019,Quebec,Median hourly wage rate,Full-time employees,Manufacturing [31-33],Total - Gender,15 years and over,Current dollars,23.73
2019,Quebec,Median hourly wage rate,Full-time employees,Services-producing sector,Total - Gender,15 years and over,Current dollars,25.0
2019,Quebec,Median hourly wage rate,Full-time employees,"Wholesale and retail trade [41, 44-45]",Total - Gender,15 years and over,Current dollars,19.0
2019,Quebec,Median hourly wage rate,Full-time employees,Transportation and warehousing [48-49],Total - Gender,15 years and over,Current dollars,24.38
2019,Quebec,Median hourly wage rate,Full-time employees,"Finance, insurance, real estate, rental and leasing [52-53]",Total - Gender,15 years and over,Current dollars,29.4
2019,Quebec,Median hourly wage rate,Full-time employees,"Professional, scientific and technical services [54]",Total - Gender,15 years and over,Current dollars,30.05
2019,Quebec,Median hourly wage rate,Full-time employees,"Business, building and other support services [55-56]",Total - Gender,15 years and over,Current dollars,18.5
2019,Quebec,Median hourly wage rate,Full-time employees,Educational services [61],Total - Gender,15 years and over,Current dollars,36.06
2019,Quebec,Median hourly wage rate,Full-time employees,Health care and social assistance [62],Total - Gender,15 years and over,Current dollars,23.7
2019,Quebec,Median hourly wage rate,Full-time employees,"Information, culture and recreation [51, 71]",Total - Gender,15 years and over,Current dollars,27.0
2019,Quebec,Median hourly wage rate,Full-time employees,Accommodation and food services [72],Total - Gender,15 years and over,Current dollars,15.47
2019,Quebec,Median hourly wage rate,Full-time employees,Other services (except public administration) [81],Total - Gender,15 years and over,Current dollars,20.19
2019,Quebec,Median hourly wage rate,Full-time employees,Public administration [91],Total - Gender,15 years and over,Current dollars,34.87
2019,Ontario,Median hourly wage rate,Full-time employees,"Total employees, all industries",Total - Gender,15 years and over,Current dollars,26.44
2019,Ontario,Median hourly wage rate,Full-time employees,Goods-producing sector,Total - Gender,15 years and over,Current dollars,26.0
2019,Ontario,Median hourly wage rate,Full-time employees,"Agriculture [111-112, 1100, 1151-1152]",Total - Gender,15 years and over,Current dollars,17.36
2019,Ontario,Median hourly wage rate,Full-time employees,"Forestry, fishing, mining, quarrying, oil and gas [21, 113-114, 1153, 2100]",Total - Gender,15 years and over,Current dollars,34.5
2019,Ontario,Median hourly wage rate,Full-time employees,Utilities [22],Total - Gender,15 years and over,Current dollars,43.0
2019,Ontario,Median hourly wage rate,Full-time employees,Construction [23],Total - Gender,15 years and over,Current dollars,28.0
2019,Ontario,Median hourly wage rate,Full-time employees,Manufacturing [31-33],Total - Gender,15 years and over,Current dollars,24.1
2019,Ontario,Median hourly wage rate,Full-time employees,Services-producing sector,Total - Gender,15 years and over,Current dollars,26.84
2019,Ontario,Median hourly wage rate,Full-time employees,"Wholesale and retail trade [41, 44-45]",Total - Gender,15 years and over,Current dollars,20.19
2019,Ontario,Median hourly wage rate,Full-time employees,Transportation and warehousing [48-49],Total - Gender,15 years and over,Current dollars,24.0
2019,Ontario,Median hourly wage rate,Full-time employees,"Finance, insurance, real estate, rental and leasing [52-53]",Total - Gender,15 years and over,Current dollars,31.25
2019,Ontario,Median hourly wage rate,Full-time employees,"Professional, scientific and technical services [54]",Total - Gender,15 years and over,Current dollars,34.13
2019,Ontario,Median hourly wage rate,Full-time employees,"Business, building and other support services [55-56]",Total - Gender,15 years and over,Current dollars,18.86
2019,Ontario,Median hourly wage rate,Full-time employees,Educational services [61],Total - Gender,15 years and over,Current dollars,35.71
2019,Ontario,Median hourly wage rate,Full-time employees,Health care and social assistance [62],Total - Gender,15 years and over,Current dollars,26.0
2019,Ontario,Median hourly wage rate,Full-time employees,"Information, culture and recreation [51, 71]",Total - Gender,15 years and over,Current dollars,26.0
2019,Ontario,Median hourly wage rate,Full-time employees,Accommodation and food services [72],Total - Gender,15 years and over,Current dollars,16.0
2019,Ontario,Median hourly wage rate,Full-time employees,Other services (except public administration) [81],Total - Gender,15 years and over,Current dollars,22.15
2019,Ontario,Median hourly wage rate,Full-time employees,Public administration [91],Total - Gender,15 years and over,Current dollars,40.0
2019,Manitoba,Median hourly wage rate,Full-time employees,"Total employees, all industries",Total - Gender,15 years and over,Current dollars,23.77
2019,Manitoba,Median hourly wage rate,Full-time employees,Goods-producing sector,Total - Gender,15 years and over,Current dollars,24.25
2019,Manitoba,Median hourly wage rate,Full-time employees,"Agriculture [111-112, 1100, 1151-1152]",Total - Gender,15 years and over,Current dollars,19.0
2019,Manitoba,Median hourly wage rate,Full-time employees,"Forestry, fishing, mining, quarrying, oil and gas [21, 113-114, 1153, 2100]",Total - Gender,15 years and over,Current dollars,35.0
2019,Manitoba,Median hourly wage rate,Full-time employees,Utilities [22],Total - Gender,15 years and over,Current dollars,40.0
2019,Manitoba,Median hourly wage rate,Full-time employees,Construction [23],Total - Gender,15 years and over,Current dollars,26.0
2019,Manitoba,Median hourly wage rate,Full-time employees,Manufacturing [31-33],Total - Gender,15 years and over,Current dollars,22.0
2019,Manitoba,Median hourly wage rate,Full-time employees,Services-producing sector,Total - Gender,15 years and over,Current dollars,23.08
2019,Manitoba,Median hourly wage rate,Full-time employees,"Wholesale and retail trade [41, 44-45]",Total - Gender,15 years and over,Current dollars,19.23
2019,Manitoba,Median hourly wage rate,Full-time employees,Transportation and warehousing [48-49],Total - Gender,15 years and over,Current dollars,24.0
2019,Manitoba,Median hourly wage rate,Full-time employees,"Finance, insurance, real estate, rental and leasing [52-53]",Total - Gender,15 years and over,Current dollars,26.44
2019,Manitoba,Median hourly wage rate,Full-time employees,"Professional, scientific and technical services [54]",Total - Gender,15 years and over,Current dollars,30.0
2019,Manitoba,Median hourly wage rate,Full-time employees,"Business, building and other support services [55-56]",Total - Gender,15 years and over,Current dollars,16.25
2019,Manitoba,Median hourly wage rate,Full-time employees,Educational services [61],Total - Gender,15 years and over,Current dollars,30.77
2019,Manitoba,Median hourly wage rate,Full-time employees,Health care and social assistance [62],Total - Gender,15 years and over,Current dollars,21.98
2019,Manitoba,Median hourly wage rate,Full-time employees,"Information, culture and recreation [51, 71]",Total - Gender,15 years and over,Current dollars,24.73
2019,Manitoba,Median hourly wage rate,Full-time employees,Accommodation and food services [72],Total - Gender,15 years and over,Current dollars,13.4
2019,Manitoba,Median hourly wage rate,Full-time employees,Other services (except public administration) [81],Total - Gender,15 years and over,Current dollars,21.43
2019,Manitoba,Median hourly wage rate,Full-time employees,Public administration [91],Total - Gender,15 years and over,Current dollars,33.0
2019,Saskatchewan,Median hourly wage rate,Full-time employees,"Total employees, all industries",Total - Gender,15 years and over,Current dollars,26.5
2019,Saskatchewan,Median hourly wage rate,Full-time employees,Goods-producing sector,Total - Gender,15 years and over,Current dollars,30.0
2019,Saskatchewan,Median hourly wage rate,Full-time employees,"Agriculture [111-112, 1100, 1151-1152]",Total - Gender,15 years and over,Current dollars,22.0
2019,Saskatchewan,Median hourly wage rate,Full-time employees,"Forestry, fishing, mining, quarrying, oil and gas [21, 113-114, 1153, 2100]",Total - Gender,15 years and over,Current dollars,42.45
2019,Saskatchewan,Median hourly wage rate,Full-time employees,Utilities [22],Total - Gender,15 years and over,Current dollars,38.71
2019,Saskatchewan,Median hourly wage rate,Full-time employees,Construction [23],Total - Gender,15 years and over,Current dollars,29.0
2019,Saskatchewan,Median hourly wage rate,Full-time employees,Manufacturing [31-33],Total - Gender,15 years and over,Current dollars,26.5
2019,Saskatchewan,Median hourly wage rate,Full-time employees,Services-producing sector,Total - Gender,15 years and over,Current dollars,25.19
2019,Saskatchewan,Median hourly wage rate,Full-time employees,"Wholesale and retail trade [41, 44-45]",Total - Gender,15 years and over,Current dollars,21.5
2019,Saskatchewan,Median hourly wage rate,Full-time employees,Transportation and warehousing [48-49],Total - Gender,15 years and over,Current dollars,26.44
2019,Saskatchewan,Median hourly wage rate,Full-time employees,"Finance, insurance, real estate, rental and leasing [52-53]",Total - Gender,15 years and over,Current dollars,29.23
2019,Saskatchewan,Median hourly wage rate,Full-time employees,"Professional, scientific and technical services [54]",Total - Gender,15 years and over,Current dollars,31.25
2019,Saskatchewan,Median hourly wage rate,Full-time employees,"Business, building and other support services [55-56]",Total - Gender,15 years and over,Current dollars,19.0
2019,Saskatchewan,Median hourly wage rate,Full-time employees,Educational services [61],Total - Gender,15 years and over,Current dollars,33.0
2019,Saskatchewan,Median hourly wage rate,Full-time employees,Health care and social assistance [62],Total - Gender,15 years and over,Current dollars,25.0
2019,Saskatchewan,Median hourly wage rate,Full-time employees,"Information, culture and recreation [51, 71]",Total - Gender,15 years and over,Current dollars,26.2
2019,Saskatchewan,Median hourly wage rate,Full-time employees,Accommodation and food services [72],Total - Gender,15 years and over,Current dollars,14.0
2019,Saskatchewan,Median hourly wage rate,Full-time employees,Other services (except public administration) [81],Total - Gender,15 years and over,Current dollars,22.5
2019,Saskatchewan,Median hourly wage rate,Full-time employees,Public administration [91],Total - Gender,15 years and over,Current dollars,33.33
2019,Alberta,Median hourly wage rate,Full-time employees,"Total employees, all industries",Total - Gender,15 years and over,Current dollars,30.0
2019,Alberta,Median hourly wage rate,Full-time employees,Goods-producing sector,Total - Gender,15 years and over,Current dollars,34.0
2019,Alberta,Median hourly wage rate,Full-time employees,"Agriculture [111-112, 1100, 1151-1152]",Total - Gender,15 years and over,Current dollars,19.0
2019,Alberta,Median hourly wage rate,Full-time employees,"Forestry, fishing, mining, quarrying, oil and gas [21, 113-114, 1153, 2100]",Total - Gender,15 years and over,Current dollars,43.75
2019,Alberta,Median hourly wage rate,Full-time employees,Utilities [22],Total - Gender,15 years and over,Current dollars,47.0
2019,Alberta,Median hourly wage rate,Full-time employees,Construction [23],Total - Gender,15 years and over,Current dollars,32.5
2019,Alberta,Median hourly wage rate,Full-time employees,Manufacturing [31-33],Total - Gender,15 years and over,Current dollars,28.0
2019,Alberta,Median hourly wage rate,Full-time employees,Services-producing sector,Total - Gender,15 years and over,Current dollars,28.0
2019,Alberta,Median hourly wage rate,Full-time employees,"Wholesale and retail trade [41, 44-45]",Total - Gender,15 years and over,Current dollars,23.0
2019,Alberta,Median hourly wage rate,Full-time employees,Transportation and warehousing [48-49],Total - Gender,15 years and over,Current dollars,30.0
2019,Alberta,Median hourly wage rate,Full-time employees,"Finance, insurance, real estate, rental and leasing [52-53]",Total - Gender,15 years and over,Current dollars,28.85
2019,Alberta,Median hourly wage rate,Full-time employees,"Professional, scientific and technical services [54]",Total - Gender,15 years and over,Current dollars,35.71
2019,Alberta,Median hourly wage rate,Full-time employees,"Business, building and other support services [55-56]",Total - Gender,15 years and over,Current dollars,24.0
2019,Alberta,Median hourly wage rate,Full-time employees,Educational services [61],Total - Gender,15 years and over,Current dollars,34.62
2019,Alberta,Median hourly wage rate,Full-time employees,Health care and social assistance [62],Total - Gender,15 years and over,Current dollars,28.0
2019,Alberta,Median hourly wage rate,Full-time employees,"Information, culture and recreation [51, 71]",Total - Gender,15 years and over,Current dollars,27.88
2019,Alberta,Median hourly wage rate,Full-time employees,Accommodation and food services [72],Total - Gender,15 years and over,Current dollars,17.0
2019,Alberta,Median hourly wage rate,Full-time employees,Other services (except public administration) [81],Total - Gender,15 years and over,Current dollars,25.0
2019,Alberta,Median hourly wage rate,Full-time employees,Public administration [91],Total - Gender,15 years and over,Current dollars,41.21
2019,British Columbia,Median hourly wage rate,Full-time employees,"Total employees, all industries",Total - Gender,15 years and over,Current dollars,26.5
2019,British Columbia,Median hourly wage rate,Full-time employees,Goods-producing sector,Total - Gender,15 years and over,Current dollars,29.81
2019,British Columbia,Median hourly wage rate,Full-time employees,"Agriculture [111-112, 1100, 1151-1152]",Total - Gender,15 years and over,Current dollars,19.25
2019,British Columbia,Median hourly wage rate,Full-time employees,"Forestry, fishing, mining, quarrying, oil and gas [21, 113-114, 1153, 2100]",Total - Gender,15 years and over,Current dollars,36.18
2019,British Columbia,Median hourly wage rate,Full-time employees,Utilities [22],Total - Gender,15 years and over,Current dollars,42.0
2019,British Columbia,Median hourly wage rate,Full-time employees,Construction [23],Total - Gender,15 years and over,Current dollars,29.0
2019,British Columbia,Median hourly wage rate,Full-time employees,Manufacturing [31-33],Total - Gender,15 years and over,Current dollars,27.0
2019,British Columbia,Median hourly wage rate,Full-time employees,Services-producing sector,Total - Gender,15 years and over,Current dollars,25.96
2019,British Columbia,Median hourly wage rate,Full-time employees,"Wholesale and retail trade [41, 44-45]",Total - Gender,15 years and over,Current dollars,22.0
2019,British Columbia,Median hourly wage rate,Full-time employees,Transportation and warehousing [48-49],Total - Gender,15 years and over,Current dollars,27.25
2019,British Columbia,Median hourly wage rate,Full-time employees,"Finance, insurance, real estate, rental and leasing [52-53]",Total - Gender,15 years and over,Current dollars,28.85
2019,British Columbia,Median hourly wage rate,Full-time employees,"Professional, scientific and technical services [54]",Total - Gender,15 years and over,Current dollars,31.73
2019,British Columbia,Median hourly wage rate,Full-time employees,"Business, building and other support services [55-56]",Total - Gender,15 years and over,Current dollars,20.19
2019,British Columbia,Median hourly wage rate,Full-time employees,Educational services [61],Total - Gender,15 years and over,Current dollars,32.31
2019,British Columbia,Median hourly wage rate,Full-time employees,Health care and social assistance [62],Total - Gender,15 years and over,Current dollars,25.0
2019,British Columbia,Median hourly wage rate,Full-time employees,"Information, culture and recreation [51, 71]",Total - Gender,15 years and over,Current dollars,27.47
2019,British Columbia,Median hourly wage rate,Full-time employees,Accommodation and food services [72],Total - Gender,15 years and over,Current dollars,16.25
2019,British Columbia,Median hourly wage rate,Full-time employees,Other services (except public administration) [81],Total - Gender,15 years and over,Current dollars,23.2
2019,British Columbia,Median hourly wage rate,Full-time employees,Public administration [91],Total - Gender,15 years and over,Current dollars,35.71
2020,Canada,Median hourly wage rate,Full-time employees,"Total employees, all industries",Total - Gender,15 years and over,Current dollars,27.94
2020,Canada,Median hourly wage rate,Full-time employees,Goods-producing sector,Total - Gender,15 years and over,Current dollars,28.08
2020,Canada,Median hourly wage rate,Full-time employees,"Agriculture [111-112, 1100, 1151-1152]",Total - Gender,15 years and over,Current dollars,19.0
2020,Canada,Median hourly wage rate,Full-time employees,"Forestry, fishing, mining, quarrying, oil and gas [21, 113-114, 1153, 2100]",Total - Gender,15 years and over,Current dollars,40.0
2020,Canada,Median hourly wage rate,Full-time employees,Utilities [22],Total - Gender,15 years and over,Current dollars,44.0
2020,Canada,Median hourly wage rate,Full-time employees,Construction [23],Total - Gender,15 years and over,Current dollars,30.0
2020,Canada,Median hourly wage rate,Full-time employees,Manufacturing [31-33],Total - Gender,15 years and over,Current dollars,25.65
2020,Canada,Median hourly wage rate,Full-time employees,Services-producing sector,Total - Gender,15 years and over,Current dollars,27.64
2020,Canada,Median hourly wage rate,Full-time employees,"Wholesale and retail trade [41, 44-45]",Total - Gender,15 years and over,Current dollars,21.32
2020,Canada,Median hourly wage rate,Full-time employees,Transportation and warehousing [48-49],Total - Gender,15 years and over,Current dollars,26.0
2020,Canada,Median hourly wage rate,Full-time employees,"Finance, insurance, real estate, rental and leasing [52-53]",Total - Gender,15 years and over,Current dollars,31.25
2020,Canada,Median hourly wage rate,Full-time employees,"Professional, scientific and technical services [54]",Total - Gender,15 years and over,Current dollars,34.36
2020,Canada,Median hourly wage rate,Full-time employees,"Business, building and other support services [55-56]",Total - Gender,15 years and over,Current dollars,20.0
2020,Canada,Median hourly wage rate,Full-time employees,Educational services [61],Total - Gender,15 years and over,Current dollars,36.56
2020,Canada,Median hourly wage rate,Full-time employees,Health care and social assistance [62],Total - Gender,15 years and over,Current dollars,26.0
2020,Canada,Median hourly wage rate,Full-time employees,"Information, culture and recreation [51, 71]",Total - Gender,15 years and over,Current dollars,29.81
2020,Canada,Median hourly wage rate,Full-time employees,Accommodation and food services [72],Total - Gender,15 years and over,Current dollars,16.25
2020,Canada,Median hourly wage rate,Full-time employees,Other services (except public administration) [81],Total - Gender,15 years and over,Current dollars,24.04
2020,Canada,Median hourly wage rate,Full-time employees,Public administration [91],Total - Gender,15 years and over,Current dollars,37.95
2020,Newfoundland and Labrador,Median hourly wage rate,Full-time employees,"Total employees, all industries",Total - Gender,15 years and over,Current dollars,25.82
2020,Newfoundland and Labrador,Median hourly wage rate,Full-time employees,Goods-producing sector,Total - Gender,15 years and over,Current dollars,30.0
2020,Newfoundland and Labrador,Median hourly wage rate,Full-time employees,"Agriculture [111-112, 1100, 1151-1152]",Total - Gender,15 years and over,Current dollars,14.66
2020,Newfoundland and Labrador,Median hourly wage rate,Full-time employees,"Forestry, fishing, mining, quarrying, oil and gas [21, 113-114, 1153, 2100]",Total - Gender,15 years and over,Current dollars,36.0
2020,Newfoundland and Labrador,Median hourly wage rate,Full-time employees,Utilities [22],Total - Gender,15 years and over,Current dollars,43.63
2020,Newfoundland and Labrador,Median hourly wage rate,Full-time employees,Construction [23],Total - Gender,15 years and over,Current dollars,27.0
2020,Newfoundland and Labrador,Median hourly wage rate,Full-time employees,Manufacturing [31-33],Total - Gender,15 years and over,Current dollars,23.33
2020,Newfoundland and Labrador,Median hourly wage rate,Full-time employees,Services-producing sector,Total - Gender,15 years and over,Current dollars,25.0
2020,Newfoundland and Labrador,Median hourly wage rate,Full-time employees,"Wholesale and retail trade [41, 44-45]",Total - Gender,15 years and over,Current dollars,16.83
2020,Newfoundland and Labrador,Median hourly wage rate,Full-time employees,Transportation and warehousing [48-49],Total - Gender,15 years and over,Current dollars,25.87
2020,Newfoundland and Labrador,Median hourly wage rate,Full-time employees,"Finance, insurance, real estate, rental and leasing [52-53]",Total - Gender,15 years and over,Current dollars,24.52
2020,Newfoundland and Labrador,Median hourly wage rate,Full-time employees,"Professional, scientific and technical services [54]",Total - Gender,15 years and over,Current dollars,35.38
2020,Newfoundland and Labrador,Median hourly wage rate,Full-time employees,"Business, building and other support services [55-56]",Total - Gender,15 years and over,Current dollars,22.75
2020,Newfoundland and Labrador,Median hourly wage rate,Full-time employees,Educational services [61],Total - Gender,15 years and over,Current dollars,38.46
2020,Newfoundland and Labrador,Median hourly wage rate,Full-time employees,Health care and social assistance [62],Total - Gender,15 years and over,Current dollars,27.0
2020,Newfoundland and Labrador,Median hourly wage rate,Full-time employees,"Information, culture and recreation [51, 71]",Total - Gender,15 years and over,Current dollars,27.0
2020,Newfoundland and Labrador,Median hourly wage rate,Full-time employees,Accommodation and food services [72],Total - Gender,15 years and over,Current dollars,14.0
2020,Newfoundland and Labrador,Median hourly wage rate,Full-time employees,Other services (except public administration) [81],Total - Gender,15 years and over,Current dollars,19.0
2020,Newfoundland and Labrador,Median hourly wage rate,Full-time employees,Public administration [91],Total - Gender,15 years and over,Current dollars,31.5
2020,Prince Edward Island,Median hourly wage rate,Full-time employees,"Total employees, all industries",Total - Gender,15 years and over,Current dollars,22.12
2020,Prince Edward Island,Median hourly wage rate,Full-time employees,Goods-producing sector,Total - Gender,15 years and over,Current dollars,20.0
2020,Prince Edward Island,Median hourly wage rate,Full-time employees,"Agriculture [111-112, 1100, 1151-1152]",Total - Gender,15 years and over,Current dollars,16.87
2020,Prince Edward Island,Median hourly wage rate,Full-time employees,"Forestry, fishing, mining, quarrying, oil and gas [21, 113-114, 1153, 2100]",Total - Gender,15 years and over,Current dollars,20.0
2020,Prince Edward Island,Median hourly wage rate,Full-time employees,Utilities [22],Total - Gender,15 years and over,Current dollars,30.0
2020,Prince Edward Island,Median hourly wage rate,Full-time employees,Construction [23],Total - Gender,15 years and over,Current dollars,20.0
2020,Prince Edward Island,Median hourly wage rate,Full-time employees,Manufacturing [31-33],Total - Gender,15 years and over,Current dollars,21.0
2020,Prince Edward Island,Median hourly wage rate,Full-time employees,Services-producing sector,Total - Gender,15 years and over,Current dollars,23.75
2020,Prince Edward Island,Median hourly wage rate,Full-time employees,"Wholesale and retail trade [41, 44-45]",Total - Gender,15 years and over,Current dollars,16.74
2020,Prince Edward Island,Median hourly wage rate,Full-time employees,Transportation and warehousing [48-49],Total - Gender,15 years and over,Current dollars,20.0
2020,Prince Edward Island,Median hourly wage rate,Full-time employees,"Finance, insurance, real estate, rental and leasing [52-53]",Total - Gender,15 years and over,Current dollars,21.63
2020,Prince Edward Island,Median hourly wage rate,Full-time employees,"Professional, scientific and technical services [54]",Total - Gender,15 years and over,Current dollars,25.0
2020,Prince Edward Island,Median hourly wage rate,Full-time employees,"Business, building and other support services [55-56]",Total - Gender,15 years and over,Current dollars,14.5
2020,Prince Edward Island,Median hourly wage rate,Full-time employees,Educational services [61],Total - Gender,15 years and over,Current dollars,31.79
2020,Prince Edward Island,Median hourly wage rate,Full-time employees,Health care and social assistance [62],Total - Gender,15 years and over,Current dollars,24.0
2020,Prince Edward Island,Median hourly wage rate,Full-time employees,"Information, culture and recreation [51, 71]",Total - Gender,15 years and over,Current dollars,19.65
2020,Prince Edward Island,Median hourly wage rate,Full-time employees,Accommodation and food services [72],Total - Gender,15 years and over,Current dollars,14.0
2020,Prince Edward Island,Median hourly wage rate,Full-time employees,Other services (except public administration) [81],Total - Gender,15 years and over,Current dollars,18.0
2020,Prince Edward Island,Median hourly wage rate,Full-time employees,Public administration [91],Total - Gender,15 years and over,Current dollars,32.0
2020,Nova Scotia,Median hourly wage rate,Full-time employees,"Total employees, all industries",Total - Gender,15 years and over,Current dollars,23.8
2020,Nova Scotia,Median hourly wage rate,Full-time employees,Goods-producing sector,Total - Gender,15 years and over,Current dollars,23.65
2020,Nova Scotia,Median hourly wage rate,Full-time employees,"Agriculture [111-112, 1100, 1151-1152]",Total - Gender,15 years and over,Current dollars,16.25
2020,Nova Scotia,Median hourly wage rate,Full-time employees,"Forestry, fishing, mining, quarrying, oil and gas [21, 113-114, 1153, 2100]",Total - Gender,15 years and over,Current dollars,25.77
2020,Nova Scotia,Median hourly wage rate,Full-time employees,Utilities [22],Total - Gender,15 years and over,Current dollars,32.97
2020,Nova Scotia,Median hourly wage rate,Full-time employees,Construction [23],Total - Gender,15 years and over,Current dollars,24.0
2020,Nova Scotia,Median hourly wage rate,Full-time employees,Manufacturing [31-33],Total - Gender,15 years and over,Current dollars,22.0
2020,Nova Scotia,Median hourly wage rate,Full-time employees,Services-producing sector,Total - Gender,15 years and over,Current dollars,23.86
2020,Nova Scotia,Median hourly wage rate,Full-time employees,"Wholesale and retail trade [41, 44-45]",Total - Gender,15 years and over,Current dollars,18.5
2020,Nova Scotia,Median hourly wage rate,Full-time employees,Transportation and warehousing [48-49],Total - Gender,15 years and over,Current dollars,23.1
2020,Nova Scotia,Median hourly wage rate,Full-time employees,"Finance, insurance, real estate, rental and leasing [52-53]",Total - Gender,15 years and over,Current dollars,24.73
2020,Nova Scotia,Median hourly wage rate,Full-time employees,"Professional, scientific and technical services [54]",Total - Gender,15 years and over,Current dollars,27.69
2020,Nova Scotia,Median hourly wage rate,Full-time employees,"Business, building and other support services [55-56]",Total - Gender,15 years and over,Current dollars,16.35
2020,Nova Scotia,Median hourly wage rate,Full-time employees,Educational services [61],Total - Gender,15 years and over,Current dollars,30.77
2020,Nova Scotia,Median hourly wage rate,Full-time employees,Health care and social assistance [62],Total - Gender,15 years and over,Current dollars,24.04
2020,Nova Scotia,Median hourly wage rate,Full-time employees,"Information, culture and recreation [51, 71]",Total - Gender,15 years and over,Current dollars,23.08
2020,Nova Scotia,Median hourly wage rate,Full-time employees,Accommodation and food services [72],Total - Gender,15 years and over,Current dollars,14.0
2020,Nova Scotia,Median hourly wage rate,Full-time employees,Other services (except public administration) [81],Total - Gender,15 years and over,Current dollars,21.63
2020,Nova Scotia,Median hourly wage rate,Full-time employees,Public administration [91],Total - Gender,15 years and over,Current dollars,32.82
2020,New Brunswick,Median hourly wage rate,Full-time employees,"Total employees, all industries",Total - Gender,15 years and over,Current dollars,22.42
2020,New Brunswick,Median hourly wage rate,Full-time employees,Goods-producing sector,Total - Gender,15 years and over,Current dollars,21.59
2020,New Brunswick,Median hourly wage rate,Full-time employees,"Agriculture [111-112, 1100, 1151-1152]",Total - Gender,15 years and over,Current dollars,17.18
2020,New Brunswick,Median hourly wage rate,Full-time employees,"Forestry, fishing, mining, quarrying, oil and gas [21, 113-114, 1153, 2100]",Total - Gender,15 years and over,Current dollars,22.0
2020,New Brunswick,Median hourly wage rate,Full-time employees,Utilities [22],Total - Gender,15 years and over,Current dollars,38.0
2020,New Brunswick,Median hourly wage rate,Full-time employees,Construction [23],Total - Gender,15 years and over,Current dollars,22.0
2020,New Brunswick,Median hourly wage rate,Full-time employees,Manufacturing [31-33],Total - Gender,15 years and over,Current dollars,20.83
2020,New Brunswick,Median hourly wage rate,Full-time employees,Services-producing sector,Total - Gender,15 years and over,Current dollars,22.84
2020,New Brunswick,Median hourly wage rate,Full-time employees,"Wholesale and retail trade [41, 44-45]",Total - Gender,15 years and over,Current dollars,16.5
2020,New Brunswick,Median hourly wage rate,Full-time employees,Transportation and warehousing [48-49],Total - Gender,15 years and over,Current dollars,21.0
2020,New Brunswick,Median hourly wage rate,Full-time employees,"Finance, insurance, real estate, rental and leasing [52-53]",Total - Gender,15 years and over,Current dollars,25.03
2020,New Brunswick,Median hourly wage rate,Full-time employees,"Professional, scientific and technical services [54]",Total - Gender,15 years and over,Current dollars,29.22
2020,New Brunswick,Median hourly wage rate,Full-time employees,"Business, building and other support services [55-56]",Total - Gender,15 years and over,Current dollars,18.0
2020,New Brunswick,Median hourly wage rate,Full-time employees,Educational services [61],Total - Gender,15 years and over,Current dollars,30.29
2020,New Brunswick,Median hourly wage rate,Full-time employees,Health care and social assistance [62],Total - Gender,15 years and over,Current dollars,22.0
2020,New Brunswick,Median hourly wage rate,Full-time employees,"Information, culture and recreation [51, 71]",Total - Gender,15 years and over,Current dollars,25.0
2020,New Brunswick,Median hourly wage rate,Full-time employees,Accommodation and food services [72],Total - Gender,15 years and over,Current dollars,13.25
2020,New Brunswick,Median hourly wage rate,Full-time employees,Other services (except public administration) [81],Total - Gender,15 years and over,Current dollars,19.23
2020,New Brunswick,Median hourly wage rate,Full-time employees,Public administration [91],Total - Gender,15 years and over,Current dollars,31.79
2020,Quebec,Median hourly wage rate,Full-time employees,"Total employees, all industries",Total - Gender,15 years and over,Current dollars,26.5
2020,Quebec,Median hourly wage rate,Full-time employees,Goods-producing sector,Total - Gender,15 years and over,Current dollars,27.06
2020,Quebec,Median hourly wage rate,Full-time employees,"Agriculture [111-112, 1100, 1151-1152]",Total - Gender,15 years and over,Current dollars,18.0
2020,Quebec,Median hourly wage rate,Full-time employees,"Forestry, fishing, mining, quarrying, oil and gas [21, 113-114, 1153, 2100]",Total - Gender,15 years and over,Current dollars,34.62
2020,Quebec,Median hourly wage rate,Full-time employees,Utilities [22],Total - Gender,15 years and over,Current dollars,44.18
2020,Quebec,Median hourly wage rate,Full-time employees,Construction [23],Total - Gender,15 years and over,Current dollars,32.0
2020,Quebec,Median hourly wage rate,Full-time employees,Manufacturing [31-33],Total - Gender,15 years and over,Current dollars,25.0
2020,Quebec,Median hourly wage rate,Full-time employees,Services-producing sector,Total - Gender,15 years and over,Current dollars,26.15
2020,Quebec,Median hourly wage rate,Full-time employees,"Wholesale and retail trade [41, 44-45]",Total - Gender,15 years and over,Current dollars,20.0
2020,Quebec,Median hourly wage rate,Full-time employees,Transportation and warehousing [48-49],Total - Gender,15 years and over,Current dollars,25.0
2020,Quebec,Median hourly wage rate,Full-time employees,"Finance, insurance, real estate, rental and leasing [52-53]",Total - Gender,15 years and over,Current dollars,30.77
2020,Quebec,Median hourly wage rate,Full-time employees,"Professional, scientific and technical services [54]",Total - Gender,15 years and over,Current dollars,32.5
2020,Quebec,Median hourly wage rate,Full-time employees,"Business, building and other support services [55-56]",Total - Gender,15 years and over,Current dollars,19.23
2020,Quebec,Median hourly wage rate,Full-time employees,Educational services [61],Total - Gender,15 years and over,Current dollars,36.0
2020,Quebec,Median hourly wage rate,Full-time employees,Health care and social assistance [62],Total - Gender,15 years and over,Current dollars,24.56
2020,Quebec,Median hourly wage rate,Full-time employees,"Information, culture and recreation [51, 71]",Total - Gender,15 years and over,Current dollars,30.0
2020,Quebec,Median hourly wage rate,Full-time employees,Accommodation and food services [72],Total - Gender,15 years and over,Current dollars,16.0
2020,Quebec,Median hourly wage rate,Full-time employees,Other services (except public administration) [81],Total - Gender,15 years and over,Current dollars,23.0
2020,Quebec,Median hourly wage rate,Full-time employees,Public administration [91],Total - Gender,15 years and over,Current dollars,34.0
2020,Ontario,Median hourly wage rate,Full-time employees,"Total employees, all industries",Total - Gender,15 years and over,Current dollars,28.05
2020,Ontario,Median hourly wage rate,Full-time employees,Goods-producing sector,Total - Gender,15 years and over,Current dollars,27.0
2020,Ontario,Median hourly wage rate,Full-time employees,"Agriculture [111-112, 1100, 1151-1152]",Total - Gender,15 years and over,Current dollars,18.0
2020,Ontario,Median hourly wage rate,Full-time employees,"Forestry, fishing, mining, quarrying, oil and gas [21, 113-114, 1153, 2100]",Total - Gender,15 years and over,Current dollars,35.62
2020,Ontario,Median hourly wage rate,Full-time employees,Utilities [22],Total - Gender,15 years and over,Current dollars,46.15
2020,Ontario,Median hourly wage rate,Full-time employees,Construction [23],Total - Gender,15 years and over,Current dollars,29.0
2020,Ontario,Median hourly wage rate,Full-time employees,Manufacturing [31-33],Total - Gender,15 years and over,Current dollars,25.5
2020,Ontario,Median hourly wage rate,Full-time employees,Services-producing sector,Total - Gender,15 years and over,Current dollars,28.85
2020,Ontario,Median hourly wage rate,Full-time employees,"Wholesale and retail trade [41, 44-45]",Total - Gender,15 years and over,Current dollars,22.0
2020,Ontario,Median hourly wage rate,Full-time employees,Transportation and warehousing [48-49],Total - Gender,15 years and over,Current dollars,25.0
2020,Ontario,Median hourly wage rate,Full-time employees,"Finance, insurance, real estate, rental and leasing [52-53]",Total - Gender,15 years and over,Current dollars,33.27
2020,Ontario,Median hourly wage rate,Full-time employees,"Professional, scientific and technical services [54]",Total - Gender,15 years and over,Current dollars,36.06
2020,Ontario,Median hourly wage rate,Full-time employees,"Business, building and other support services [55-56]",Total - Gender,15 years and over,Current dollars,19.1
2020,Ontario,Median hourly wage rate,Full-time employees,Educational services [61],Total - Gender,15 years and over,Current dollars,38.97
2020,Ontario,Median hourly wage rate,Full-time employees,Health care and social assistance [62],Total - Gender,15 years and over,Current dollars,27.47
2020,Ontario,Median hourly wage rate,Full-time employees,"Information, culture and recreation [51, 71]",Total - Gender,15 years and over,Current dollars,30.0
2020,Ontario,Median hourly wage rate,Full-time employees,Accommodation and food services [72],Total - Gender,15 years and over,Current dollars,16.0
2020,Ontario,Median hourly wage rate,Full-time employees,Other services (except public administration) [81],Total - Gender,15 years and over,Current dollars,25.0
2020,Ontario,Median hourly wage rate,Full-time employees,Public administration [91],Total - Gender,15 years and over,Current dollars,41.03
2020,Manitoba,Median hourly wage rate,Full-time employees,"Total employees, all industries",Total - Gender,15 years and over,Current dollars,25.0
2020,Manitoba,Median hourly wage rate,Full-time employees,Goods-producing sector,Total - Gender,15 years and over,Current dollars,25.0
2020,Manitoba,Median hourly wage rate,Full-time employees,"Agriculture [111-112, 1100, 1151-1152]",Total - Gender,15 years and over,Current dollars,20.0
2020,Manitoba,Median hourly wage rate,Full-time employees,"Forestry, fishing, mining, quarrying, oil and gas [21, 113-114, 1153, 2100]",Total - Gender,15 years and over,Current dollars,38.0
2020,Manitoba,Median hourly wage rate,Full-time employees,Utilities [22],Total - Gender,15 years and over,Current dollars,41.83
2020,Manitoba,Median hourly wage rate,Full-time employees,Construction [23],Total - Gender,15 years and over,Current dollars,28.0
2020,Manitoba,Median hourly wage rate,Full-time employees,Manufacturing [31-33],Total - Gender,15 years and over,Current dollars,22.5
2020,Manitoba,Median hourly wage rate,Full-time employees,Services-producing sector,Total - Gender,15 years and over,Current dollars,25.0
2020,Manitoba,Median hourly wage rate,Full-time employees,"Wholesale and retail trade [41, 44-45]",Total - Gender,15 years and over,Current dollars,20.0
2020,Manitoba,Median hourly wage rate,Full-time employees,Transportation and warehousing [48-49],Total - Gender,15 years and over,Current dollars,25.0
2020,Manitoba,Median hourly wage rate,Full-time employees,"Finance, insurance, real estate, rental and leasing [52-53]",Total - Gender,15 years and over,Current dollars,28.85
2020,Manitoba,Median hourly wage rate,Full-time employees,"Professional, scientific and technical services [54]",Total - Gender,15 years and over,Current dollars,27.58
2020,Manitoba,Median hourly wage rate,Full-time employees,"Business, building and other support services [55-56]",Total - Gender,15 years and over,Current dollars,17.86
2020,Manitoba,Median hourly wage rate,Full-time employees,Educational services [61],Total - Gender,15 years and over,Current dollars,33.65
2020,Manitoba,Median hourly wage rate,Full-time employees,Health care and social assistance [62],Total - Gender,15 years and over,Current dollars,22.56
2020,Manitoba,Median hourly wage rate,Full-time employees,"Information, culture and recreation [51, 71]",Total - Gender,15 years and over,Current dollars,26.44
2020,Manitoba,Median hourly wage rate,Full-time employees,Accommodation and food services [72],Total - Gender,15 years and over,Current dollars,14.0
2020,Manitoba,Median hourly wage rate,Full-time employees,Other services (except public administration) [81],Total - Gender,15 years and over,Current dollars,22.0
2020,Manitoba,Median hourly wage rate,Full-time employees,Public administration [91],Total - Gender,15 years and over,Current dollars,34.51
2020,Saskatchewan,Median hourly wage rate,Full-time employees,"Total employees, all industries",Total - Gender,15 years and over,Current dollars,28.72
2020,Saskatchewan,Median hourly wage rate,Full-time employees,Goods-producing sector,Total - Gender,15 years and over,Current dollars,31.21
2020,Saskatchewan,Median hourly wage rate,Full-time employees,"Agriculture [111-112, 1100, 1151-1152]",Total - Gender,15 years and over,Current dollars,24.0
2020,Saskatchewan,Median hourly wage rate,Full-time employees,"Forestry, fishing, mining, quarrying, oil and gas [21, 113-114, 1153, 2100]",Total - Gender,15 years and over,Current dollars,42.5
2020,Saskatchewan,Median hourly wage rate,Full-time employees,Utilities [22],Total - Gender,15 years and over,Current dollars,42.0
2020,Saskatchewan,Median hourly wage rate,Full-time employees,Construction [23],Total - Gender,15 years and over,Current dollars,32.0
2020,Saskatchewan,Median hourly wage rate,Full-time employees,Manufacturing [31-33],Total - Gender,15 years and over,Current dollars,28.72
2020,Saskatchewan,Median hourly wage rate,Full-time employees,Services-producing sector,Total - Gender,15 years and over,Current dollars,27.5
2020,Saskatchewan,Median hourly wage rate,Full-time employees,"Wholesale and retail trade [41, 44-45]",Total - Gender,15 years and over,Current dollars,21.42
2020,Saskatchewan,Median hourly wage rate,Full-time employees,Transportation and warehousing [48-49],Total - Gender,15 years and over,Current dollars,26.83
2020,Saskatchewan,Median hourly wage rate,Full-time employees,"Finance, insurance, real estate, rental and leasing [52-53]",Total - Gender,15 years and over,Current dollars,30.29
2020,Saskatchewan,Median hourly wage rate,Full-time employees,"Professional, scientific and technical services [54]",Total - Gender,15 years and over,Current dollars,31.79
2020,Saskatchewan,Median hourly wage rate,Full-time employees,"Business, building and other support services [55-56]",Total - Gender,15 years and over,Current dollars,20.63
2020,Saskatchewan,Median hourly wage rate,Full-time employees,Educational services [61],Total - Gender,15 years and over,Current dollars,35.9
2020,Saskatchewan,Median hourly wage rate,Full-time employees,Health care and social assistance [62],Total - Gender,15 years and over,Current dollars,28.26
2020,Saskatchewan,Median hourly wage rate,Full-time employees,"Information, culture and recreation [51, 71]",Total - Gender,15 years and over,Current dollars,30.0
2020,Saskatchewan,Median hourly wage rate,Full-time employees,Accommodation and food services [72],Total - Gender,15 years and over,Current dollars,14.25
2020,Saskatchewan,Median hourly wage rate,Full-time employees,Other services (except public administration) [81],Total - Gender,15 years and over,Current dollars,23.49
2020,Saskatchewan,Median hourly wage rate,Full-time employees,Public administration [91],Total - Gender,15 years and over,Current dollars,35.0
2020,Alberta,Median hourly wage rate,Full-time employees,"Total employees, all industries",Total - Gender,15 years and over,Current dollars,31.52
2020,Alberta,Median hourly wage rate,Full-time employees,Goods-producing sector,Total - Gender,15 years and over,Current dollars,35.0
2020,Alberta,Median hourly wage rate,Full-time employees,"Agriculture [111-112, 1100, 1151-1152]",Total - Gender,15 years and over,Current dollars,23.08
2020,Alberta,Median hourly wage rate,Full-time employees,"Forestry, fishing, mining, quarrying, oil and gas [21, 113-114, 1153, 2100]",Total - Gender,15 years and over,Current dollars,46.63
2020,Alberta,Median hourly wage rate,Full-time employees,Utilities [22],Total - Gender,15 years and over,Current dollars,48.0
2020,Alberta,Median hourly wage rate,Full-time employees,Construction [23],Total - Gender,15 years and over,Current dollars,34.0
2020,Alberta,Median hourly wage rate,Full-time employees,Manufacturing [31-33],Total - Gender,15 years and over,Current dollars,30.0
2020,Alberta,Median hourly wage rate,Full-time employees,Services-producing sector,Total - Gender,15 years and over,Current dollars,30.0
2020,Alberta,Median hourly wage rate,Full-time employees,"Wholesale and retail trade [41, 44-45]",Total - Gender,15 years and over,Current dollars,24.0
2020,Alberta,Median hourly wage rate,Full-time employees,Transportation and warehousing [48-49],Total - Gender,15 years and over,Current dollars,30.0
2020,Alberta,Median hourly wage rate,Full-time employees,"Finance, insurance, real estate, rental and leasing [52-53]",Total - Gender,15 years and over,Current dollars,33.33
2020,Alberta,Median hourly wage rate,Full-time employees,"Professional, scientific and technical services [54]",Total - Gender,15 years and over,Current dollars,35.9
2020,Alberta,Median hourly wage rate,Full-time employees,"Business, building and other support services [55-56]",Total - Gender,15 years and over,Current dollars,24.0
2020,Alberta,Median hourly wage rate,Full-time employees,Educational services [61],Total - Gender,15 years and over,Current dollars,37.94
2020,Alberta,Median hourly wage rate,Full-time employees,Health care and social assistance [62],Total - Gender,15 years and over,Current dollars,30.0
2020,Alberta,Median hourly wage rate,Full-time employees,"Information, culture and recreation [51, 71]",Total - Gender,15 years and over,Current dollars,30.0
2020,Alberta,Median hourly wage rate,Full-time employees,Accommodation and food services [72],Total - Gender,15 years and over,Current dollars,16.78
2020,Alberta,Median hourly wage rate,Full-time employees,Other services (except public administration) [81],Total - Gender,15 years and over,Current dollars,28.65
2020,Alberta,Median hourly wage rate,Full-time employees,Public administration [91],Total - Gender,15 years and over,Current dollars,42.0
2020,British Columbia,Median hourly wage rate,Full-time employees,"Total employees, all industries",Total - Gender,15 years and over,Current dollars,28.72
2020,British Columbia,Median hourly wage rate,Full-time employees,Goods-producing sector,Total - Gender,15 years and over,Current dollars,30.0
2020,British Columbia,Median hourly wage rate,Full-time employees,"Agriculture [111-112, 1100, 1151-1152]",Total - Gender,15 years and over,Current dollars,19.0
2020,British Columbia,Median hourly wage rate,Full-time employees,"Forestry, fishing, mining, quarrying, oil and gas [21, 113-114, 1153, 2100]",Total - Gender,15 years and over,Current dollars,38.0
2020,British Columbia,Median hourly wage rate,Full-time employees,Utilities [22],Total - Gender,15 years and over,Current dollars,35.0
2020,British Columbia,Median hourly wage rate,Full-time employees,Construction [23],Total - Gender,15 years and over,Current dollars,30.0
2020,British Columbia,Median hourly wage rate,Full-time employees,Manufacturing [31-33],Total - Gender,15 years and over,Current dollars,28.85
2020,British Columbia,Median hourly wage rate,Full-time employees,Services-producing sector,Total - Gender,15 years and over,Current dollars,28.0
2020,British Columbia,Median hourly wage rate,Full-time employees,"Wholesale and retail trade [41, 44-45]",Total - Gender,15 years and over,Current dollars,22.75
2020,British Columbia,Median hourly wage rate,Full-time employees,Transportation and warehousing [48-49],Total - Gender,15 years and over,Current dollars,28.85
2020,British Columbia,Median hourly wage rate,Full-time employees,"Finance, insurance, real estate, rental and leasing [52-53]",Total - Gender,15 years and over,Current dollars,30.77
2020,British Columbia,Median hourly wage rate,Full-time employees,"Professional, scientific and technical services [54]",Total - Gender,15 years and over,Current dollars,33.85
2020,British Columbia,Median hourly wage rate,Full-time employees,"Business, building and other support services [55-56]",Total - Gender,15 years and over,Current dollars,22.0
2020,British Columbia,Median hourly wage rate,Full-time employees,Educational services [61],Total - Gender,15 years and over,Current dollars,33.17
2020,British Columbia,Median hourly wage rate,Full-time employees,Health care and social assistance [62],Total - Gender,15 years and over,Current dollars,26.0
2020,British Columbia,Median hourly wage rate,Full-time employees,"Information, culture and recreation [51, 71]",Total - Gender,15 years and over,Current dollars,31.25
2020,British Columbia,Median hourly wage rate,Full-time employees,Accommodation and food services [72],Total - Gender,15 years and over,Current dollars,18.0
2020,British Columbia,Median hourly wage rate,Full-time employees,Other services (except public administration) [81],Total - Gender,15 years and over,Current dollars,24.75
2020,British Columbia,Median hourly wage rate,Full-time employees,Public administration [91],Total - Gender,15 years and over,Current dollars,38.0
2021,Canada,Median hourly wage rate,Full-time employees,"Total employees, all industries",Total - Gender,15 years and over,Current dollars,28.57
2021,Canada,Median hourly wage rate,Full-time employees,Goods-producing sector,Total - Gender,15 years and over,Current dollars,28.85
2021,Canada,Median hourly wage rate,Full-time employees,"Agriculture [111-112, 1100, 1151-1152]",Total - Gender,15 years and over,Current dollars,20.0
2021,Canada,Median hourly wage rate,Full-time employees,"Forestry, fishing, mining, quarrying, oil and gas [21, 113-114, 1153, 2100]",Total - Gender,15 years and over,Current dollars,40.0
2021,Canada,Median hourly wage rate,Full-time employees,Utilities [22],Total - Gender,15 years and over,Current dollars,45.0
2021,Canada,Median hourly wage rate,Full-time employees,Construction [23],Total - Gender,15 years and over,Current dollars,30.0
2021,Canada,Median hourly wage rate,Full-time employees,Manufacturing [31-33],Total - Gender,15 years and over,Current dollars,25.96
2021,Canada,Median hourly wage rate,Full-time employees,Services-producing sector,Total - Gender,15 years and over,Current dollars,28.49
2021,Canada,Median hourly wage rate,Full-time employees,"Wholesale and retail trade [41, 44-45]",Total - Gender,15 years and over,Current dollars,21.75
2021,Canada,Median hourly wage rate,Full-time employees,Transportation and warehousing [48-49],Total - Gender,15 years and over,Current dollars,27.0
2021,Canada,Median hourly wage rate,Full-time employees,"Finance, insurance, real estate, rental and leasing [52-53]",Total - Gender,15 years and over,Current dollars,33.33
2021,Canada,Median hourly wage rate,Full-time employees,"Professional, scientific and technical services [54]",Total - Gender,15 years and over,Current dollars,34.62
2021,Canada,Median hourly wage rate,Full-time employees,"Business, building and other support services [55-56]",Total - Gender,15 years and over,Current dollars,20.0
2021,Canada,Median hourly wage rate,Full-time employees,Educational services [61],Total - Gender,15 years and over,Current dollars,36.67
2021,Canada,Median hourly wage rate,Full-time employees,Health care and social assistance [62],Total - Gender,15 years and over,Current dollars,26.37
2021,Canada,Median hourly wage rate,Full-time employees,"Information, culture and recreation [51, 71]",Total - Gender,15 years and over,Current dollars,30.77
2021,Canada,Median hourly wage rate,Full-time employees,Accommodation and food services [72],Total - Gender,15 years and over,Current dollars,16.6
2021,Canada,Median hourly wage rate,Full-time employees,Other services (except public administration) [81],Total - Gender,15 years and over,Current dollars,24.04
2021,Canada,Median hourly wage rate,Full-time employees,Public administration [91],Total - Gender,15 years and over,Current dollars,38.46
2021,Newfoundland and Labrador,Median hourly wage rate,Full-time employees,"Total employees, all industries",Total - Gender,15 years and over,Current dollars,26.0
2021,Newfoundland and Labrador,Median hourly wage rate,Full-time employees,Goods-producing sector,Total - Gender,15 years and over,Current dollars,30.77
2021,Newfoundland and Labrador,Median hourly wage rate,Full-time employees,"Agriculture [111-112, 1100, 1151-1152]",Total - Gender,15 years and over,Current dollars,20.0
2021,Newfoundland and Labrador,Median hourly wage rate,Full-time employees,"Forestry, fishing, mining, quarrying, oil and gas [21, 113-114, 1153, 2100]",Total - Gender,15 years and over,Current dollars,39.5
2021,Newfoundland and Labrador,Median hourly wage rate,Full-time employees,Utilities [22],Total - Gender,15 years and over,Current dollars,44.7
2021,Newfoundland and Labrador,Median hourly wage rate,Full-time employees,Construction [23],Total - Gender,15 years and over,Current dollars,28.5
2021,Newfoundland and Labrador,Median hourly wage rate,Full-time employees,Manufacturing [31-33],Total - Gender,15 years and over,Current dollars,22.5
2021,Newfoundland and Labrador,Median hourly wage rate,Full-time employees,Services-producing sector,Total - Gender,15 years and over,Current dollars,25.0
2021,Newfoundland and Labrador,Median hourly wage rate,Full-time employees,"Wholesale and retail trade [41, 44-45]",Total - Gender,15 years and over,Current dollars,19.0
2021,Newfoundland and Labrador,Median hourly wage rate,Full-time employees,Transportation and warehousing [48-49],Total - Gender,15 years and over,Current dollars,26.0
2021,Newfoundland and Labrador,Median hourly wage rate,Full-time employees,"Finance, insurance, real estate, rental and leasing [52-53]",Total - Gender,15 years and over,Current dollars,26.0
2021,Newfoundland and Labrador,Median hourly wage rate,Full-time employees,"Professional, scientific and technical services [54]",Total - Gender,15 years and over,Current dollars,30.25
2021,Newfoundland and Labrador,Median hourly wage rate,Full-time employees,"Business, building and other support services [55-56]",Total - Gender,15 years and over,Current dollars,20.51
2021,Newfoundland and Labrador,Median hourly wage rate,Full-time employees,Educational services [61],Total - Gender,15 years and over,Current dollars,38.94
2021,Newfoundland and Labrador,Median hourly wage rate,Full-time employees,Health care and social assistance [62],Total - Gender,15 years and over,Current dollars,25.0
2021,Newfoundland and Labrador,Median hourly wage rate,Full-time employees,"Information, culture and recreation [51, 71]",Total - Gender,15 years and over,Current dollars,25.7
2021,Newfoundland and Labrador,Median hourly wage rate,Full-time employees,Accommodation and food services [72],Total - Gender,15 years and over,Current dollars,14.0
2021,Newfoundland and Labrador,Median hourly wage rate,Full-time employees,Other services (except public administration) [81],Total - Gender,15 years and over,Current dollars,20.0
2021,Newfoundland and Labrador,Median hourly wage rate,Full-time employees,Public administration [91],Total - Gender,15 years and over,Current dollars,31.79
2021,Prince Edward Island,Median hourly wage rate,Full-time employees,"Total employees, all industries",Total - Gender,15 years and over,Current dollars,23.0
2021,Prince Edward Island,Median hourly wage rate,Full-time employees,Goods-producing sector,Total - Gender,15 years and over,Current dollars,21.0
2021,Prince Edward Island,Median hourly wage rate,Full-time employees,"Agriculture [111-112, 1100, 1151-1152]",Total - Gender,15 years and over,Current dollars,18.0
2021,Prince Edward Island,Median hourly wage rate,Full-time employees,"Forestry, fishing, mining, quarrying, oil and gas [21, 113-114, 1153, 2100]",Total - Gender,15 years and over,Current dollars,20.0
2021,Prince Edward Island,Median hourly wage rate,Full-time employees,Utilities [22],Total - Gender,15 years and over,Current dollars,45.0
2021,Prince Edward Island,Median hourly wage rate,Full-time employees,Construction [23],Total - Gender,15 years and over,Current dollars,22.0
2021,Prince Edward Island,Median hourly wage rate,Full-time employees,Manufacturing [31-33],Total - Gender,15 years and over,Current dollars,20.0
2021,Prince Edward Island,Median hourly wage rate,Full-time employees,Services-producing sector,Total - Gender,15 years and over,Current dollars,24.0
2021,Prince Edward Island,Median hourly wage rate,Full-time employees,"Wholesale and retail trade [41, 44-45]",Total - Gender,15 years and over,Current dollars,18.0
2021,Prince Edward Island,Median hourly wage rate,Full-time employees,Transportation and warehousing [48-49],Total - Gender,15 years and over,Current dollars,21.5
2021,Prince Edward Island,Median hourly wage rate,Full-time employees,"Finance, insurance, real estate, rental and leasing [52-53]",Total - Gender,15 years and over,Current dollars,24.1
2021,Prince Edward Island,Median hourly wage rate,Full-time employees,"Professional, scientific and technical services [54]",Total - Gender,15 years and over,Current dollars,25.0
2021,Prince Edward Island,Median hourly wage rate,Full-time employees,"Business, building and other support services [55-56]",Total - Gender,15 years and over,Current dollars,15.0
2021,Prince Edward Island,Median hourly wage rate,Full-time employees,Educational services [61],Total - Gender,15 years and over,Current dollars,36.06
2021,Prince Edward Island,Median hourly wage rate,Full-time employees,Health care and social assistance [62],Total - Gender,15 years and over,Current dollars,24.0
2021,Prince Edward Island,Median hourly wage rate,Full-time employees,"Information, culture and recreation [51, 71]",Total - Gender,15 years and over,Current dollars,18.64
2021,Prince Edward Island,Median hourly wage rate,Full-time employees,Accommodation and food services [72],Total - Gender,15 years and over,Current dollars,15.0
2021,Prince Edward Island,Median hourly wage rate,Full-time employees,Other services (except public administration) [81],Total - Gender,15 years and over,Current dollars,19.0
2021,Prince Edward Island,Median hourly wage rate,Full-time employees,Public administration [91],Total - Gender,15 years and over,Current dollars,32.05
2021,Nova Scotia,Median hourly wage rate,Full-time employees,"Total employees, all industries",Total - Gender,15 years and over,Current dollars,24.04
2021,Nova Scotia,Median hourly wage rate,Full-time employees,Goods-producing sector,Total - Gender,15 years and over,Current dollars,24.0
2021,Nova Scotia,Median hourly wage rate,Full-time employees,"Agriculture [111-112, 1100, 1151-1152]",Total - Gender,15 years and over,Current dollars,16.25
2021,Nova Scotia,Median hourly wage rate,Full-time employees,"Forestry, fishing, mining, quarrying, oil and gas [21, 113-114, 1153, 2100]",Total - Gender,15 years and over,Current dollars,24.04
2021,Nova Scotia,Median hourly wage rate,Full-time employees,Utilities [22],Total - Gender,15 years and over,Current dollars,38.97
2021,Nova Scotia,Median hourly wage rate,Full-time employees,Construction [23],Total - Gender,15 years and over,Current dollars,24.0
2021,Nova Scotia,Median hourly wage rate,Full-time employees,Manufacturing [31-33],Total - Gender,15 years and over,Current dollars,23.0
2021,Nova Scotia,Median hourly wage rate,Full-time employees,Services-producing sector,Total - Gender,15 years and over,Current dollars,24.41
2021,Nova Scotia,Median hourly wage rate,Full-time employees,"Wholesale and retail trade [41, 44-45]",Total - Gender,15 years and over,Current dollars,18.46
2021,Nova Scotia,Median hourly wage rate,Full-time employees,Transportation and warehousing [48-49],Total - Gender,15 years and over,Current dollars,25.0
2021,Nova Scotia,Median hourly wage rate,Full-time employees,"Finance, insurance, real estate, rental and leasing [52-53]",Total - Gender,15 years and over,Current dollars,25.64
2021,Nova Scotia,Median hourly wage rate,Full-time employees,"Professional, scientific and technical services [54]",Total - Gender,15 years and over,Current dollars,30.74
2021,Nova Scotia,Median hourly wage rate,Full-time employees,"Business, building and other support services [55-56]",Total - Gender,15 years and over,Current dollars,16.85
2021,Nova Scotia,Median hourly wage rate,Full-time employees,Educational services [61],Total - Gender,15 years and over,Current dollars,33.65
2021,Nova Scotia,Median hourly wage rate,Full-time employees,Health care and social assistance [62],Total - Gender,15 years and over,Current dollars,24.0
2021,Nova Scotia,Median hourly wage rate,Full-time employees,"Information, culture and recreation [51, 71]",Total - Gender,15 years and over,Current dollars,23.13
2021,Nova Scotia,Median hourly wage rate,Full-time employees,Accommodation and food services [72],Total - Gender,15 years and over,Current dollars,14.2
2021,Nova Scotia,Median hourly wage rate,Full-time employees,Other services (except public administration) [81],Total - Gender,15 years and over,Current dollars,21.98
2021,Nova Scotia,Median hourly wage rate,Full-time employees,Public administration [91],Total - Gender,15 years and over,Current dollars,36.0
2021,New Brunswick,Median hourly wage rate,Full-time employees,"Total employees, all industries",Total - Gender,15 years and over,Current dollars,23.63
2021,New Brunswick,Median hourly wage rate,Full-time employees,Goods-producing sector,Total - Gender,15 years and over,Current dollars,23.0
2021,New Brunswick,Median hourly wage rate,Full-time employees,"Agriculture [111-112, 1100, 1151-1152]",Total - Gender,15 years and over,Current dollars,17.0
2021,New Brunswick,Median hourly wage rate,Full-time employees,"Forestry, fishing, mining, quarrying, oil and gas [21, 113-114, 1153, 2100]",Total - Gender,15 years and over,Current dollars,25.0
2021,New Brunswick,Median hourly wage rate,Full-time employees,Utilities [22],Total - Gender,15 years and over,Current dollars,41.0
2021,New Brunswick,Median hourly wage rate,Full-time employees,Construction [23],Total - Gender,15 years and over,Current dollars,23.0
2021,New Brunswick,Median hourly wage rate,Full-time employees,Manufacturing [31-33],Total - Gender,15 years and over,Current dollars,22.0
2021,New Brunswick,Median hourly wage rate,Full-time employees,Services-producing sector,Total - Gender,15 years and over,Current dollars,24.0
2021,New Brunswick,Median hourly wage rate,Full-time employees,"Wholesale and retail trade [41, 44-45]",Total - Gender,15 years and over,Current dollars,18.0
2021,New Brunswick,Median hourly wage rate,Full-time employees,Transportation and warehousing [48-49],Total - Gender,15 years and over,Current dollars,21.0
2021,New Brunswick,Median hourly wage rate,Full-time employees,"Finance, insurance, real estate, rental and leasing [52-53]",Total - Gender,15 years and over,Current dollars,25.0
2021,New Brunswick,Median hourly wage rate,Full-time employees,"Professional, scientific and technical services [54]",Total - Gender,15 years and over,Current dollars,28.0
2021,New Brunswick,Median hourly wage rate,Full-time employees,"Business, building and other support services [55-56]",Total - Gender,15 years and over,Current dollars,18.0
2021,New Brunswick,Median hourly wage rate,Full-time employees,Educational services [61],Total - Gender,15 years and over,Current dollars,29.45
2021,New Brunswick,Median hourly wage rate,Full-time employees,Health care and social assistance [62],Total - Gender,15 years and over,Current dollars,23.23
2021,New Brunswick,Median hourly wage rate,Full-time employees,"Information, culture and recreation [51, 71]",Total - Gender,15 years and over,Current dollars,25.67
2021,New Brunswick,Median hourly wage rate,Full-time employees,Accommodation and food services [72],Total - Gender,15 years and over,Current dollars,14.5
2021,New Brunswick,Median hourly wage rate,Full-time employees,Other services (except public administration) [81],Total - Gender,15 years and over,Current dollars,20.28
2021,New Brunswick,Median hourly wage rate,Full-time employees,Public administration [91],Total - Gender,15 years and over,Current dollars,31.28
2021,Quebec,Median hourly wage rate,Full-time employees,"Total employees, all industries",Total - Gender,15 years and over,Current dollars,27.26
2021,Quebec,Median hourly wage rate,Full-time employees,Goods-producing sector,Total - Gender,15 years and over,Current dollars,27.85
2021,Quebec,Median hourly wage rate,Full-time employees,"Agriculture [111-112, 1100, 1151-1152]",Total - Gender,15 years and over,Current dollars,18.0
2021,Quebec,Median hourly wage rate,Full-time employees,"Forestry, fishing, mining, quarrying, oil and gas [21, 113-114, 1153, 2100]",Total - Gender,15 years and over,Current dollars,34.09
2021,Quebec,Median hourly wage rate,Full-time employees,Utilities [22],Total - Gender,15 years and over,Current dollars,46.7
2021,Quebec,Median hourly wage rate,Full-time employees,Construction [23],Total - Gender,15 years and over,Current dollars,32.0
2021,Quebec,Median hourly wage rate,Full-time employees,Manufacturing [31-33],Total - Gender,15 years and over,Current dollars,25.47
2021,Quebec,Median hourly wage rate,Full-time employees,Services-producing sector,Total - Gender,15 years and over,Current dollars,27.0
2021,Quebec,Median hourly wage rate,Full-time employees,"Wholesale and retail trade [41, 44-45]",Total - Gender,15 years and over,Current dollars,21.0
2021,Quebec,Median hourly wage rate,Full-time employees,Transportation and warehousing [48-49],Total - Gender,15 years and over,Current dollars,26.0
2021,Quebec,Median hourly wage rate,Full-time employees,"Finance, insurance, real estate, rental and leasing [52-53]",Total - Gender,15 years and over,Current dollars,32.5
2021,Quebec,Median hourly wage rate,Full-time employees,"Professional, scientific and technical services [54]",Total - Gender,15 years and over,Current dollars,30.77
2021,Quebec,Median hourly wage rate,Full-time employees,"Business, building and other support services [55-56]",Total - Gender,15 years and over,Current dollars,19.5
2021,Quebec,Median hourly wage rate,Full-time employees,Educational services [61],Total - Gender,15 years and over,Current dollars,35.5
2021,Quebec,Median hourly wage rate,Full-time employees,Health care and social assistance [62],Total - Gender,15 years and over,Current dollars,24.87
2021,Quebec,Median hourly wage rate,Full-time employees,"Information, culture and recreation [51, 71]",Total - Gender,15 years and over,Current dollars,30.0
2021,Quebec,Median hourly wage rate,Full-time employees,Accommodation and food services [72],Total - Gender,15 years and over,Current dollars,16.5
2021,Quebec,Median hourly wage rate,Full-time employees,Other services (except public administration) [81],Total - Gender,15 years and over,Current dollars,23.0
2021,Quebec,Median hourly wage rate,Full-time employees,Public administration [91],Total - Gender,15 years and over,Current dollars,36.05
2021,Ontario,Median hourly wage rate,Full-time employees,"Total employees, all industries",Total - Gender,15 years and over,Current dollars,29.0
2021,Ontario,Median hourly wage rate,Full-time employees,Goods-producing sector,Total - Gender,15 years and over,Current dollars,27.61
2021,Ontario,Median hourly wage rate,Full-time employees,"Agriculture [111-112, 1100, 1151-1152]",Total - Gender,15 years and over,Current dollars,20.0
2021,Ontario,Median hourly wage rate,Full-time employees,"Forestry, fishing, mining, quarrying, oil and gas [21, 113-114, 1153, 2100]",Total - Gender,15 years and over,Current dollars,38.0
2021,Ontario,Median hourly wage rate,Full-time employees,Utilities [22],Total - Gender,15 years and over,Current dollars,46.0
2021,Ontario,Median hourly wage rate,Full-time employees,Construction [23],Total - Gender,15 years and over,Current dollars,30.0
2021,Ontario,Median hourly wage rate,Full-time employees,Manufacturing [31-33],Total - Gender,15 years and over,Current dollars,25.38
2021,Ontario,Median hourly wage rate,Full-time employees,Services-producing sector,Total - Gender,15 years and over,Current dollars,29.81
2021,Ontario,Median hourly wage rate,Full-time employees,"Wholesale and retail trade [41, 44-45]",Total - Gender,15 years and over,Current dollars,22.0
2021,Ontario,Median hourly wage rate,Full-time employees,Transportation and warehousing [48-49],Total - Gender,15 years and over,Current dollars,26.44
2021,Ontario,Median hourly wage rate,Full-time employees,"Finance, insurance, real estate, rental and leasing [52-53]",Total - Gender,15 years and over,Current dollars,35.77
2021,Ontario,Median hourly wage rate,Full-time employees,"Professional, scientific and technical services [54]",Total - Gender,15 years and over,Current dollars,36.92
2021,Ontario,Median hourly wage rate,Full-time employees,"Business, building and other support services [55-56]",Total - Gender,15 years and over,Current dollars,20.0
2021,Ontario,Median hourly wage rate,Full-time employees,Educational services [61],Total - Gender,15 years and over,Current dollars,38.99
2021,Ontario,Median hourly wage rate,Full-time employees,Health care and social assistance [62],Total - Gender,15 years and over,Current dollars,27.22
2021,Ontario,Median hourly wage rate,Full-time employees,"Information, culture and recreation [51, 71]",Total - Gender,15 years and over,Current dollars,31.25
2021,Ontario,Median hourly wage rate,Full-time employees,Accommodation and food services [72],Total - Gender,15 years and over,Current dollars,16.03
2021,Ontario,Median hourly wage rate,Full-time employees,Other services (except public administration) [81],Total - Gender,15 years and over,Current dollars,24.73
2021,Ontario,Median hourly wage rate,Full-time employees,Public administration [91],Total - Gender,15 years and over,Current dollars,41.03
2021,Manitoba,Median hourly wage rate,Full-time employees,"Total employees, all industries",Total - Gender,15 years and over,Current dollars,25.0
2021,Manitoba,Median hourly wage rate,Full-time employees,Goods-producing sector,Total - Gender,15 years and over,Current dollars,25.0
2021,Manitoba,Median hourly wage rate,Full-time employees,"Agriculture [111-112, 1100, 1151-1152]",Total - Gender,15 years and over,Current dollars,21.0
2021,Manitoba,Median hourly wage rate,Full-time employees,"Forestry, fishing, mining, quarrying, oil and gas [21, 113-114, 1153, 2100]",Total - Gender,15 years and over,Current dollars,36.0
2021,Manitoba,Median hourly wage rate,Full-time employees,Utilities [22],Total - Gender,15 years and over,Current dollars,43.0
2021,Manitoba,Median hourly wage rate,Full-time employees,Construction [23],Total - Gender,15 years and over,Current dollars,28.0
2021,Manitoba,Median hourly wage rate,Full-time employees,Manufacturing [31-33],Total - Gender,15 years and over,Current dollars,23.0
2021,Manitoba,Median hourly wage rate,Full-time employees,Services-producing sector,Total - Gender,15 years and over,Current dollars,25.0
2021,Manitoba,Median hourly wage rate,Full-time employees,"Wholesale and retail trade [41, 44-45]",Total - Gender,15 years and over,Current dollars,20.09
2021,Manitoba,Median hourly wage rate,Full-time employees,Transportation and warehousing [48-49],Total - Gender,15 years and over,Current dollars,25.24
2021,Manitoba,Median hourly wage rate,Full-time employees,"Finance, insurance, real estate, rental and leasing [52-53]",Total - Gender,15 years and over,Current dollars,28.85
2021,Manitoba,Median hourly wage rate,Full-time employees,"Professional, scientific and technical services [54]",Total - Gender,15 years and over,Current dollars,30.05
2021,Manitoba,Median hourly wage rate,Full-time employees,"Business, building and other support services [55-56]",Total - Gender,15 years and over,Current dollars,17.0
2021,Manitoba,Median hourly wage rate,Full-time employees,Educational services [61],Total - Gender,15 years and over,Current dollars,33.65
2021,Manitoba,Median hourly wage rate,Full-time employees,Health care and social assistance [62],Total - Gender,15 years and over,Current dollars,24.0
2021,Manitoba,Median hourly wage rate,Full-time employees,"Information, culture and recreation [51, 71]",Total - Gender,15 years and over,Current dollars,25.25
2021,Manitoba,Median hourly wage rate,Full-time employees,Accommodation and food services [72],Total - Gender,15 years and over,Current dollars,14.0
2021,Manitoba,Median hourly wage rate,Full-time employees,Other services (except public administration) [81],Total - Gender,15 years and over,Current dollars,23.08
2021,Manitoba,Median hourly wage rate,Full-time employees,Public administration [91],Total - Gender,15 years and over,Current dollars,34.35
2021,Saskatchewan,Median hourly wage rate,Full-time employees,"Total employees, all industries",Total - Gender,15 years and over,Current dollars,28.45
2021,Saskatchewan,Median hourly wage rate,Full-time employees,Goods-producing sector,Total - Gender,15 years and over,Current dollars,30.22
2021,Saskatchewan,Median hourly wage rate,Full-time employees,"Agriculture [111-112, 1100, 1151-1152]",Total - Gender,15 years and over,Current dollars,24.04
2021,Saskatchewan,Median hourly wage rate,Full-time employees,"Forestry, fishing, mining, quarrying, oil and gas [21, 113-114, 1153, 2100]",Total - Gender,15 years and over,Current dollars,42.5
2021,Saskatchewan,Median hourly wage rate,Full-time employees,Utilities [22],Total - Gender,15 years and over,Current dollars,40.54
2021,Saskatchewan,Median hourly wage rate,Full-time employees,Construction [23],Total - Gender,15 years and over,Current dollars,29.0
2021,Saskatchewan,Median hourly wage rate,Full-time employees,Manufacturing [31-33],Total - Gender,15 years and over,Current dollars,27.85
2021,Saskatchewan,Median hourly wage rate,Full-time employees,Services-producing sector,Total - Gender,15 years and over,Current dollars,27.5
2021,Saskatchewan,Median hourly wage rate,Full-time employees,"Wholesale and retail trade [41, 44-45]",Total - Gender,15 years and over,Current dollars,22.0
2021,Saskatchewan,Median hourly wage rate,Full-time employees,Transportation and warehousing [48-49],Total - Gender,15 years and over,Current dollars,28.0
2021,Saskatchewan,Median hourly wage rate,Full-time employees,"Finance, insurance, real estate, rental and leasing [52-53]",Total - Gender,15 years and over,Current dollars,32.0
2021,Saskatchewan,Median hourly wage rate,Full-time employees,"Professional, scientific and technical services [54]",Total - Gender,15 years and over,Current dollars,30.77
2021,Saskatchewan,Median hourly wage rate,Full-time employees,"Business, building and other support services [55-56]",Total - Gender,15 years and over,Current dollars,21.5
2021,Saskatchewan,Median hourly wage rate,Full-time employees,Educational services [61],Total - Gender,15 years and over,Current dollars,35.58
2021,Saskatchewan,Median hourly wage rate,Full-time employees,Health care and social assistance [62],Total - Gender,15 years and over,Current dollars,26.5
2021,Saskatchewan,Median hourly wage rate,Full-time employees,"Information, culture and recreation [51, 71]",Total - Gender,15 years and over,Current dollars,31.79
2021,Saskatchewan,Median hourly wage rate,Full-time employees,Accommodation and food services [72],Total - Gender,15 years and over,Current dollars,14.5
2021,Saskatchewan,Median hourly wage rate,Full-time employees,Other services (except public administration) [81],Total - Gender,15 years and over,Current dollars,23.0
2021,Saskatchewan,Median hourly wage rate,Full-time employees,Public administration [91],Total - Gender,15 years and over,Current dollars,36.06
2021,Alberta,Median hourly wage rate,Full-time employees,"Total employees, all industries",Total - Gender,15 years and over,Current dollars,31.0
2021,Alberta,Median hourly wage rate,Full-time employees,Goods-producing sector,Total - Gender,15 years and over,Current dollars,35.0
2021,Alberta,Median hourly wage rate,Full-time employees,"Agriculture [111-112, 1100, 1151-1152]",Total - Gender,15 years and over,Current dollars,22.0
2021,Alberta,Median hourly wage rate,Full-time employees,"Forestry, fishing, mining, quarrying, oil and gas [21, 113-114, 1153, 2100]",Total - Gender,15 years and over,Current dollars,46.15
2021,Alberta,Median hourly wage rate,Full-time employees,Utilities [22],Total - Gender,15 years and over,Current dollars,49.0
2021,Alberta,Median hourly wage rate,Full-time employees,Construction [23],Total - Gender,15 years and over,Current dollars,32.69
2021,Alberta,Median hourly wage rate,Full-time employees,Manufacturing [31-33],Total - Gender,15 years and over,Current dollars,30.5
2021,Alberta,Median hourly wage rate,Full-time employees,Services-producing sector,Total - Gender,15 years and over,Current dollars,29.81
2021,Alberta,Median hourly wage rate,Full-time employees,"Wholesale and retail trade [41, 44-45]",Total - Gender,15 years and over,Current dollars,24.0
2021,Alberta,Median hourly wage rate,Full-time employees,Transportation and warehousing [48-49],Total - Gender,15 years and over,Current dollars,30.33
2021,Alberta,Median hourly wage rate,Full-time employees,"Finance, insurance, real estate, rental and leasing [52-53]",Total - Gender,15 years and over,Current dollars,32.21
2021,Alberta,Median hourly wage rate,Full-time employees,"Professional, scientific and technical services [54]",Total - Gender,15 years and over,Current dollars,36.0
2021,Alberta,Median hourly wage rate,Full-time employees,"Business, building and other support services [55-56]",Total - Gender,15 years and over,Current dollars,22.0
2021,Alberta,Median hourly wage rate,Full-time employees,Educational services [61],Total - Gender,15 years and over,Current dollars,39.76
2021,Alberta,Median hourly wage rate,Full-time employees,Health care and social assistance [62],Total - Gender,15 years and over,Current dollars,28.7
2021,Alberta,Median hourly wage rate,Full-time employees,"Information, culture and recreation [51, 71]",Total - Gender,15 years and over,Current dollars,32.0
2021,Alberta,Median hourly wage rate,Full-time employees,Accommodation and food services [72],Total - Gender,15 years and over,Current dollars,17.0
2021,Alberta,Median hourly wage rate,Full-time employees,Other services (except public administration) [81],Total - Gender,15 years and over,Current dollars,26.82
2021,Alberta,Median hourly wage rate,Full-time employees,Public administration [91],Total - Gender,15 years and over,Current dollars,41.44
2021,British Columbia,Median hourly wage rate,Full-time employees,"Total employees, all industries",Total - Gender,15 years and over,Current dollars,29.81
2021,British Columbia,Median hourly wage rate,Full-time employees,Goods-producing sector,Total - Gender,15 years and over,Current dollars,31.5
2021,British Columbia,Median hourly wage rate,Full-time employees,"Agriculture [111-112, 1100, 1151-1152]",Total - Gender,15 years and over,Current dollars,20.0
2021,British Columbia,Median hourly wage rate,Full-time employees,"Forestry, fishing, mining, quarrying, oil and gas [21, 113-114, 1153, 2100]",Total - Gender,15 years and over,Current dollars,40.0
2021,British Columbia,Median hourly wage rate,Full-time employees,Utilities [22],Total - Gender,15 years and over,Current dollars,42.0
2021,British Columbia,Median hourly wage rate,Full-time employees,Construction [23],Total - Gender,15 years and over,Current dollars,31.25
2021,British Columbia,Median hourly wage rate,Full-time employees,Manufacturing [31-33],Total - Gender,15 years and over,Current dollars,28.85
2021,British Columbia,Median hourly wage rate,Full-time employees,Services-producing sector,Total - Gender,15 years and over,Current dollars,29.0
2021,British Columbia,Median hourly wage rate,Full-time employees,"Wholesale and retail trade [41, 44-45]",Total - Gender,15 years and over,Current dollars,22.65
2021,British Columbia,Median hourly wage rate,Full-time employees,Transportation and warehousing [48-49],Total - Gender,15 years and over,Current dollars,28.85
2021,British Columbia,Median hourly wage rate,Full-time employees,"Finance, insurance, real estate, rental and leasing [52-53]",Total - Gender,15 years and over,Current dollars,33.33
2021,British Columbia,Median hourly wage rate,Full-time employees,"Professional, scientific and technical services [54]",Total - Gender,15 years and over,Current dollars,36.06
2021,British Columbia,Median hourly wage rate,Full-time employees,"Business, building and other support services [55-56]",Total - Gender,15 years and over,Current dollars,23.0
2021,British Columbia,Median hourly wage rate,Full-time employees,Educational services [61],Total - Gender,15 years and over,Current dollars,32.97
2021,British Columbia,Median hourly wage rate,Full-time employees,Health care and social assistance [62],Total - Gender,15 years and over,Current dollars,28.52
2021,British Columbia,Median hourly wage rate,Full-time employees,"Information, culture and recreation [51, 71]",Total - Gender,15 years and over,Current dollars,33.65
2021,British Columbia,Median hourly wage rate,Full-time employees,Accommodation and food services [72],Total - Gender,15 years and over,Current dollars,18.0
2021,British Columbia,Median hourly wage rate,Full-time employees,Other services (except public administration) [81],Total - Gender,15 years and over,Current dollars,25.0
2021,British Columbia,Median hourly wage rate,Full-time employees,Public administration [91],Total - Gender,15 years and over,Current dollars,38.0
2022,Canada,Median hourly wage rate,Full-time employees,"Total employees, all industries",Total - Gender,15 years and over,Current dollars,29.75
2022,Canada,Median hourly wage rate,Full-time employees,Goods-producing sector,Total - Gender,15 years and over,Current dollars,30.0
2022,Canada,Median hourly wage rate,Full-time employees,"Agriculture [111-112, 1100, 1151-1152]",Total - Gender,15 years and over,Current dollars,20.0
2022,Canada,Median hourly wage rate,Full-time employees,"Forestry, fishing, mining, quarrying, oil and gas [21, 113-114, 1153, 2100]",Total - Gender,15 years and over,Current dollars,40.0
2022,Canada,Median hourly wage rate,Full-time employees,Utilities [22],Total - Gender,15 years and over,Current dollars,46.0
2022,Canada,Median hourly wage rate,Full-time employees,Construction [23],Total - Gender,15 years and over,Current dollars,32.0
2022,Canada,Median hourly wage rate,Full-time employees,Manufacturing [31-33],Total - Gender,15 years and over,Current dollars,27.0
2022,Canada,Median hourly wage rate,Full-time employees,Services-producing sector,Total - Gender,15 years and over,Current dollars,29.3
2022,Canada,Median hourly wage rate,Full-time employees,"Wholesale and retail trade [41, 44-45]",Total - Gender,15 years and over,Current dollars,23.0
2022,Canada,Median hourly wage rate,Full-time employees,Transportation and warehousing [48-49],Total - Gender,15 years and over,Current dollars,28.0
2022,Canada,Median hourly wage rate,Full-time employees,"Finance, insurance, real estate, rental and leasing [52-53]",Total - Gender,15 years and over,Current dollars,34.25
2022,Canada,Median hourly wage rate,Full-time employees,"Professional, scientific and technical services [54]",Total - Gender,15 years and over,Current dollars,37.36
2022,Canada,Median hourly wage rate,Full-time employees,"Business, building and other support services [55-56]",Total - Gender,15 years and over,Current dollars,21.75
2022,Canada,Median hourly wage rate,Full-time employees,Educational services [61],Total - Gender,15 years and over,Current dollars,37.44
2022,Canada,Median hourly wage rate,Full-time employees,Health care and social assistance [62],Total - Gender,15 years and over,Current dollars,27.79
2022,Canada,Median hourly wage rate,Full-time employees,"Information, culture and recreation [51, 71]",Total - Gender,15 years and over,Current dollars,30.58
2022,Canada,Median hourly wage rate,Full-time employees,Accommodation and food services [72],Total - Gender,15 years and over,Current dollars,18.0
2022,Canada,Median hourly wage rate,Full-time employees,Other services (except public administration) [81],Total - Gender,15 years and over,Current dollars,25.0
2022,Canada,Median hourly wage rate,Full-time employees,Public administration [91],Total - Gender,15 years and over,Current dollars,39.68
2022,Newfoundland and Labrador,Median hourly wage rate,Full-time employees,"Total employees, all industries",Total - Gender,15 years and over,Current dollars,27.5
2022,Newfoundland and Labrador,Median hourly wage rate,Full-time employees,Goods-producing sector,Total - Gender,15 years and over,Current dollars,32.0
2022,Newfoundland and Labrador,Median hourly wage rate,Full-time employees,"Agriculture [111-112, 1100, 1151-1152]",Total - Gender,15 years and over,Current dollars,19.0
2022,Newfoundland and Labrador,Median hourly wage rate,Full-time employees,"Forestry, fishing, mining, quarrying, oil and gas [21, 113-114, 1153, 2100]",Total - Gender,15 years and over,Current dollars,40.05
2022,Newfoundland and Labrador,Median hourly wage rate,Full-time employees,Utilities [22],Total - Gender,15 years and over,Current dollars,43.0
2022,Newfoundland and Labrador,Median hourly wage rate,Full-time employees,Construction [23],Total - Gender,15 years and over,Current dollars,28.0
2022,Newfoundland and Labrador,Median hourly wage rate,Full-time employees,Manufacturing [31-33],Total - Gender,15 years and over,Current dollars,26.0
2022,Newfoundland and Labrador,Median hourly wage rate,Full-time employees,Services-producing sector,Total - Gender,15 years and over,Current dollars,26.44
2022,Newfoundland and Labrador,Median hourly wage rate,Full-time employees,"Wholesale and retail trade [41, 44-45]",Total - Gender,15 years and over,Current dollars,18.0
2022,Newfoundland and Labrador,Median hourly wage rate,Full-time employees,Transportation and warehousing [48-49],Total - Gender,15 years and over,Current dollars,26.44
2022,Newfoundland and Labrador,Median hourly wage rate,Full-time employees,"Finance, insurance, real estate, rental and leasing [52-53]",Total - Gender,15 years and over,Current dollars,28.46
2022,Newfoundland and Labrador,Median hourly wage rate,Full-time employees,"Professional, scientific and technical services [54]",Total - Gender,15 years and over,Current dollars,35.0
2022,Newfoundland and Labrador,Median hourly wage rate,Full-time employees,"Business, building and other support services [55-56]",Total - Gender,15 years and over,Current dollars,21.0
2022,Newfoundland and Labrador,Median hourly wage rate,Full-time employees,Educational services [61],Total - Gender,15 years and over,Current dollars,38.0
2022,Newfoundland and Labrador,Median hourly wage rate,Full-time employees,Health care and social assistance [62],Total - Gender,15 years and over,Current dollars,26.86
2022,Newfoundland and Labrador,Median hourly wage rate,Full-time employees,"Information, culture and recreation [51, 71]",Total - Gender,15 years and over,Current dollars,28.0
2022,Newfoundland and Labrador,Median hourly wage rate,Full-time employees,Accommodation and food services [72],Total - Gender,15 years and over,Current dollars,15.5
2022,Newfoundland and Labrador,Median hourly wage rate,Full-time employees,Other services (except public administration) [81],Total - Gender,15 years and over,Current dollars,20.0
2022,Newfoundland and Labrador,Median hourly wage rate,Full-time employees,Public administration [91],Total - Gender,15 years and over,Current dollars,34.15
2022,Prince Edward Island,Median hourly wage rate,Full-time employees,"Total employees, all industries",Total - Gender,15 years and over,Current dollars,24.5
2022,Prince Edward Island,Median hourly wage rate,Full-time employees,Goods-producing sector,Total - Gender,15 years and over,Current dollars,21.63
2022,Prince Edward Island,Median hourly wage rate,Full-time employees,"Agriculture [111-112, 1100, 1151-1152]",Total - Gender,15 years and over,Current dollars,19.23
2022,Prince Edward Island,Median hourly wage rate,Full-time employees,"Forestry, fishing, mining, quarrying, oil and gas [21, 113-114, 1153, 2100]",Total - Gender,15 years and over,Current dollars,22.0
2022,Prince Edward Island,Median hourly wage rate,Full-time employees,Utilities [22],Total - Gender,15 years and over,Current dollars,35.0
2022,Prince Edward Island,Median hourly wage rate,Full-time employees,Construction [23],Total - Gender,15 years and over,Current dollars,23.0
2022,Prince Edward Island,Median hourly wage rate,Full-time employees,Manufacturing [31-33],Total - Gender,15 years and over,Current dollars,21.0
2022,Prince Edward Island,Median hourly wage rate,Full-time employees,Services-producing sector,Total - Gender,15 years and over,Current dollars,26.0
2022,Prince Edward Island,Median hourly wage rate,Full-time employees,"Wholesale and retail trade [41, 44-45]",Total - Gender,15 years and over,Current dollars,18.0
2022,Prince Edward Island,Median hourly wage rate,Full-time employees,Transportation and warehousing [48-49],Total - Gender,15 years and over,Current dollars,23.0
2022,Prince Edward Island,Median hourly wage rate,Full-time employees,"Finance, insurance, real estate, rental and leasing [52-53]",Total - Gender,15 years and over,Current dollars,27.69
2022,Prince Edward Island,Median hourly wage rate,Full-time employees,"Professional, scientific and technical services [54]",Total - Gender,15 years and over,Current dollars,28.94
2022,Prince Edward Island,Median hourly wage rate,Full-time employees,"Business, building and other support services [55-56]",Total - Gender,15 years and over,Current dollars,17.95
2022,Prince Edward Island,Median hourly wage rate,Full-time employees,Educational services [61],Total - Gender,15 years and over,Current dollars,33.65
2022,Prince Edward Island,Median hourly wage rate,Full-time employees,Health care and social assistance [62],Total - Gender,15 years and over,Current dollars,26.67
2022,Prince Edward Island,Median hourly wage rate,Full-time employees,"Information, culture and recreation [51, 71]",Total - Gender,15 years and over,Current dollars,20.35
2022,Prince Edward Island,Median hourly wage rate,Full-time employees,Accommodation and food services [72],Total - Gender,15 years and over,Current dollars,16.5
2022,Prince Edward Island,Median hourly wage rate,Full-time employees,Other services (except public administration) [81],Total - Gender,15 years and over,Current dollars,22.5
2022,Prince Edward Island,Median hourly wage rate,Full-time employees,Public administration [91],Total - Gender,15 years and over,Current dollars,33.67
2022,Nova Scotia,Median hourly wage rate,Full-time employees,"Total employees, all industries",Total - Gender,15 years and over,Current dollars,25.0
2022,Nova Scotia,Median hourly wage rate,Full-time employees,Goods-producing sector,Total - Gender,15 years and over,Current dollars,25.0
2022,Nova Scotia,Median hourly wage rate,Full-time employees,"Agriculture [111-112, 1100, 1151-1152]",Total - Gender,15 years and over,Current dollars,16.4
2022,Nova Scotia,Median hourly wage rate,Full-time employees,"Forestry, fishing, mining, quarrying, oil and gas [21, 113-114, 1153, 2100]",Total - Gender,15 years and over,Current dollars,27.0
2022,Nova Scotia,Median hourly wage rate,Full-time employees,Utilities [22],Total - Gender,15 years and over,Current dollars,38.46
2022,Nova Scotia,Median hourly wage rate,Full-time employees,Construction [23],Total - Gender,15 years and over,Current dollars,25.0
2022,Nova Scotia,Median hourly wage rate,Full-time employees,Manufacturing [31-33],Total - Gender,15 years and over,Current dollars,24.0
2022,Nova Scotia,Median hourly wage rate,Full-time employees,Services-producing sector,Total - Gender,15 years and over,Current dollars,25.0
2022,Nova Scotia,Median hourly wage rate,Full-time employees,"Wholesale and retail trade [41, 44-45]",Total - Gender,15 years and over,Current dollars,19.0
2022,Nova Scotia,Median hourly wage rate,Full-time employees,Transportation and warehousing [48-49],Total - Gender,15 years and over,Current dollars,25.0
2022,Nova Scotia,Median hourly wage rate,Full-time employees,"Finance, insurance, real estate, rental and leasing [52-53]",Total - Gender,15 years and over,Current dollars,25.64
2022,Nova Scotia,Median hourly wage rate,Full-time employees,"Professional, scientific and technical services [54]",Total - Gender,15 years and over,Current dollars,33.65
2022,Nova Scotia,Median hourly wage rate,Full-time employees,"Business, building and other support services [55-56]",Total - Gender,15 years and over,Current dollars,18.75
2022,Nova Scotia,Median hourly wage rate,Full-time employees,Educational services [61],Total - Gender,15 years and over,Current dollars,32.42
2022,Nova Scotia,Median hourly wage rate,Full-time employees,Health care and social assistance [62],Total - Gender,15 years and over,Current dollars,24.83
2022,Nova Scotia,Median hourly wage rate,Full-time employees,"Information, culture and recreation [51, 71]",Total - Gender,15 years and over,Current dollars,25.0
2022,Nova Scotia,Median hourly wage rate,Full-time employees,Accommodation and food services [72],Total - Gender,15 years and over,Current dollars,15.0
2022,Nova Scotia,Median hourly wage rate,Full-time employees,Other services (except public administration) [81],Total - Gender,15 years and over,Current dollars,22.0
2022,Nova Scotia,Median hourly wage rate,Full-time employees,Public administration [91],Total - Gender,15 years and over,Current dollars,36.92
2022,New Brunswick,Median hourly wage rate,Full-time employees,"Total employees, all industries",Total - Gender,15 years and over,Current dollars,25.0
2022,New Brunswick,Median hourly wage rate,Full-time employees,Goods-producing sector,Total - Gender,15 years and over,Current dollars,24.12
2022,New Brunswick,Median hourly wage rate,Full-time employees,"Agriculture [111-112, 1100, 1151-1152]",Total - Gender,15 years and over,Current dollars,19.0
2022,New Brunswick,Median hourly wage rate,Full-time employees,"Forestry, fishing, mining, quarrying, oil and gas [21, 113-114, 1153, 2100]",Total - Gender,15 years and over,Current dollars,23.74
2022,New Brunswick,Median hourly wage rate,Full-time employees,Utilities [22],Total - Gender,15 years and over,Current dollars,42.8
2022,New Brunswick,Median hourly wage rate,Full-time employees,Construction [23],Total - Gender,15 years and over,Current dollars,25.0
2022,New Brunswick,Median hourly wage rate,Full-time employees,Manufacturing [31-33],Total - Gender,15 years and over,Current dollars,23.35
2022,New Brunswick,Median hourly wage rate,Full-time employees,Services-producing sector,Total - Gender,15 years and over,Current dollars,25.0
2022,New Brunswick,Median hourly wage rate,Full-time employees,"Wholesale and retail trade [41, 44-45]",Total - Gender,15 years and over,Current dollars,18.0
2022,New Brunswick,Median hourly wage rate,Full-time employees,Transportation and warehousing [48-49],Total - Gender,15 years and over,Current dollars,21.75
2022,New Brunswick,Median hourly wage rate,Full-time employees,"Finance, insurance, real estate, rental and leasing [52-53]",Total - Gender,15 years and over,Current dollars,26.67
2022,New Brunswick,Median hourly wage rate,Full-time employees,"Professional, scientific and technical services [54]",Total - Gender,15 years and over,Current dollars,33.75
2022,New Brunswick,Median hourly wage rate,Full-time employees,"Business, building and other support services [55-56]",Total - Gender,15 years and over,Current dollars,18.0
2022,New Brunswick,Median hourly wage rate,Full-time employees,Educational services [61],Total - Gender,15 years and over,Current dollars,33.78
2022,New Brunswick,Median hourly wage rate,Full-time employees,Health care and social assistance [62],Total - Gender,15 years and over,Current dollars,24.37
2022,New Brunswick,Median hourly wage rate,Full-time employees,"Information, culture and recreation [51, 71]",Total - Gender,15 years and over,Current dollars,25.0
2022,New Brunswick,Median hourly wage rate,Full-time employees,Accommodation and food services [72],Total - Gender,15 years and over,Current dollars,15.5
2022,New Brunswick,Median hourly wage rate,Full-time employees,Other services (except public administration) [81],Total - Gender,15 years and over,Current dollars,21.0
2022,New Brunswick,Median hourly wage rate,Full-time employees,Public administration [91],Total - Gender,15 years and over,Current dollars,35.0
2022,Quebec,Median hourly wage rate,Full-time employees,"Total employees, all industries",Total - Gender,15 years and over,Current dollars,29.0
2022,Quebec,Median hourly wage rate,Full-time employees,Goods-producing sector,Total - Gender,15 years and over,Current dollars,29.98
2022,Quebec,Median hourly wage rate,Full-time employees,"Agriculture [111-112, 1100, 1151-1152]",Total - Gender,15 years and over,Current dollars,20.0
2022,Quebec,Median hourly wage rate,Full-time employees,"Forestry, fishing, mining, quarrying, oil and gas [21, 113-114, 1153, 2100]",Total - Gender,15 years and over,Current dollars,37.0
2022,Quebec,Median hourly wage rate,Full-time employees,Utilities [22],Total - Gender,15 years and over,Current dollars,46.58
2022,Quebec,Median hourly wage rate,Full-time employees,Construction [23],Total - Gender,15 years and over,Current dollars,35.0
2022,Quebec,Median hourly wage rate,Full-time employees,Manufacturing [31-33],Total - Gender,15 years and over,Current dollars,27.0
2022,Quebec,Median hourly wage rate,Full-time employees,Services-producing sector,Total - Gender,15 years and over,Current dollars,28.85
2022,Quebec,Median hourly wage rate,Full-time employees,"Wholesale and retail trade [41, 44-45]",Total - Gender,15 years and over,Current dollars,22.4
2022,Quebec,Median hourly wage rate,Full-time employees,Transportation and warehousing [48-49],Total - Gender,15 years and over,Current dollars,27.0
2022,Quebec,Median hourly wage rate,Full-time employees,"Finance, insurance, real estate, rental and leasing [52-53]",Total - Gender,15 years and over,Current dollars,33.33
2022,Quebec,Median hourly wage rate,Full-time employees,"Professional, scientific and technical services [54]",Total - Gender,15 years and over,Current dollars,34.62
2022,Quebec,Median hourly wage rate,Full-time employees,"Business, building and other support services [55-56]",Total - Gender,15 years and over,Current dollars,22.0
2022,Quebec,Median hourly wage rate,Full-time employees,Educational services [61],Total - Gender,15 years and over,Current dollars,37.5
2022,Quebec,Median hourly wage rate,Full-time employees,Health care and social assistance [62],Total - Gender,15 years and over,Current dollars,27.0
2022,Quebec,Median hourly wage rate,Full-time employees,"Information, culture and recreation [51, 71]",Total - Gender,15 years and over,Current dollars,30.77
2022,Quebec,Median hourly wage rate,Full-time employees,Accommodation and food services [72],Total - Gender,15 years and over,Current dollars,18.0
2022,Quebec,Median hourly wage rate,Full-time employees,Other services (except public administration) [81],Total - Gender,15 years and over,Current dollars,25.0
2022,Quebec,Median hourly wage rate,Full-time employees,Public administration [91],Total - Gender,15 years and over,Current dollars,37.5
2022,Ontario,Median hourly wage rate,Full-time employees,"Total employees, all industries",Total - Gender,15 years and over,Current dollars,30.0
2022,Ontario,Median hourly wage rate,Full-time employees,Goods-producing sector,Total - Gender,15 years and over,Current dollars,28.85
2022,Ontario,Median hourly wage rate,Full-time employees,"Agriculture [111-112, 1100, 1151-1152]",Total - Gender,15 years and over,Current dollars,20.0
2022,Ontario,Median hourly wage rate,Full-time employees,"Forestry, fishing, mining, quarrying, oil and gas [21, 113-114, 1153, 2100]",Total - Gender,15 years and over,Current dollars,38.0
2022,Ontario,Median hourly wage rate,Full-time employees,Utilities [22],Total - Gender,15 years and over,Current dollars,47.81
2022,Ontario,Median hourly wage rate,Full-time employees,Construction [23],Total - Gender,15 years and over,Current dollars,31.0
2022,Ontario,Median hourly wage rate,Full-time employees,Manufacturing [31-33],Total - Gender,15 years and over,Current dollars,26.62
2022,Ontario,Median hourly wage rate,Full-time employees,Services-producing sector,Total - Gender,15 years and over,Current dollars,30.49
2022,Ontario,Median hourly wage rate,Full-time employees,"Wholesale and retail trade [41, 44-45]",Total - Gender,15 years and over,Current dollars,23.0
2022,Ontario,Median hourly wage rate,Full-time employees,Transportation and warehousing [48-49],Total - Gender,15 years and over,Current dollars,28.0
2022,Ontario,Median hourly wage rate,Full-time employees,"Finance, insurance, real estate, rental and leasing [52-53]",Total - Gender,15 years and over,Current dollars,36.06
2022,Ontario,Median hourly wage rate,Full-time employees,"Professional, scientific and technical services [54]",Total - Gender,15 years and over,Current dollars,38.46
2022,Ontario,Median hourly wage rate,Full-time employees,"Business, building and other support services [55-56]",Total - Gender,15 years and over,Current dollars,21.07
2022,Ontario,Median hourly wage rate,Full-time employees,Educational services [61],Total - Gender,15 years and over,Current dollars,39.82
2022,Ontario,Median hourly wage rate,Full-time employees,Health care and social assistance [62],Total - Gender,15 years and over,Current dollars,28.72
2022,Ontario,Median hourly wage rate,Full-time employees,"Information, culture and recreation [51, 71]",Total - Gender,15 years and over,Current dollars,31.5
2022,Ontario,Median hourly wage rate,Full-time employees,Accommodation and food services [72],Total - Gender,15 years and over,Current dollars,17.5
2022,Ontario,Median hourly wage rate,Full-time employees,Other services (except public administration) [81],Total - Gender,15 years and over,Current dollars,25.0
2022,Ontario,Median hourly wage rate,Full-time employees,Public administration [91],Total - Gender,15 years and over,Current dollars,41.54
2022,Manitoba,Median hourly wage rate,Full-time employees,"Total employees, all industries",Total - Gender,15 years and over,Current dollars,25.96
2022,Manitoba,Median hourly wage rate,Full-time employees,Goods-producing sector,Total - Gender,15 years and over,Current dollars,25.0
2022,Manitoba,Median hourly wage rate,Full-time employees,"Agriculture [111-112, 1100, 1151-1152]",Total - Gender,15 years and over,Current dollars,19.82
2022,Manitoba,Median hourly wage rate,Full-time employees,"Forestry, fishing, mining, quarrying, oil and gas [21, 113-114, 1153, 2100]",Total - Gender,15 years and over,Current dollars,38.0
2022,Manitoba,Median hourly wage rate,Full-time employees,Utilities [22],Total - Gender,15 years and over,Current dollars,40.06
2022,Manitoba,Median hourly wage rate,Full-time employees,Construction [23],Total - Gender,15 years and over,Current dollars,27.5
2022,Manitoba,Median hourly wage rate,Full-time employees,Manufacturing [31-33],Total - Gender,15 years and over,Current dollars,24.0
2022,Manitoba,Median hourly wage rate,Full-time employees,Services-producing sector,Total - Gender,15 years and over,Current dollars,26.0
2022,Manitoba,Median hourly wage rate,Full-time employees,"Wholesale and retail trade [41, 44-45]",Total - Gender,15 years and over,Current dollars,22.0
2022,Manitoba,Median hourly wage rate,Full-time employees,Transportation and warehousing [48-49],Total - Gender,15 years and over,Current dollars,26.0
2022,Manitoba,Median hourly wage rate,Full-time employees,"Finance, insurance, real estate, rental and leasing [52-53]",Total - Gender,15 years and over,Current dollars,28.21
2022,Manitoba,Median hourly wage rate,Full-time employees,"Professional, scientific and technical services [54]",Total - Gender,15 years and over,Current dollars,30.29
2022,Manitoba,Median hourly wage rate,Full-time employees,"Business, building and other support services [55-56]",Total - Gender,15 years and over,Current dollars,18.33
2022,Manitoba,Median hourly wage rate,Full-time employees,Educational services [61],Total - Gender,15 years and over,Current dollars,34.07
2022,Manitoba,Median hourly wage rate,Full-time employees,Health care and social assistance [62],Total - Gender,15 years and over,Current dollars,24.0
2022,Manitoba,Median hourly wage rate,Full-time employees,"Information, culture and recreation [51, 71]",Total - Gender,15 years and over,Current dollars,26.0
2022,Manitoba,Median hourly wage rate,Full-time employees,Accommodation and food services [72],Total - Gender,15 years and over,Current dollars,15.0
2022,Manitoba,Median hourly wage rate,Full-time employees,Other services (except public administration) [81],Total - Gender,15 years and over,Current dollars,23.0
2022,Manitoba,Median hourly wage rate,Full-time employees,Public administration [91],Total - Gender,15 years and over,Current dollars,35.0
2022,Saskatchewan,Median hourly wage rate,Full-time employees,"Total employees, all industries",Total - Gender,15 years and over,Current dollars,29.12
2022,Saskatchewan,Median hourly wage rate,Full-time employees,Goods-producing sector,Total - Gender,15 years and over,Current dollars,31.25
2022,Saskatchewan,Median hourly wage rate,Full-time employees,"Agriculture [111-112, 1100, 1151-1152]",Total - Gender,15 years and over,Current dollars,25.0
2022,Saskatchewan,Median hourly wage rate,Full-time employees,"Forestry, fishing, mining, quarrying, oil and gas [21, 113-114, 1153, 2100]",Total - Gender,15 years and over,Current dollars,45.0
2022,Saskatchewan,Median hourly wage rate,Full-time employees,Utilities [22],Total - Gender,15 years and over,Current dollars,39.42
2022,Saskatchewan,Median hourly wage rate,Full-time employees,Construction [23],Total - Gender,15 years and over,Current dollars,31.0
2022,Saskatchewan,Median hourly wage rate,Full-time employees,Manufacturing [31-33],Total - Gender,15 years and over,Current dollars,29.0
2022,Saskatchewan,Median hourly wage rate,Full-time employees,Services-producing sector,Total - Gender,15 years and over,Current dollars,28.45
2022,Saskatchewan,Median hourly wage rate,Full-time employees,"Wholesale and retail trade [41, 44-45]",Total - Gender,15 years and over,Current dollars,23.08
2022,Saskatchewan,Median hourly wage rate,Full-time employees,Transportation and warehousing [48-49],Total - Gender,15 years and over,Current dollars,29.0
2022,Saskatchewan,Median hourly wage rate,Full-time employees,"Finance, insurance, real estate, rental and leasing [52-53]",Total - Gender,15 years and over,Current dollars,32.3
2022,Saskatchewan,Median hourly wage rate,Full-time employees,"Professional, scientific and technical services [54]",Total - Gender,15 years and over,Current dollars,32.92
2022,Saskatchewan,Median hourly wage rate,Full-time employees,"Business, building and other support services [55-56]",Total - Gender,15 years and over,Current dollars,22.0
2022,Saskatchewan,Median hourly wage rate,Full-time employees,Educational services [61],Total - Gender,15 years and over,Current dollars,37.0
2022,Saskatchewan,Median hourly wage rate,Full-time employees,Health care and social assistance [62],Total - Gender,15 years and over,Current dollars,27.41
2022,Saskatchewan,Median hourly wage rate,Full-time employees,"Information, culture and recreation [51, 71]",Total - Gender,15 years and over,Current dollars,25.34
2022,Saskatchewan,Median hourly wage rate,Full-time employees,Accommodation and food services [72],Total - Gender,15 years and over,Current dollars,15.0
2022,Saskatchewan,Median hourly wage rate,Full-time employees,Other services (except public administration) [81],Total - Gender,15 years and over,Current dollars,25.64
2022,Saskatchewan,Median hourly wage rate,Full-time employees,Public administration [91],Total - Gender,15 years and over,Current dollars,36.92
2022,Alberta,Median hourly wage rate,Full-time employees,"Total employees, all industries",Total - Gender,15 years and over,Current dollars,31.62
2022,Alberta,Median hourly wage rate,Full-time employees,Goods-producing sector,Total - Gender,15 years and over,Current dollars,35.0
2022,Alberta,Median hourly wage rate,Full-time employees,"Agriculture [111-112, 1100, 1151-1152]",Total - Gender,15 years and over,Current dollars,21.0
2022,Alberta,Median hourly wage rate,Full-time employees,"Forestry, fishing, mining, quarrying, oil and gas [21, 113-114, 1153, 2100]",Total - Gender,15 years and over,Current dollars,45.0
2022,Alberta,Median hourly wage rate,Full-time employees,Utilities [22],Total - Gender,15 years and over,Current dollars,48.5
2022,Alberta,Median hourly wage rate,Full-time employees,Construction [23],Total - Gender,15 years and over,Current dollars,35.0
2022,Alberta,Median hourly wage rate,Full-time employees,Manufacturing [31-33],Total - Gender,15 years and over,Current dollars,30.0
2022,Alberta,Median hourly wage rate,Full-time employees,Services-producing sector,Total - Gender,15 years and over,Current dollars,30.0
2022,Alberta,Median hourly wage rate,Full-time employees,"Wholesale and retail trade [41, 44-45]",Total - Gender,15 years and over,Current dollars,25.0
2022,Alberta,Median hourly wage rate,Full-time employees,Transportation and warehousing [48-49],Total - Gender,15 years and over,Current dollars,29.0
2022,Alberta,Median hourly wage rate,Full-time employees,"Finance, insurance, real estate, rental and leasing [52-53]",Total - Gender,15 years and over,Current dollars,36.69
2022,Alberta,Median hourly wage rate,Full-time employees,"Professional, scientific and technical services [54]",Total - Gender,15 years and over,Current dollars,38.24
2022,Alberta,Median hourly wage rate,Full-time employees,"Business, building and other support services [55-56]",Total - Gender,15 years and over,Current dollars,23.5
2022,Alberta,Median hourly wage rate,Full-time employees,Educational services [61],Total - Gender,15 years and over,Current dollars,38.15
2022,Alberta,Median hourly wage rate,Full-time employees,Health care and social assistance [62],Total - Gender,15 years and over,Current dollars,29.0
2022,Alberta,Median hourly wage rate,Full-time employees,"Information, culture and recreation [51, 71]",Total - Gender,15 years and over,Current dollars,28.85
2022,Alberta,Median hourly wage rate,Full-time employees,Accommodation and food services [72],Total - Gender,15 years and over,Current dollars,17.0
2022,Alberta,Median hourly wage rate,Full-time employees,Other services (except public administration) [81],Total - Gender,15 years and over,Current dollars,27.69
2022,Alberta,Median hourly wage rate,Full-time employees,Public administration [91],Total - Gender,15 years and over,Current dollars,44.23
2022,British Columbia,Median hourly wage rate,Full-time employees,"Total employees, all industries",Total - Gender,15 years and over,Current dollars,30.0
2022,British Columbia,Median hourly wage rate,Full-time employees,Goods-producing sector,Total - Gender,15 years and over,Current dollars,32.68
2022,British Columbia,Median hourly wage rate,Full-time employees,"Agriculture [111-112, 1100, 1151-1152]",Total - Gender,15 years and over,Current dollars,22.12
2022,British Columbia,Median hourly wage rate,Full-time employees,"Forestry, fishing, mining, quarrying, oil and gas [21, 113-114, 1153, 2100]",Total - Gender,15 years and over,Current dollars,40.0
2022,British Columbia,Median hourly wage rate,Full-time employees,Utilities [22],Total - Gender,15 years and over,Current dollars,44.82
2022,British Columbia,Median hourly wage rate,Full-time employees,Construction [23],Total - Gender,15 years and over,Current dollars,32.45
2022,British Columbia,Median hourly wage rate,Full-time employees,Manufacturing [31-33],Total - Gender,15 years and over,Current dollars,31.25
2022,British Columbia,Median hourly wage rate,Full-time employees,Services-producing sector,Total - Gender,15 years and over,Current dollars,29.75
2022,British Columbia,Median hourly wage rate,Full-time employees,"Wholesale and retail trade [41, 44-45]",Total - Gender,15 years and over,Current dollars,25.0
2022,British Columbia,Median hourly wage rate,Full-time employees,Transportation and warehousing [48-49],Total - Gender,15 years and over,Current dollars,29.76
2022,British Columbia,Median hourly wage rate,Full-time employees,"Finance, insurance, real estate, rental and leasing [52-53]",Total - Gender,15 years and over,Current dollars,32.89
2022,British Columbia,Median hourly wage rate,Full-time employees,"Professional, scientific and technical services [54]",Total - Gender,15 years and over,Current dollars,38.46
2022,British Columbia,Median hourly wage rate,Full-time employees,"Business, building and other support services [55-56]",Total - Gender,15 years and over,Current dollars,24.28
2022,British Columbia,Median hourly wage rate,Full-time employees,Educational services [61],Total - Gender,15 years and over,Current dollars,33.12
2022,British Columbia,Median hourly wage rate,Full-time employees,Health care and social assistance [62],Total - Gender,15 years and over,Current dollars,28.0
2022,British Columbia,Median hourly wage rate,Full-time employees,"Information, culture and recreation [51, 71]",Total - Gender,15 years and over,Current dollars,32.21
2022,British Columbia,Median hourly wage rate,Full-time employees,Accommodation and food services [72],Total - Gender,15 years and over,Current dollars,20.0
2022,British Columbia,Median hourly wage rate,Full-time employees,Other services (except public administration) [81],Total - Gender,15 years and over,Current dollars,27.88
2022,British Columbia,Median hourly wage rate,Full-time employees,Public administration [91],Total - Gender,15 years and over,Current dollars,39.75
2023,Canada,Median hourly wage rate,Full-time employees,"Total employees, all industries",Total - Gender,15 years and over,Current dollars,31.0
2023,Canada,Median hourly wage rate,Full-time employees,Goods-producing sector,Total - Gender,15 years and over,Current dollars,32.0
2023,Canada,Median hourly wage rate,Full-time employees,"Agriculture [111-112, 1100, 1151-1152]",Total - Gender,15 years and over,Current dollars,21.79
2023,Canada,Median hourly wage rate,Full-time employees,"Forestry, fishing, mining, quarrying, oil and gas [21, 113-114, 1153, 2100]",Total - Gender,15 years and over,Current dollars,43.5
2023,Canada,Median hourly wage rate,Full-time employees,Utilities [22],Total - Gender,15 years and over,Current dollars,46.9
2023,Canada,Median hourly wage rate,Full-time employees,Construction [23],Total - Gender,15 years and over,Current dollars,34.0
2023,Canada,Median hourly wage rate,Full-time employees,Manufacturing [31-33],Total - Gender,15 years and over,Current dollars,28.85
2023,Canada,Median hourly wage rate,Full-time employees,Services-producing sector,Total - Gender,15 years and over,Current dollars,30.5
2023,Canada,Median hourly wage rate,Full-time employees,"Wholesale and retail trade [41, 44-45]",Total - Gender,15 years and over,Current dollars,24.0
2023,Canada,Median hourly wage rate,Full-time employees,Transportation and warehousing [48-49],Total - Gender,15 years and over,Current dollars,28.86
2023,Canada,Median hourly wage rate,Full-time employees,"Finance, insurance, real estate, rental and leasing [52-53]",Total - Gender,15 years and over,Current dollars,35.71
2023,Canada,Median hourly wage rate,Full-time employees,"Professional, scientific and technical services [54]",Total - Gender,15 years and over,Current dollars,39.42
2023,Canada,Median hourly wage rate,Full-time employees,"Business, building and other support services [55-56]",Total - Gender,15 years and over,Current dollars,22.98
2023,Canada,Median hourly wage rate,Full-time employees,Educational services [61],Total - Gender,15 years and over,Current dollars,38.46
2023,Canada,Median hourly wage rate,Full-time employees,Health care and social assistance [62],Total - Gender,15 years and over,Current dollars,28.74
2023,Canada,Median hourly wage rate,Full-time employees,"Information, culture and recreation [51, 71]",Total - Gender,15 years and over,Current dollars,31.25
2023,Canada,Median hourly wage rate,Full-time employees,Accommodation and food services [72],Total - Gender,15 years and over,Current dollars,19.0
2023,Canada,Median hourly wage rate,Full-time employees,Other services (except public administration) [81],Total - Gender,15 years and over,Current dollars,26.21
2023,Canada,Median hourly wage rate,Full-time employees,Public administration [91],Total - Gender,15 years and over,Current dollars,40.51
2023,Newfoundland and Labrador,Median hourly wage rate,Full-time employees,"Total employees, all industries",Total - Gender,15 years and over,Current dollars,28.85
2023,Newfoundland and Labrador,Median hourly wage rate,Full-time employees,Goods-producing sector,Total - Gender,15 years and over,Current dollars,35.0
2023,Newfoundland and Labrador,Median hourly wage rate,Full-time employees,"Agriculture [111-112, 1100, 1151-1152]",Total - Gender,15 years and over,Current dollars,21.63
2023,Newfoundland and Labrador,Median hourly wage rate,Full-time employees,"Forestry, fishing, mining, quarrying, oil and gas [21, 113-114, 1153, 2100]",Total - Gender,15 years and over,Current dollars,45.0
2023,Newfoundland and Labrador,Median hourly wage rate,Full-time employees,Utilities [22],Total - Gender,15 years and over,Current dollars,45.9
2023,Newfoundland and Labrador,Median hourly wage rate,Full-time employees,Construction [23],Total - Gender,15 years and over,Current dollars,30.0
2023,Newfoundland and Labrador,Median hourly wage rate,Full-time employees,Manufacturing [31-33],Total - Gender,15 years and over,Current dollars,26.0
2023,Newfoundland and Labrador,Median hourly wage rate,Full-time employees,Services-producing sector,Total - Gender,15 years and over,Current dollars,27.31
2023,Newfoundland and Labrador,Median hourly wage rate,Full-time employees,"Wholesale and retail trade [41, 44-45]",Total - Gender,15 years and over,Current dollars,18.9
2023,Newfoundland and Labrador,Median hourly wage rate,Full-time employees,Transportation and warehousing [48-49],Total - Gender,15 years and over,Current dollars,27.47
2023,Newfoundland and Labrador,Median hourly wage rate,Full-time employees,"Finance, insurance, real estate, rental and leasing [52-53]",Total - Gender,15 years and over,Current dollars,30.22
2023,Newfoundland and Labrador,Median hourly wage rate,Full-time employees,"Professional, scientific and technical services [54]",Total - Gender,15 years and over,Current dollars,38.0
2023,Newfoundland and Labrador,Median hourly wage rate,Full-time employees,"Business, building and other support services [55-56]",Total - Gender,15 years and over,Current dollars,22.0
2023,Newfoundland and Labrador,Median hourly wage rate,Full-time employees,Educational services [61],Total - Gender,15 years and over,Current dollars,38.94
2023,Newfoundland and Labrador,Median hourly wage rate,Full-time employees,Health care and social assistance [62],Total - Gender,15 years and over,Current dollars,26.44
2023,Newfoundland and Labrador,Median hourly wage rate,Full-time employees,"Information, culture and recreation [51, 71]",Total - Gender,15 years and over,Current dollars,28.0
2023,Newfoundland and Labrador,Median hourly wage rate,Full-time employees,Accommodation and food services [72],Total - Gender,15 years and over,Current dollars,16.25
2023,Newfoundland and Labrador,Median hourly wage rate,Full-time employees,Other services (except public administration) [81],Total - Gender,15 years and over,Current dollars,24.0
2023,Newfoundland and Labrador,Median hourly wage rate,Full-time employees,Public administration [91],Total - Gender,15 years and over,Current dollars,35.0
2023,Prince Edward Island,Median hourly wage rate,Full-time employees,"Total employees, all industries",Total - Gender,15 years and over,Current dollars,25.48
2023,Prince Edward Island,Median hourly wage rate,Full-time employees,Goods-producing sector,Total - Gender,15 years and over,Current dollars,23.0
2023,Prince Edward Island,Median hourly wage rate,Full-time employees,"Agriculture [111-112, 1100, 1151-1152]",Total - Gender,15 years and over,Current dollars,20.0
2023,Prince Edward Island,Median hourly wage rate,Full-time employees,"Forestry, fishing, mining, quarrying, oil and gas [21, 113-114, 1153, 2100]",Total - Gender,15 years and over,Current dollars,25.0
2023,Prince Edward Island,Median hourly wage rate,Full-time employees,Utilities [22],Total - Gender,15 years and over,Current dollars,43.59
2023,Prince Edward Island,Median hourly wage rate,Full-time employees,Construction [23],Total - Gender,15 years and over,Current dollars,24.0
2023,Prince Edward Island,Median hourly wage rate,Full-time employees,Manufacturing [31-33],Total - Gender,15 years and over,Current dollars,23.0
2023,Prince Edward Island,Median hourly wage rate,Full-time employees,Services-producing sector,Total - Gender,15 years and over,Current dollars,27.0
2023,Prince Edward Island,Median hourly wage rate,Full-time employees,"Wholesale and retail trade [41, 44-45]",Total - Gender,15 years and over,Current dollars,19.5
2023,Prince Edward Island,Median hourly wage rate,Full-time employees,Transportation and warehousing [48-49],Total - Gender,15 years and over,Current dollars,22.0
2023,Prince Edward Island,Median hourly wage rate,Full-time employees,"Finance, insurance, real estate, rental and leasing [52-53]",Total - Gender,15 years and over,Current dollars,27.48
2023,Prince Edward Island,Median hourly wage rate,Full-time employees,"Professional, scientific and technical services [54]",Total - Gender,15 years and over,Current dollars,28.85
2023,Prince Edward Island,Median hourly wage rate,Full-time employees,"Business, building and other support services [55-56]",Total - Gender,15 years and over,Current dollars,18.0
2023,Prince Edward Island,Median hourly wage rate,Full-time employees,Educational services [61],Total - Gender,15 years and over,Current dollars,34.0
2023,Prince Edward Island,Median hourly wage rate,Full-time employees,Health care and social assistance [62],Total - Gender,15 years and over,Current dollars,26.0
2023,Prince Edward Island,Median hourly wage rate,Full-time employees,"Information, culture and recreation [51, 71]",Total - Gender,15 years and over,Current dollars,21.63
2023,Prince Edward Island,Median hourly wage rate,Full-time employees,Accommodation and food services [72],Total - Gender,15 years and over,Current dollars,17.0
2023,Prince Edward Island,Median hourly wage rate,Full-time employees,Other services (except public administration) [81],Total - Gender,15 years and over,Current dollars,23.5
2023,Prince Edward Island,Median hourly wage rate,Full-time employees,Public administration [91],Total - Gender,15 years and over,Current dollars,35.9
2023,Nova Scotia,Median hourly wage rate,Full-time employees,"Total employees, all industries",Total - Gender,15 years and over,Current dollars,26.0
2023,Nova Scotia,Median hourly wage rate,Full-time employees,Goods-producing sector,Total - Gender,15 years and over,Current dollars,26.25
2023,Nova Scotia,Median hourly wage rate,Full-time employees,"Agriculture [111-112, 1100, 1151-1152]",Total - Gender,15 years and over,Current dollars,18.5
2023,Nova Scotia,Median hourly wage rate,Full-time employees,"Forestry, fishing, mining, quarrying, oil and gas [21, 113-114, 1153, 2100]",Total - Gender,15 years and over,Current dollars,26.78
2023,Nova Scotia,Median hourly wage rate,Full-time employees,Utilities [22],Total - Gender,15 years and over,Current dollars,38.0
2023,Nova Scotia,Median hourly wage rate,Full-time employees,Construction [23],Total - Gender,15 years and over,Current dollars,26.0
2023,Nova Scotia,Median hourly wage rate,Full-time employees,Manufacturing [31-33],Total - Gender,15 years and over,Current dollars,26.41
2023,Nova Scotia,Median hourly wage rate,Full-time employees,Services-producing sector,Total - Gender,15 years and over,Current dollars,26.0
2023,Nova Scotia,Median hourly wage rate,Full-time employees,"Wholesale and retail trade [41, 44-45]",Total - Gender,15 years and over,Current dollars,20.0
2023,Nova Scotia,Median hourly wage rate,Full-time employees,Transportation and warehousing [48-49],Total - Gender,15 years and over,Current dollars,25.55
2023,Nova Scotia,Median hourly wage rate,Full-time employees,"Finance, insurance, real estate, rental and leasing [52-53]",Total - Gender,15 years and over,Current dollars,28.85
2023,Nova Scotia,Median hourly wage rate,Full-time employees,"Professional, scientific and technical services [54]",Total - Gender,15 years and over,Current dollars,35.71
2023,Nova Scotia,Median hourly wage rate,Full-time employees,"Business, building and other support services [55-56]",Total - Gender,15 years and over,Current dollars,19.0
2023,Nova Scotia,Median hourly wage rate,Full-time employees,Educational services [61],Total - Gender,15 years and over,Current dollars,35.0
2023,Nova Scotia,Median hourly wage rate,Full-time employees,Health care and social assistance [62],Total - Gender,15 years and over,Current dollars,25.67
2023,Nova Scotia,Median hourly wage rate,Full-time employees,"Information, culture and recreation [51, 71]",Total - Gender,15 years and over,Current dollars,27.64
2023,Nova Scotia,Median hourly wage rate,Full-time employees,Accommodation and food services [72],Total - Gender,15 years and over,Current dollars,16.5
2023,Nova Scotia,Median hourly wage rate,Full-time employees,Other services (except public administration) [81],Total - Gender,15 years and over,Current dollars,23.08
2023,Nova Scotia,Median hourly wage rate,Full-time employees,Public administration [91],Total - Gender,15 years and over,Current dollars,39.49
2023,New Brunswick,Median hourly wage rate,Full-time employees,"Total employees, all industries",Total - Gender,15 years and over,Current dollars,26.0
2023,New Brunswick,Median hourly wage rate,Full-time employees,Goods-producing sector,Total - Gender,15 years and over,Current dollars,25.99
2023,New Brunswick,Median hourly wage rate,Full-time employees,"Agriculture [111-112, 1100, 1151-1152]",Total - Gender,15 years and over,Current dollars,19.5
2023,New Brunswick,Median hourly wage rate,Full-time employees,"Forestry, fishing, mining, quarrying, oil and gas [21, 113-114, 1153, 2100]",Total - Gender,15 years and over,Current dollars,32.0
2023,New Brunswick,Median hourly wage rate,Full-time employees,Utilities [22],Total - Gender,15 years and over,Current dollars,45.5
2023,New Brunswick,Median hourly wage rate,Full-time employees,Construction [23],Total - Gender,15 years and over,Current dollars,25.8
2023,New Brunswick,Median hourly wage rate,Full-time employees,Manufacturing [31-33],Total - Gender,15 years and over,Current dollars,25.0
2023,New Brunswick,Median hourly wage rate,Full-time employees,Services-producing sector,Total - Gender,15 years and over,Current dollars,26.15
2023,New Brunswick,Median hourly wage rate,Full-time employees,"Wholesale and retail trade [41, 44-45]",Total - Gender,15 years and over,Current dollars,20.79
2023,New Brunswick,Median hourly wage rate,Full-time employees,Transportation and warehousing [48-49],Total - Gender,15 years and over,Current dollars,24.0
2023,New Brunswick,Median hourly wage rate,Full-time employees,"Finance, insurance, real estate, rental and leasing [52-53]",Total - Gender,15 years and over,Current dollars,29.74
2023,New Brunswick,Median hourly wage rate,Full-time employees,"Professional, scientific and technical services [54]",Total - Gender,15 years and over,Current dollars,32.21
2023,New Brunswick,Median hourly wage rate,Full-time employees,"Business, building and other support services [55-56]",Total - Gender,15 years and over,Current dollars,19.0
2023,New Brunswick,Median hourly wage rate,Full-time employees,Educational services [61],Total - Gender,15 years and over,Current dollars,32.75
2023,New Brunswick,Median hourly wage rate,Full-time employees,Health care and social assistance [62],Total - Gender,15 years and over,Current dollars,25.0
2023,New Brunswick,Median hourly wage rate,Full-time employees,"Information, culture and recreation [51, 71]",Total - Gender,15 years and over,Current dollars,25.96
2023,New Brunswick,Median hourly wage rate,Full-time employees,Accommodation and food services [72],Total - Gender,15 years and over,Current dollars,16.25
2023,New Brunswick,Median hourly wage rate,Full-time employees,Other services (except public administration) [81],Total - Gender,15 years and over,Current dollars,23.0
2023,New Brunswick,Median hourly wage rate,Full-time employees,Public administration [91],Total - Gender,15 years and over,Current dollars,35.9
2023,Quebec,Median hourly wage rate,Full-time employees,"Total employees, all industries",Total - Gender,15 years and over,Current dollars,30.0
2023,Quebec,Median hourly wage rate,Full-time employees,Goods-producing sector,Total - Gender,15 years and over,Current dollars,31.25
2023,Quebec,Median hourly wage rate,Full-time employees,"Agriculture [111-112, 1100, 1151-1152]",Total - Gender,15 years and over,Current dollars,21.0
2023,Quebec,Median hourly wage rate,Full-time employees,"Forestry, fishing, mining, quarrying, oil and gas [21, 113-114, 1153, 2100]",Total - Gender,15 years and over,Current dollars,40.0
2023,Quebec,Median hourly wage rate,Full-time employees,Utilities [22],Total - Gender,15 years and over,Current dollars,50.0
2023,Quebec,Median hourly wage rate,Full-time employees,Construction [23],Total - Gender,15 years and over,Current dollars,36.5
2023,Quebec,Median hourly wage rate,Full-time employees,Manufacturing [31-33],Total - Gender,15 years and over,Current dollars,28.42
2023,Quebec,Median hourly wage rate,Full-time employees,Services-producing sector,Total - Gender,15 years and over,Current dollars,30.0
2023,Quebec,Median hourly wage rate,Full-time employees,"Wholesale and retail trade [41, 44-45]",Total - Gender,15 years and over,Current dollars,23.5
2023,Quebec,Median hourly wage rate,Full-time employees,Transportation and warehousing [48-49],Total - Gender,15 years and over,Current dollars,28.0
2023,Quebec,Median hourly wage rate,Full-time employees,"Finance, insurance, real estate, rental and leasing [52-53]",Total - Gender,15 years and over,Current dollars,35.0
2023,Quebec,Median hourly wage rate,Full-time employees,"Professional, scientific and technical services [54]",Total - Gender,15 years and over,Current dollars,35.9
2023,Quebec,Median hourly wage rate,Full-time employees,"Business, building and other support services [55-56]",Total - Gender,15 years and over,Current dollars,22.5
2023,Quebec,Median hourly wage rate,Full-time employees,Educational services [61],Total - Gender,15 years and over,Current dollars,38.46
2023,Quebec,Median hourly wage rate,Full-time employees,Health care and social assistance [62],Total - Gender,15 years and over,Current dollars,27.0
2023,Quebec,Median hourly wage rate,Full-time employees,"Information, culture and recreation [51, 71]",Total - Gender,15 years and over,Current dollars,31.0
2023,Quebec,Median hourly wage rate,Full-time employees,Accommodation and food services [72],Total - Gender,15 years and over,Current dollars,20.0
2023,Quebec,Median hourly wage rate,Full-time employees,Other services (except public administration) [81],Total - Gender,15 years and over,Current dollars,26.0
2023,Quebec,Median hourly wage rate,Full-time employees,Public administration [91],Total - Gender,15 years and over,Current dollars,39.01
2023,Ontario,Median hourly wage rate,Full-time employees,"Total employees, all industries",Total - Gender,15 years and over,Current dollars,31.73
2023,Ontario,Median hourly wage rate,Full-time employees,Goods-producing sector,Total - Gender,15 years and over,Current dollars,31.0
2023,Ontario,Median hourly wage rate,Full-time employees,"Agriculture [111-112, 1100, 1151-1152]",Total - Gender,15 years and over,Current dollars,23.0
2023,Ontario,Median hourly wage rate,Full-time employees,"Forestry, fishing, mining, quarrying, oil and gas [21, 113-114, 1153, 2100]",Total - Gender,15 years and over,Current dollars,41.0
2023,Ontario,Median hourly wage rate,Full-time employees,Utilities [22],Total - Gender,15 years and over,Current dollars,47.0
2023,Ontario,Median hourly wage rate,Full-time employees,Construction [23],Total - Gender,15 years and over,Current dollars,33.65
2023,Ontario,Median hourly wage rate,Full-time employees,Manufacturing [31-33],Total - Gender,15 years and over,Current dollars,28.5
2023,Ontario,Median hourly wage rate,Full-time employees,Services-producing sector,Total - Gender,15 years and over,Current dollars,32.0
2023,Ontario,Median hourly wage rate,Full-time employees,"Wholesale and retail trade [41, 44-45]",Total - Gender,15 years and over,Current dollars,24.04
2023,Ontario,Median hourly wage rate,Full-time employees,Transportation and warehousing [48-49],Total - Gender,15 years and over,Current dollars,28.0
2023,Ontario,Median hourly wage rate,Full-time employees,"Finance, insurance, real estate, rental and leasing [52-53]",Total - Gender,15 years and over,Current dollars,37.95
2023,Ontario,Median hourly wage rate,Full-time employees,"Professional, scientific and technical services [54]",Total - Gender,15 years and over,Current dollars,42.0
2023,Ontario,Median hourly wage rate,Full-time employees,"Business, building and other support services [55-56]",Total - Gender,15 years and over,Current dollars,22.53
2023,Ontario,Median hourly wage rate,Full-time employees,Educational services [61],Total - Gender,15 years and over,Current dollars,39.62
2023,Ontario,Median hourly wage rate,Full-time employees,Health care and social assistance [62],Total - Gender,15 years and over,Current dollars,29.83
2023,Ontario,Median hourly wage rate,Full-time employees,"Information, culture and recreation [51, 71]",Total - Gender,15 years and over,Current dollars,33.0
2023,Ontario,Median hourly wage rate,Full-time employees,Accommodation and food services [72],Total - Gender,15 years and over,Current dollars,19.0
2023,Ontario,Median hourly wage rate,Full-time employees,Other services (except public administration) [81],Total - Gender,15 years and over,Current dollars,27.0
2023,Ontario,Median hourly wage rate,Full-time employees,Public administration [91],Total - Gender,15 years and over,Current dollars,43.0
2023,Manitoba,Median hourly wage rate,Full-time employees,"Total employees, all industries",Total - Gender,15 years and over,Current dollars,27.0
2023,Manitoba,Median hourly wage rate,Full-time employees,Goods-producing sector,Total - Gender,15 years and over,Current dollars,27.88
2023,Manitoba,Median hourly wage rate,Full-time employees,"Agriculture [111-112, 1100, 1151-1152]",Total - Gender,15 years and over,Current dollars,21.79
2023,Manitoba,Median hourly wage rate,Full-time employees,"Forestry, fishing, mining, quarrying, oil and gas [21, 113-114, 1153, 2100]",Total - Gender,15 years and over,Current dollars,37.0
2023,Manitoba,Median hourly wage rate,Full-time employees,Utilities [22],Total - Gender,15 years and over,Current dollars,45.05
2023,Manitoba,Median hourly wage rate,Full-time employees,Construction [23],Total - Gender,15 years and over,Current dollars,29.0
2023,Manitoba,Median hourly wage rate,Full-time employees,Manufacturing [31-33],Total - Gender,15 years and over,Current dollars,25.0
2023,Manitoba,Median hourly wage rate,Full-time employees,Services-producing sector,Total - Gender,15 years and over,Current dollars,27.0
2023,Manitoba,Median hourly wage rate,Full-time employees,"Wholesale and retail trade [41, 44-45]",Total - Gender,15 years and over,Current dollars,22.6
2023,Manitoba,Median hourly wage rate,Full-time employees,Transportation and warehousing [48-49],Total - Gender,15 years and over,Current dollars,26.0
2023,Manitoba,Median hourly wage rate,Full-time employees,"Finance, insurance, real estate, rental and leasing [52-53]",Total - Gender,15 years and over,Current dollars,29.74
2023,Manitoba,Median hourly wage rate,Full-time employees,"Professional, scientific and technical services [54]",Total - Gender,15 years and over,Current dollars,32.31
2023,Manitoba,Median hourly wage rate,Full-time employees,"Business, building and other support services [55-56]",Total - Gender,15 years and over,Current dollars,20.0
2023,Manitoba,Median hourly wage rate,Full-time employees,Educational services [61],Total - Gender,15 years and over,Current dollars,36.06
2023,Manitoba,Median hourly wage rate,Full-time employees,Health care and social assistance [62],Total - Gender,15 years and over,Current dollars,25.0
2023,Manitoba,Median hourly wage rate,Full-time employees,"Information, culture and recreation [51, 71]",Total - Gender,15 years and over,Current dollars,27.99
2023,Manitoba,Median hourly wage rate,Full-time employees,Accommodation and food services [72],Total - Gender,15 years and over,Current dollars,16.0
2023,Manitoba,Median hourly wage rate,Full-time employees,Other services (except public administration) [81],Total - Gender,15 years and over,Current dollars,24.0
2023,Manitoba,Median hourly wage rate,Full-time employees,Public administration [91],Total - Gender,15 years and over,Current dollars,35.62
2023,Saskatchewan,Median hourly wage rate,Full-time employees,"Total employees, all industries",Total - Gender,15 years and over,Current dollars,30.0
2023,Saskatchewan,Median hourly wage rate,Full-time employees,Goods-producing sector,Total - Gender,15 years and over,Current dollars,32.0
2023,Saskatchewan,Median hourly wage rate,Full-time employees,"Agriculture [111-112, 1100, 1151-1152]",Total - Gender,15 years and over,Current dollars,26.0
2023,Saskatchewan,Median hourly wage rate,Full-time employees,"Forestry, fishing, mining, quarrying, oil and gas [21, 113-114, 1153, 2100]",Total - Gender,15 years and over,Current dollars,46.15
2023,Saskatchewan,Median hourly wage rate,Full-time employees,Utilities [22],Total - Gender,15 years and over,Current dollars,45.0
2023,Saskatchewan,Median hourly wage rate,Full-time employees,Construction [23],Total - Gender,15 years and over,Current dollars,30.0
2023,Saskatchewan,Median hourly wage rate,Full-time employees,Manufacturing [31-33],Total - Gender,15 years and over,Current dollars,29.69
2023,Saskatchewan,Median hourly wage rate,Full-time employees,Services-producing sector,Total - Gender,15 years and over,Current dollars,28.85
2023,Saskatchewan,Median hourly wage rate,Full-time employees,"Wholesale and retail trade [41, 44-45]",Total - Gender,15 years and over,Current dollars,23.0
2023,Saskatchewan,Median hourly wage rate,Full-time employees,Transportation and warehousing [48-49],Total - Gender,15 years and over,Current dollars,29.0
2023,Saskatchewan,Median hourly wage rate,Full-time employees,"Finance, insurance, real estate, rental and leasing [52-53]",Total - Gender,15 years and over,Current dollars,32.0
2023,Saskatchewan,Median hourly wage rate,Full-time employees,"Professional, scientific and technical services [54]",Total - Gender,15 years and over,Current dollars,35.0
2023,Saskatchewan,Median hourly wage rate,Full-time employees,"Business, building and other support services [55-56]",Total - Gender,15 years and over,Current dollars,22.0
2023,Saskatchewan,Median hourly wage rate,Full-time employees,Educational services [61],Total - Gender,15 years and over,Current dollars,38.0
2023,Saskatchewan,Median hourly wage rate,Full-time employees,Health care and social assistance [62],Total - Gender,15 years and over,Current dollars,28.85
2023,Saskatchewan,Median hourly wage rate,Full-time employees,"Information, culture and recreation [51, 71]",Total - Gender,15 years and over,Current dollars,30.0
2023,Saskatchewan,Median hourly wage rate,Full-time employees,Accommodation and food services [72],Total - Gender,15 years and over,Current dollars,15.94
2023,Saskatchewan,Median hourly wage rate,Full-time employees,Other services (except public administration) [81],Total - Gender,15 years and over,Current dollars,25.0
2023,Saskatchewan,Median hourly wage rate,Full-time employees,Public administration [91],Total - Gender,15 years and over,Current dollars,37.5
2023,Alberta,Median hourly wage rate,Full-time employees,"Total employees, all industries",Total - Gender,15 years and over,Current dollars,32.5
2023,Alberta,Median hourly wage rate,Full-time employees,Goods-producing sector,Total - Gender,15 years and over,Current dollars,37.0
2023,Alberta,Median hourly wage rate,Full-time employees,"Agriculture [111-112, 1100, 1151-1152]",Total - Gender,15 years and over,Current dollars,22.0
2023,Alberta,Median hourly wage rate,Full-time employees,"Forestry, fishing, mining, quarrying, oil and gas [21, 113-114, 1153, 2100]",Total - Gender,15 years and over,Current dollars,48.72
2023,Alberta,Median hourly wage rate,Full-time employees,Utilities [22],Total - Gender,15 years and over,Current dollars,46.0
2023,Alberta,Median hourly wage rate,Full-time employees,Construction [23],Total - Gender,15 years and over,Current dollars,35.0
2023,Alberta,Median hourly wage rate,Full-time employees,Manufacturing [31-33],Total - Gender,15 years and over,Current dollars,32.0
2023,Alberta,Median hourly wage rate,Full-time employees,Services-producing sector,Total - Gender,15 years and over,Current dollars,30.75
2023,Alberta,Median hourly wage rate,Full-time employees,"Wholesale and retail trade [41, 44-45]",Total - Gender,15 years and over,Current dollars,25.0
2023,Alberta,Median hourly wage rate,Full-time employees,Transportation and warehousing [48-49],Total - Gender,15 years and over,Current dollars,31.0
2023,Alberta,Median hourly wage rate,Full-time employees,"Finance, insurance, real estate, rental and leasing [52-53]",Total - Gender,15 years and over,Current dollars,34.24
2023,Alberta,Median hourly wage rate,Full-time employees,"Professional, scientific and technical services [54]",Total - Gender,15 years and over,Current dollars,40.0
2023,Alberta,Median hourly wage rate,Full-time employees,"Business, building and other support services [55-56]",Total - Gender,15 years and over,Current dollars,25.0
2023,Alberta,Median hourly wage rate,Full-time employees,Educational services [61],Total - Gender,15 years and over,Current dollars,38.97
2023,Alberta,Median hourly wage rate,Full-time employees,Health care and social assistance [62],Total - Gender,15 years and over,Current dollars,29.42
2023,Alberta,Median hourly wage rate,Full-time employees,"Information, culture and recreation [51, 71]",Total - Gender,15 years and over,Current dollars,28.0
2023,Alberta,Median hourly wage rate,Full-time employees,Accommodation and food services [72],Total - Gender,15 years and over,Current dollars,18.0
2023,Alberta,Median hourly wage rate,Full-time employees,Other services (except public administration) [81],Total - Gender,15 years and over,Current dollars,27.03
2023,Alberta,Median hourly wage rate,Full-time employees,Public administration [91],Total - Gender,15 years and over,Current dollars,44.95
2023,British Columbia,Median hourly wage rate,Full-time employees,"Total employees, all industries",Total - Gender,15 years and over,Current dollars,32.0
2023,British Columbia,Median hourly wage rate,Full-time employees,Goods-producing sector,Total - Gender,15 years and over,Current dollars,34.5
2023,British Columbia,Median hourly wage rate,Full-time employees,"Agriculture [111-112, 1100, 1151-1152]",Total - Gender,15 years and over,Current dollars,20.0
2023,British Columbia,Median hourly wage rate,Full-time employees,"Forestry, fishing, mining, quarrying, oil and gas [21, 113-114, 1153, 2100]",Total - Gender,15 years and over,Current dollars,43.16
2023,British Columbia,Median hourly wage rate,Full-time employees,Utilities [22],Total - Gender,15 years and over,Current dollars,41.67
2023,British Columbia,Median hourly wage rate,Full-time employees,Construction [23],Total - Gender,15 years and over,Current dollars,34.0
2023,British Columbia,Median hourly wage rate,Full-time employees,Manufacturing [31-33],Total - Gender,15 years and over,Current dollars,32.0
2023,British Columbia,Median hourly wage rate,Full-time employees,Services-producing sector,Total - Gender,15 years and over,Current dollars,31.51
2023,British Columbia,Median hourly wage rate,Full-time employees,"Wholesale and retail trade [41, 44-45]",Total - Gender,15 years and over,Current dollars,25.0
2023,British Columbia,Median hourly wage rate,Full-time employees,Transportation and warehousing [48-49],Total - Gender,15 years and over,Current dollars,33.0
2023,British Columbia,Median hourly wage rate,Full-time employees,"Finance, insurance, real estate, rental and leasing [52-53]",Total - Gender,15 years and over,Current dollars,35.0
2023,British Columbia,Median hourly wage rate,Full-time employees,"Professional, scientific and technical services [54]",Total - Gender,15 years and over,Current dollars,40.59
2023,British Columbia,Median hourly wage rate,Full-time employees,"Business, building and other support services [55-56]",Total - Gender,15 years and over,Current dollars,25.0
2023,British Columbia,Median hourly wage rate,Full-time employees,Educational services [61],Total - Gender,15 years and over,Current dollars,36.92
2023,British Columbia,Median hourly wage rate,Full-time employees,Health care and social assistance [62],Total - Gender,15 years and over,Current dollars,30.0
2023,British Columbia,Median hourly wage rate,Full-time employees,"Information, culture and recreation [51, 71]",Total - Gender,15 years and over,Current dollars,32.5
2023,British Columbia,Median hourly wage rate,Full-time employees,Accommodation and food services [72],Total - Gender,15 years and over,Current dollars,21.0
2023,British Columbia,Median hourly wage rate,Full-time employees,Other services (except public administration) [81],Total - Gender,15 years and over,Current dollars,28.85
2023,British Columbia,Median hourly wage rate,Full-time employees,Public administration [91],Total - Gender,15 years and over,Current dollars,39.2
2024,Canada,Median hourly wage rate,Full-time employees,"Total employees, all industries",Total - Gender,15 years and over,Current dollars,32.28
2024,Canada,Median hourly wage rate,Full-time employees,Goods-producing sector,Total - Gender,15 years and over,Current dollars,33.0
2024,Canada,Median hourly wage rate,Full-time employees,"Agriculture [111-112, 1100, 1151-1152]",Total - Gender,15 years and over,Current dollars,23.08
2024,Canada,Median hourly wage rate,Full-time employees,"Forestry, fishing, mining, quarrying, oil and gas [21, 113-114, 1153, 2100]",Total - Gender,15 years and over,Current dollars,45.19
2024,Canada,Median hourly wage rate,Full-time employees,Utilities [22],Total - Gender,15 years and over,Current dollars,50.0
2024,Canada,Median hourly wage rate,Full-time employees,Construction [23],Total - Gender,15 years and over,Current dollars,35.0
2024,Canada,Median hourly wage rate,Full-time employees,Manufacturing [31-33],Total - Gender,15 years and over,Current dollars,30.0
2024,Canada,Median hourly wage rate,Full-time employees,Services-producing sector,Total - Gender,15 years and over,Current dollars,32.0
2024,Canada,Median hourly wage rate,Full-time employees,"Wholesale and retail trade [41, 44-45]",Total - Gender,15 years and over,Current dollars,25.0
2024,Canada,Median hourly wage rate,Full-time employees,Transportation and warehousing [48-49],Total - Gender,15 years and over,Current dollars,30.0
2024,Canada,Median hourly wage rate,Full-time employees,"Finance, insurance, real estate, rental and leasing [52-53]",Total - Gender,15 years and over,Current dollars,37.36
2024,Canada,Median hourly wage rate,Full-time employees,"Professional, scientific and technical services [54]",Total - Gender,15 years and over,Current dollars,41.6
2024,Canada,Median hourly wage rate,Full-time employees,"Business, building and other support services [55-56]",Total - Gender,15 years and over,Current dollars,24.0
2024,Canada,Median hourly wage rate,Full-time employees,Educational services [61],Total - Gender,15 years and over,Current dollars,40.0
2024,Canada,Median hourly wage rate,Full-time employees,Health care and social assistance [62],Total - Gender,15 years and over,Current dollars,30.0
2024,Canada,Median hourly wage rate,Full-time employees,"Information, culture and recreation [51, 71]",Total - Gender,15 years and over,Current dollars,32.0
2024,Canada,Median hourly wage rate,Full-time employees,Accommodation and food services [72],Total - Gender,15 years and over,Current dollars,19.86
2024,Canada,Median hourly wage rate,Full-time employees,Other services (except public administration) [81],Total - Gender,15 years and over,Current dollars,28.0
2024,Canada,Median hourly wage rate,Full-time employees,Public administration [91],Total - Gender,15 years and over,Current dollars,43.0
2024,Newfoundland and Labrador,Median hourly wage rate,Full-time employees,"Total employees, all industries",Total - Gender,15 years and over,Current dollars,30.0
2024,Newfoundland and Labrador,Median hourly wage rate,Full-time employees,Goods-producing sector,Total - Gender,15 years and over,Current dollars,35.0
2024,Newfoundland and Labrador,Median hourly wage rate,Full-time employees,"Agriculture [111-112, 1100, 1151-1152]",Total - Gender,15 years and over,Current dollars,25.35
2024,Newfoundland and Labrador,Median hourly wage rate,Full-time employees,"Forestry, fishing, mining, quarrying, oil and gas [21, 113-114, 1153, 2100]",Total - Gender,15 years and over,Current dollars,45.0
2024,Newfoundland and Labrador,Median hourly wage rate,Full-time employees,Utilities [22],Total - Gender,15 years and over,Current dollars,46.15
2024,Newfoundland and Labrador,Median hourly wage rate,Full-time employees,Construction [23],Total - Gender,15 years and over,Current dollars,30.0
2024,Newfoundland and Labrador,Median hourly wage rate,Full-time employees,Manufacturing [31-33],Total - Gender,15 years and over,Current dollars,25.0
2024,Newfoundland and Labrador,Median hourly wage rate,Full-time employees,Services-producing sector,Total - Gender,15 years and over,Current dollars,28.5
2024,Newfoundland and Labrador,Median hourly wage rate,Full-time employees,"Wholesale and retail trade [41, 44-45]",Total - Gender,15 years and over,Current dollars,20.0
2024,Newfoundland and Labrador,Median hourly wage rate,Full-time employees,Transportation and warehousing [48-49],Total - Gender,15 years and over,Current dollars,31.0
2024,Newfoundland and Labrador,Median hourly wage rate,Full-time employees,"Finance, insurance, real estate, rental and leasing [52-53]",Total - Gender,15 years and over,Current dollars,31.44
2024,Newfoundland and Labrador,Median hourly wage rate,Full-time employees,"Professional, scientific and technical services [54]",Total - Gender,15 years and over,Current dollars,40.0
2024,Newfoundland and Labrador,Median hourly wage rate,Full-time employees,"Business, building and other support services [55-56]",Total - Gender,15 years and over,Current dollars,25.0
2024,Newfoundland and Labrador,Median hourly wage rate,Full-time employees,Educational services [61],Total - Gender,15 years and over,Current dollars,42.86
2024,Newfoundland and Labrador,Median hourly wage rate,Full-time employees,Health care and social assistance [62],Total - Gender,15 years and over,Current dollars,26.54
2024,Newfoundland and Labrador,Median hourly wage rate,Full-time employees,"Information, culture and recreation [51, 71]",Total - Gender,15 years and over,Current dollars,29.0
2024,Newfoundland and Labrador,Median hourly wage rate,Full-time employees,Accommodation and food services [72],Total - Gender,15 years and over,Current dollars,17.0
2024,Newfoundland and Labrador,Median hourly wage rate,Full-time employees,Other services (except public administration) [81],Total - Gender,15 years and over,Current dollars,23.56
2024,Newfoundland and Labrador,Median hourly wage rate,Full-time employees,Public administration [91],Total - Gender,15 years and over,Current dollars,38.0
2024,Prince Edward Island,Median hourly wage rate,Full-time employees,"Total employees, all industries",Total - Gender,15 years and over,Current dollars,27.0
2024,Prince Edward Island,Median hourly wage rate,Full-time employees,Goods-producing sector,Total - Gender,15 years and over,Current dollars,25.0
2024,Prince Edward Island,Median hourly wage rate,Full-time employees,"Agriculture [111-112, 1100, 1151-1152]",Total - Gender,15 years and over,Current dollars,20.0
2024,Prince Edward Island,Median hourly wage rate,Full-time employees,"Forestry, fishing, mining, quarrying, oil and gas [21, 113-114, 1153, 2100]",Total - Gender,15 years and over,Current dollars,23.56
2024,Prince Edward Island,Median hourly wage rate,Full-time employees,Utilities [22],Total - Gender,15 years and over,Current dollars,45.0
2024,Prince Edward Island,Median hourly wage rate,Full-time employees,Construction [23],Total - Gender,15 years and over,Current dollars,25.0
2024,Prince Edward Island,Median hourly wage rate,Full-time employees,Manufacturing [31-33],Total - Gender,15 years and over,Current dollars,25.0
2024,Prince Edward Island,Median hourly wage rate,Full-time employees,Services-producing sector,Total - Gender,15 years and over,Current dollars,28.21
2024,Prince Edward Island,Median hourly wage rate,Full-time employees,"Wholesale and retail trade [41, 44-45]",Total - Gender,15 years and over,Current dollars,20.19
2024,Prince Edward Island,Median hourly wage rate,Full-time employees,Transportation and warehousing [48-49],Total - Gender,15 years and over,Current dollars,26.0
2024,Prince Edward Island,Median hourly wage rate,Full-time employees,"Finance, insurance, real estate, rental and leasing [52-53]",Total - Gender,15 years and over,Current dollars,29.86
2024,Prince Edward Island,Median hourly wage rate,Full-time employees,"Professional, scientific and technical services [54]",Total - Gender,15 years and over,Current dollars,29.72
2024,Prince Edward Island,Median hourly wage rate,Full-time employees,"Business, building and other support services [55-56]",Total - Gender,15 years and over,Current dollars,22.0
2024,Prince Edward Island,Median hourly wage rate,Full-time employees,Educational services [61],Total - Gender,15 years and over,Current dollars,35.9
2024,Prince Edward Island,Median hourly wage rate,Full-time employees,Health care and social assistance [62],Total - Gender,15 years and over,Current dollars,28.75
2024,Prince Edward Island,Median hourly wage rate,Full-time employees,"Information, culture and recreation [51, 71]",Total - Gender,15 years and over,Current dollars,23.0
2024,Prince Edward Island,Median hourly wage rate,Full-time employees,Accommodation and food services [72],Total - Gender,15 years and over,Current dollars,18.55
2024,Prince Edward Island,Median hourly wage rate,Full-time employees,Other services (except public administration) [81],Total - Gender,15 years and over,Current dollars,25.0
2024,Prince Edward Island,Median hourly wage rate,Full-time employees,Public administration [91],Total - Gender,15 years and over,Current dollars,37.0
2024,Nova Scotia,Median hourly wage rate,Full-time employees,"Total employees, all industries",Total - Gender,15 years and over,Current dollars,28.0
2024,Nova Scotia,Median hourly wage rate,Full-time employees,Goods-producing sector,Total - Gender,15 years and over,Current dollars,28.85
2024,Nova Scotia,Median hourly wage rate,Full-time employees,"Agriculture [111-112, 1100, 1151-1152]",Total - Gender,15 years and over,Current dollars,20.0
2024,Nova Scotia,Median hourly wage rate,Full-time employees,"Forestry, fishing, mining, quarrying, oil and gas [21, 113-114, 1153, 2100]",Total - Gender,15 years and over,Current dollars,25.92
2024,Nova Scotia,Median hourly wage rate,Full-time employees,Utilities [22],Total - Gender,15 years and over,Current dollars,43.0
2024,Nova Scotia,Median hourly wage rate,Full-time employees,Construction [23],Total - Gender,15 years and over,Current dollars,28.0
2024,Nova Scotia,Median hourly wage rate,Full-time employees,Manufacturing [31-33],Total - Gender,15 years and over,Current dollars,29.72
2024,Nova Scotia,Median hourly wage rate,Full-time employees,Services-producing sector,Total - Gender,15 years and over,Current dollars,27.78
2024,Nova Scotia,Median hourly wage rate,Full-time employees,"Wholesale and retail trade [41, 44-45]",Total - Gender,15 years and over,Current dollars,21.0
2024,Nova Scotia,Median hourly wage rate,Full-time employees,Transportation and warehousing [48-49],Total - Gender,15 years and over,Current dollars,27.78
2024,Nova Scotia,Median hourly wage rate,Full-time employees,"Finance, insurance, real estate, rental and leasing [52-53]",Total - Gender,15 years and over,Current dollars,28.85
2024,Nova Scotia,Median hourly wage rate,Full-time employees,"Professional, scientific and technical services [54]",Total - Gender,15 years and over,Current dollars,38.0
2024,Nova Scotia,Median hourly wage rate,Full-time employees,"Business, building and other support services [55-56]",Total - Gender,15 years and over,Current dollars,20.0
2024,Nova Scotia,Median hourly wage rate,Full-time employees,Educational services [61],Total - Gender,15 years and over,Current dollars,36.54
2024,Nova Scotia,Median hourly wage rate,Full-time employees,Health care and social assistance [62],Total - Gender,15 years and over,Current dollars,28.0
2024,Nova Scotia,Median hourly wage rate,Full-time employees,"Information, culture and recreation [51, 71]",Total - Gender,15 years and over,Current dollars,26.45
2024,Nova Scotia,Median hourly wage rate,Full-time employees,Accommodation and food services [72],Total - Gender,15 years and over,Current dollars,17.5
2024,Nova Scotia,Median hourly wage rate,Full-time employees,Other services (except public administration) [81],Total - Gender,15 years and over,Current dollars,25.0
2024,Nova Scotia,Median hourly wage rate,Full-time employees,Public administration [91],Total - Gender,15 years and over,Current dollars,40.0
2024,New Brunswick,Median hourly wage rate,Full-time employees,"Total employees, all industries",Total - Gender,15 years and over,Current dollars,27.88
2024,New Brunswick,Median hourly wage rate,Full-time employees,Goods-producing sector,Total - Gender,15 years and over,Current dollars,27.4
2024,New Brunswick,Median hourly wage rate,Full-time employees,"Agriculture [111-112, 1100, 1151-1152]",Total - Gender,15 years and over,Current dollars,22.0
2024,New Brunswick,Median hourly wage rate,Full-time employees,"Forestry, fishing, mining, quarrying, oil and gas [21, 113-114, 1153, 2100]",Total - Gender,15 years and over,Current dollars,33.65
2024,New Brunswick,Median hourly wage rate,Full-time employees,Utilities [22],Total - Gender,15 years and over,Current dollars,43.27
2024,New Brunswick,Median hourly wage rate,Full-time employees,Construction [23],Total - Gender,15 years and over,Current dollars,26.44
2024,New Brunswick,Median hourly wage rate,Full-time employees,Manufacturing [31-33],Total - Gender,15 years and over,Current dollars,26.0
2024,New Brunswick,Median hourly wage rate,Full-time employees,Services-producing sector,Total - Gender,15 years and over,Current dollars,28.0
2024,New Brunswick,Median hourly wage rate,Full-time employees,"Wholesale and retail trade [41, 44-45]",Total - Gender,15 years and over,Current dollars,22.0
2024,New Brunswick,Median hourly wage rate,Full-time employees,Transportation and warehousing [48-49],Total - Gender,15 years and over,Current dollars,25.0
2024,New Brunswick,Median hourly wage rate,Full-time employees,"Finance, insurance, real estate, rental and leasing [52-53]",Total - Gender,15 years and over,Current dollars,29.88
2024,New Brunswick,Median hourly wage rate,Full-time employees,"Professional, scientific and technical services [54]",Total - Gender,15 years and over,Current dollars,34.1
2024,New Brunswick,Median hourly wage rate,Full-time employees,"Business, building and other support services [55-56]",Total - Gender,15 years and over,Current dollars,20.19
2024,New Brunswick,Median hourly wage rate,Full-time employees,Educational services [61],Total - Gender,15 years and over,Current dollars,33.29
2024,New Brunswick,Median hourly wage rate,Full-time employees,Health care and social assistance [62],Total - Gender,15 years and over,Current dollars,26.16
2024,New Brunswick,Median hourly wage rate,Full-time employees,"Information, culture and recreation [51, 71]",Total - Gender,15 years and over,Current dollars,26.44
2024,New Brunswick,Median hourly wage rate,Full-time employees,Accommodation and food services [72],Total - Gender,15 years and over,Current dollars,17.0
2024,New Brunswick,Median hourly wage rate,Full-time employees,Other services (except public administration) [81],Total - Gender,15 years and over,Current dollars,25.0
2024,New Brunswick,Median hourly wage rate,Full-time employees,Public administration [91],Total - Gender,15 years and over,Current dollars,38.0
2024,Quebec,Median hourly wage rate,Full-time employees,"Total employees, all industries",Total - Gender,15 years and over,Current dollars,32.0
2024,Quebec,Median hourly wage rate,Full-time employees,Goods-producing sector,Total - Gender,15 years and over,Current dollars,33.0
2024,Quebec,Median hourly wage rate,Full-time employees,"Agriculture [111-112, 1100, 1151-1152]",Total - Gender,15 years and over,Current dollars,22.5
2024,Quebec,Median hourly wage rate,Full-time employees,"Forestry, fishing, mining, quarrying, oil and gas [21, 113-114, 1153, 2100]",Total - Gender,15 years and over,Current dollars,40.0
2024,Quebec,Median hourly wage rate,Full-time employees,Utilities [22],Total - Gender,15 years and over,Current dollars,51.1
2024,Quebec,Median hourly wage rate,Full-time employees,Construction [23],Total - Gender,15 years and over,Current dollars,36.63
2024,Quebec,Median hourly wage rate,Full-time employees,Manufacturing [31-33],Total - Gender,15 years and over,Current dollars,30.0
2024,Quebec,Median hourly wage rate,Full-time employees,Services-producing sector,Total - Gender,15 years and over,Current dollars,31.32
2024,Quebec,Median hourly wage rate,Full-time employees,"Wholesale and retail trade [41, 44-45]",Total - Gender,15 years and over,Current dollars,25.0
2024,Quebec,Median hourly wage rate,Full-time employees,Transportation and warehousing [48-49],Total - Gender,15 years and over,Current dollars,29.35
2024,Quebec,Median hourly wage rate,Full-time employees,"Finance, insurance, real estate, rental and leasing [52-53]",Total - Gender,15 years and over,Current dollars,36.81
2024,Quebec,Median hourly wage rate,Full-time employees,"Professional, scientific and technical services [54]",Total - Gender,15 years and over,Current dollars,38.46
2024,Quebec,Median hourly wage rate,Full-time employees,"Business, building and other support services [55-56]",Total - Gender,15 years and over,Current dollars,24.5
2024,Quebec,Median hourly wage rate,Full-time employees,Educational services [61],Total - Gender,15 years and over,Current dollars,41.21
2024,Quebec,Median hourly wage rate,Full-time employees,Health care and social assistance [62],Total - Gender,15 years and over,Current dollars,28.5
2024,Quebec,Median hourly wage rate,Full-time employees,"Information, culture and recreation [51, 71]",Total - Gender,15 years and over,Current dollars,32.97
2024,Quebec,Median hourly wage rate,Full-time employees,Accommodation and food services [72],Total - Gender,15 years and over,Current dollars,21.0
2024,Quebec,Median hourly wage rate,Full-time employees,Other services (except public administration) [81],Total - Gender,15 years and over,Current dollars,28.57
2024,Quebec,Median hourly wage rate,Full-time employees,Public administration [91],Total - Gender,15 years and over,Current dollars,41.0
2024,Ontario,Median hourly wage rate,Full-time employees,"Total employees, all industries",Total - Gender,15 years and over,Current dollars,33.33
2024,Ontario,Median hourly wage rate,Full-time employees,Goods-producing sector,Total - Gender,15 years and over,Current dollars,32.0
2024,Ontario,Median hourly wage rate,Full-time employees,"Agriculture [111-112, 1100, 1151-1152]",Total - Gender,15 years and over,Current dollars,22.0
2024,Ontario,Median hourly wage rate,Full-time employees,"Forestry, fishing, mining, quarrying, oil and gas [21, 113-114, 1153, 2100]",Total - Gender,15 years and over,Current dollars,41.0
2024,Ontario,Median hourly wage rate,Full-time employees,Utilities [22],Total - Gender,15 years and over,Current dollars,52.88
2024,Ontario,Median hourly wage rate,Full-time employees,Construction [23],Total - Gender,15 years and over,Current dollars,34.9
2024,Ontario,Median hourly wage rate,Full-time employees,Manufacturing [31-33],Total - Gender,15 years and over,Current dollars,30.0
2024,Ontario,Median hourly wage rate,Full-time employees,Services-producing sector,Total - Gender,15 years and over,Current dollars,33.65
2024,Ontario,Median hourly wage rate,Full-time employees,"Wholesale and retail trade [41, 44-45]",Total - Gender,15 years and over,Current dollars,25.0
2024,Ontario,Median hourly wage rate,Full-time employees,Transportation and warehousing [48-49],Total - Gender,15 years and over,Current dollars,30.0
2024,Ontario,Median hourly wage rate,Full-time employees,"Finance, insurance, real estate, rental and leasing [52-53]",Total - Gender,15 years and over,Current dollars,40.0
2024,Ontario,Median hourly wage rate,Full-time employees,"Professional, scientific and technical services [54]",Total - Gender,15 years and over,Current dollars,43.27
2024,Ontario,Median hourly wage rate,Full-time employees,"Business, building and other support services [55-56]",Total - Gender,15 years and over,Current dollars,22.5
2024,Ontario,Median hourly wage rate,Full-time employees,Educational services [61],Total - Gender,15 years and over,Current dollars,41.03
2024,Ontario,Median hourly wage rate,Full-time employees,Health care and social assistance [62],Total - Gender,15 years and over,Current dollars,31.2
2024,Ontario,Median hourly wage rate,Full-time employees,"Information, culture and recreation [51, 71]",Total - Gender,15 years and over,Current dollars,33.0
2024,Ontario,Median hourly wage rate,Full-time employees,Accommodation and food services [72],Total - Gender,15 years and over,Current dollars,19.5
2024,Ontario,Median hourly wage rate,Full-time employees,Other services (except public administration) [81],Total - Gender,15 years and over,Current dollars,26.55
2024,Ontario,Median hourly wage rate,Full-time employees,Public administration [91],Total - Gender,15 years and over,Current dollars,45.79
2024,Manitoba,Median hourly wage rate,Full-time employees,"Total employees, all industries",Total - Gender,15 years and over,Current dollars,28.0
2024,Manitoba,Median hourly wage rate,Full-time employees,Goods-producing sector,Total - Gender,15 years and over,Current dollars,28.0
2024,Manitoba,Median hourly wage rate,Full-time employees,"Agriculture [111-112, 1100, 1151-1152]",Total - Gender,15 years and over,Current dollars,23.0
2024,Manitoba,Median hourly wage rate,Full-time employees,"Forestry, fishing, mining, quarrying, oil and gas [21, 113-114, 1153, 2100]",Total - Gender,15 years and over,Current dollars,38.75
2024,Manitoba,Median hourly wage rate,Full-time employees,Utilities [22],Total - Gender,15 years and over,Current dollars,40.02
2024,Manitoba,Median hourly wage rate,Full-time employees,Construction [23],Total - Gender,15 years and over,Current dollars,30.0
2024,Manitoba,Median hourly wage rate,Full-time employees,Manufacturing [31-33],Total - Gender,15 years and over,Current dollars,25.0
2024,Manitoba,Median hourly wage rate,Full-time employees,Services-producing sector,Total - Gender,15 years and over,Current dollars,28.0
2024,Manitoba,Median hourly wage rate,Full-time employees,"Wholesale and retail trade [41, 44-45]",Total - Gender,15 years and over,Current dollars,23.08
2024,Manitoba,Median hourly wage rate,Full-time employees,Transportation and warehousing [48-49],Total - Gender,15 years and over,Current dollars,26.5
2024,Manitoba,Median hourly wage rate,Full-time employees,"Finance, insurance, real estate, rental and leasing [52-53]",Total - Gender,15 years and over,Current dollars,31.25
2024,Manitoba,Median hourly wage rate,Full-time employees,"Professional, scientific and technical services [54]",Total - Gender,15 years and over,Current dollars,33.0
2024,Manitoba,Median hourly wage rate,Full-time employees,"Business, building and other support services [55-56]",Total - Gender,15 years and over,Current dollars,20.0
2024,Manitoba,Median hourly wage rate,Full-time employees,Educational services [61],Total - Gender,15 years and over,Current dollars,36.43
2024,Manitoba,Median hourly wage rate,Full-time employees,Health care and social assistance [62],Total - Gender,15 years and over,Current dollars,25.62
2024,Manitoba,Median hourly wage rate,Full-time employees,"Information, culture and recreation [51, 71]",Total - Gender,15 years and over,Current dollars,26.44
2024,Manitoba,Median hourly wage rate,Full-time employees,Accommodation and food services [72],Total - Gender,15 years and over,Current dollars,17.0
2024,Manitoba,Median hourly wage rate,Full-time employees,Other services (except public administration) [81],Total - Gender,15 years and over,Current dollars,25.0
2024,Manitoba,Median hourly wage rate,Full-time employees,Public administration [91],Total - Gender,15 years and over,Current dollars,38.0
2024,Saskatchewan,Median hourly wage rate,Full-time employees,"Total employees, all industries",Total - Gender,15 years and over,Current dollars,31.0
2024,Saskatchewan,Median hourly wage rate,Full-time employees,Goods-producing sector,Total - Gender,15 years and over,Current dollars,34.62
2024,Saskatchewan,Median hourly wage rate,Full-time employees,"Agriculture [111-112, 1100, 1151-1152]",Total - Gender,15 years and over,Current dollars,27.5
2024,Saskatchewan,Median hourly wage rate,Full-time employees,"Forestry, fishing, mining, quarrying, oil and gas [21, 113-114, 1153, 2100]",Total - Gender,15 years and over,Current dollars,46.63
2024,Saskatchewan,Median hourly wage rate,Full-time employees,Utilities [22],Total - Gender,15 years and over,Current dollars,48.08
2024,Saskatchewan,Median hourly wage rate,Full-time employees,Construction [23],Total - Gender,15 years and over,Current dollars,33.1
2024,Saskatchewan,Median hourly wage rate,Full-time employees,Manufacturing [31-33],Total - Gender,15 years and over,Current dollars,30.0
2024,Saskatchewan,Median hourly wage rate,Full-time employees,Services-producing sector,Total - Gender,15 years and over,Current dollars,30.0
2024,Saskatchewan,Median hourly wage rate,Full-time employees,"Wholesale and retail trade [41, 44-45]",Total - Gender,15 years and over,Current dollars,24.83
2024,Saskatchewan,Median hourly wage rate,Full-time employees,Transportation and warehousing [48-49],Total - Gender,15 years and over,Current dollars,30.66
2024,Saskatchewan,Median hourly wage rate,Full-time employees,"Finance, insurance, real estate, rental and leasing [52-53]",Total - Gender,15 years and over,Current dollars,34.36
2024,Saskatchewan,Median hourly wage rate,Full-time employees,"Professional, scientific and technical services [54]",Total - Gender,15 years and over,Current dollars,36.92
2024,Saskatchewan,Median hourly wage rate,Full-time employees,"Business, building and other support services [55-56]",Total - Gender,15 years and over,Current dollars,23.0
2024,Saskatchewan,Median hourly wage rate,Full-time employees,Educational services [61],Total - Gender,15 years and over,Current dollars,38.13
2024,Saskatchewan,Median hourly wage rate,Full-time employees,Health care and social assistance [62],Total - Gender,15 years and over,Current dollars,27.99
2024,Saskatchewan,Median hourly wage rate,Full-time employees,"Information, culture and recreation [51, 71]",Total - Gender,15 years and over,Current dollars,28.85
2024,Saskatchewan,Median hourly wage rate,Full-time employees,Accommodation and food services [72],Total - Gender,15 years and over,Current dollars,16.25
2024,Saskatchewan,Median hourly wage rate,Full-time employees,Other services (except public administration) [81],Total - Gender,15 years and over,Current dollars,28.03
2024,Saskatchewan,Median hourly wage rate,Full-time employees,Public administration [91],Total - Gender,15 years and over,Current dollars,39.63
2024,Alberta,Median hourly wage rate,Full-time employees,"Total employees, all industries",Total - Gender,15 years and over,Current dollars,33.65
2024,Alberta,Median hourly wage rate,Full-time employees,Goods-producing sector,Total - Gender,15 years and over,Current dollars,38.0
2024,Alberta,Median hourly wage rate,Full-time employees,"Agriculture [111-112, 1100, 1151-1152]",Total - Gender,15 years and over,Current dollars,25.0
2024,Alberta,Median hourly wage rate,Full-time employees,"Forestry, fishing, mining, quarrying, oil and gas [21, 113-114, 1153, 2100]",Total - Gender,15 years and over,Current dollars,51.0
2024,Alberta,Median hourly wage rate,Full-time employees,Utilities [22],Total - Gender,15 years and over,Current dollars,51.53
2024,Alberta,Median hourly wage rate,Full-time employees,Construction [23],Total - Gender,15 years and over,Current dollars,36.0
2024,Alberta,Median hourly wage rate,Full-time employees,Manufacturing [31-33],Total - Gender,15 years and over,Current dollars,31.25
2024,Alberta,Median hourly wage rate,Full-time employees,Services-producing sector,Total - Gender,15 years and over,Current dollars,32.0
2024,Alberta,Median hourly wage rate,Full-time employees,"Wholesale and retail trade [41, 44-45]",Total - Gender,15 years and over,Current dollars,25.0
2024,Alberta,Median hourly wage rate,Full-time employees,Transportation and warehousing [48-49],Total - Gender,15 years and over,Current dollars,32.5
2024,Alberta,Median hourly wage rate,Full-time employees,"Finance, insurance, real estate, rental and leasing [52-53]",Total - Gender,15 years and over,Current dollars,36.41
2024,Alberta,Median hourly wage rate,Full-time employees,"Professional, scientific and technical services [54]",Total - Gender,15 years and over,Current dollars,40.5
2024,Alberta,Median hourly wage rate,Full-time employees,"Business, building and other support services [55-56]",Total - Gender,15 years and over,Current dollars,25.0
2024,Alberta,Median hourly wage rate,Full-time employees,Educational services [61],Total - Gender,15 years and over,Current dollars,39.0
2024,Alberta,Median hourly wage rate,Full-time employees,Health care and social assistance [62],Total - Gender,15 years and over,Current dollars,31.19
2024,Alberta,Median hourly wage rate,Full-time employees,"Information, culture and recreation [51, 71]",Total - Gender,15 years and over,Current dollars,29.82
2024,Alberta,Median hourly wage rate,Full-time employees,Accommodation and food services [72],Total - Gender,15 years and over,Current dollars,18.65
2024,Alberta,Median hourly wage rate,Full-time employees,Other services (except public administration) [81],Total - Gender,15 years and over,Current dollars,28.0
2024,Alberta,Median hourly wage rate,Full-time employees,Public administration [91],Total - Gender,15 years and over,Current dollars,45.33
2024,British Columbia,Median hourly wage rate,Full-time employees,"Total employees, all industries",Total - Gender,15 years and over,Current dollars,34.0
2024,British Columbia,Median hourly wage rate,Full-time employees,Goods-producing sector,Total - Gender,15 years and over,Current dollars,36.0
2024,British Columbia,Median hourly wage rate,Full-time employees,"Agriculture [111-112, 1100, 1151-1152]",Total - Gender,15 years and over,Current dollars,25.0
2024,British Columbia,Median hourly wage rate,Full-time employees,"Forestry, fishing, mining, quarrying, oil and gas [21, 113-114, 1153, 2100]",Total - Gender,15 years and over,Current dollars,45.04
2024,British Columbia,Median hourly wage rate,Full-time employees,Utilities [22],Total - Gender,15 years and over,Current dollars,48.5
2024,British Columbia,Median hourly wage rate,Full-time employees,Construction [23],Total - Gender,15 years and over,Current dollars,35.0
2024,British Columbia,Median hourly wage rate,Full-time employees,Manufacturing [31-33],Total - Gender,15 years and over,Current dollars,33.4
2024,British Columbia,Median hourly wage rate,Full-time employees,Services-producing sector,Total - Gender,15 years and over,Current dollars,33.65
2024,British Columbia,Median hourly wage rate,Full-time employees,"Wholesale and retail trade [41, 44-45]",Total - Gender,15 years and over,Current dollars,26.0
2024,British Columbia,Median hourly wage rate,Full-time employees,Transportation and warehousing [48-49],Total - Gender,15 years and over,Current dollars,32.31
2024,British Columbia,Median hourly wage rate,Full-time employees,"Finance, insurance, real estate, rental and leasing [52-53]",Total - Gender,15 years and over,Current dollars,36.06
2024,British Columbia,Median hourly wage rate,Full-time employees,"Professional, scientific and technical services [54]",Total - Gender,15 years and over,Current dollars,45.67
2024,British Columbia,Median hourly wage rate,Full-time employees,"Business, building and other support services [55-56]",Total - Gender,15 years and over,Current dollars,27.25
2024,British Columbia,Median hourly wage rate,Full-time employees,Educational services [61],Total - Gender,15 years and over,Current dollars,39.76
2024,British Columbia,Median hourly wage rate,Full-time employees,Health care and social assistance [62],Total - Gender,15 years and over,Current dollars,31.25
2024,British Columbia,Median hourly wage rate,Full-time employees,"Information, culture and recreation [51, 71]",Total - Gender,15 years and over,Current dollars,35.0
2024,British Columbia,Median hourly wage rate,Full-time employees,Accommodation and food services [72],Total - Gender,15 years and over,Current dollars,22.0
2024,British Columbia,Median hourly wage rate,Full-time employees,Other services (except public administration) [81],Total - Gender,15 years and over,Current dollars,30.0
2024,British Columbia,Median hourly wage rate,Full-time employees,Public administration [91],Total - Gender,15 years and over,Current dollars,43.27
2025,Canada,Median hourly wage rate,Full-time employees,"Total employees, all industries",Total - Gender,15 years and over,Current dollars,33.65
2025,Canada,Median hourly wage rate,Full-time employees,Goods-producing sector,Total - Gender,15 years and over,Current dollars,34.36
2025,Canada,Median hourly wage rate,Full-time employees,"Agriculture [111-112, 1100, 1151-1152]",Total - Gender,15 years and over,Current dollars,24.14
2025,Canada,Median hourly wage rate,Full-time employees,"Forestry, fishing, mining, quarrying, oil and gas [21, 113-114, 1153, 2100]",Total - Gender,15 years and over,Current dollars,47.0
2025,Canada,Median hourly wage rate,Full-time employees,Utilities [22],Total - Gender,15 years and over,Current dollars,53.37
2025,Canada,Median hourly wage rate,Full-time employees,Construction [23],Total - Gender,15 years and over,Current dollars,36.0
2025,Canada,Median hourly wage rate,Full-time employees,Manufacturing [31-33],Total - Gender,15 years and over,Current dollars,31.0
2025,Canada,Median hourly wage rate,Full-time employees,Services-producing sector,Total - Gender,15 years and over,Current dollars,33.33
2025,Canada,Median hourly wage rate,Full-time employees,"Wholesale and retail trade [41, 44-45]",Total - Gender,15 years and over,Current dollars,25.0
2025,Canada,Median hourly wage rate,Full-time employees,Transportation and warehousing [48-49],Total - Gender,15 years and over,Current dollars,30.46
2025,Canada,Median hourly wage rate,Full-time employees,"Finance, insurance, real estate, rental and leasing [52-53]",Total - Gender,15 years and over,Current dollars,38.46
2025,Canada,Median hourly wage rate,Full-time employees,"Professional, scientific and technical services [54]",Total - Gender,15 years and over,Current dollars,43.27
2025,Canada,Median hourly wage rate,Full-time employees,"Business, building and other support services [55-56]",Total - Gender,15 years and over,Current dollars,25.0
2025,Canada,Median hourly wage rate,Full-time employees,Educational services [61],Total - Gender,15 years and over,Current dollars,41.76
2025,Canada,Median hourly wage rate,Full-time employees,Health care and social assistance [62],Total - Gender,15 years and over,Current dollars,30.85
2025,Canada,Median hourly wage rate,Full-time employees,"Information, culture and recreation [51, 71]",Total - Gender,15 years and over,Current dollars,34.19
2025,Canada,Median hourly wage rate,Full-time employees,Accommodation and food services [72],Total - Gender,15 years and over,Current dollars,20.0
2025,Canada,Median hourly wage rate,Full-time employees,Other services (except public administration) [81],Total - Gender,15 years and over,Current dollars,28.57
2025,Canada,Median hourly wage rate,Full-time employees,Public administration [91],Total - Gender,15 years and over,Current dollars,44.71
2025,Newfoundland and Labrador,Median hourly wage rate,Full-time employees,"Total employees, all industries",Total - Gender,15 years and over,Current dollars,30.07
2025,Newfoundland and Labrador,Median hourly wage rate,Full-time employees,Goods-producing sector,Total - Gender,15 years and over,Current dollars,35.26
2025,Newfoundland and Labrador,Median hourly wage rate,Full-time employees,"Agriculture [111-112, 1100, 1151-1152]",Total - Gender,15 years and over,Current dollars,21.37
2025,Newfoundland and Labrador,Median hourly wage rate,Full-time employees,"Forestry, fishing, mining, quarrying, oil and gas [21, 113-114, 1153, 2100]",Total - Gender,15 years and over,Current dollars,50.0
2025,Newfoundland and Labrador,Median hourly wage rate,Full-time employees,Utilities [22],Total - Gender,15 years and over,Current dollars,51.0
2025,Newfoundland and Labrador,Median hourly wage rate,Full-time employees,Construction [23],Total - Gender,15 years and over,Current dollars,30.4
2025,Newfoundland and Labrador,Median hourly wage rate,Full-time employees,Manufacturing [31-33],Total - Gender,15 years and over,Current dollars,26.0
2025,Newfoundland and Labrador,Median hourly wage rate,Full-time employees,Services-producing sector,Total - Gender,15 years and over,Current dollars,29.76
2025,Newfoundland and Labrador,Median hourly wage rate,Full-time employees,"Wholesale and retail trade [41, 44-45]",Total - Gender,15 years and over,Current dollars,21.4
2025,Newfoundland and Labrador,Median hourly wage rate,Full-time employees,Transportation and warehousing [48-49],Total - Gender,15 years and over,Current dollars,30.0
2025,Newfoundland and Labrador,Median hourly wage rate,Full-time employees,"Finance, insurance, real estate, rental and leasing [52-53]",Total - Gender,15 years and over,Current dollars,30.77
2025,Newfoundland and Labrador,Median hourly wage rate,Full-time employees,"Professional, scientific and technical services [54]",Total - Gender,15 years and over,Current dollars,39.38
2025,Newfoundland and Labrador,Median hourly wage rate,Full-time employees,"Business, building and other support services [55-56]",Total - Gender,15 years and over,Current dollars,22.51
2025,Newfoundland and Labrador,Median hourly wage rate,Full-time employees,Educational services [61],Total - Gender,15 years and over,Current dollars,40.87
2025,Newfoundland and Labrador,Median hourly wage rate,Full-time employees,Health care and social assistance [62],Total - Gender,15 years and over,Current dollars,28.85
2025,Newfoundland and Labrador,Median hourly wage rate,Full-time employees,"Information, culture and recreation [51, 71]",Total - Gender,15 years and over,Current dollars,30.0
2025,Newfoundland and Labrador,Median hourly wage rate,Full-time employees,Accommodation and food services [72],Total - Gender,15 years and over,Current dollars,17.75
2025,Newfoundland and Labrador,Median hourly wage rate,Full-time employees,Other services (except public administration) [81],Total - Gender,15 years and over,Current dollars,25.0
2025,Newfoundland and Labrador,Median hourly wage rate,Full-time employees,Public administration [91],Total - Gender,15 years and over,Current dollars,38.46
2025,Prince Edward Island,Median hourly wage rate,Full-time employees,"Total employees, all industries",Total - Gender,15 years and over,Current dollars,28.21
2025,Prince Edward Island,Median hourly wage rate,Full-time employees,Goods-producing sector,Total - Gender,15 years and over,Current dollars,25.0
2025,Prince Edward Island,Median hourly wage rate,Full-time employees,"Agriculture [111-112, 1100, 1151-1152]",Total - Gender,15 years and over,Current dollars,20.0
2025,Prince Edward Island,Median hourly wage rate,Full-time employees,"Forestry, fishing, mining, quarrying, oil and gas [21, 113-114, 1153, 2100]",Total - Gender,15 years and over,Current dollars,22.61
2025,Prince Edward Island,Median hourly wage rate,Full-time employees,Utilities [22],Total - Gender,15 years and over,Current dollars,43.27
2025,Prince Edward Island,Median hourly wage rate,Full-time employees,Construction [23],Total - Gender,15 years and over,Current dollars,28.0
2025,Prince Edward Island,Median hourly wage rate,Full-time employees,Manufacturing [31-33],Total - Gender,15 years and over,Current dollars,24.0
2025,Prince Edward Island,Median hourly wage rate,Full-time employees,Services-producing sector,Total - Gender,15 years and over,Current dollars,30.0
2025,Prince Edward Island,Median hourly wage rate,Full-time employees,"Wholesale and retail trade [41, 44-45]",Total - Gender,15 years and over,Current dollars,21.0
2025,Prince Edward Island,Median hourly wage rate,Full-time employees,Transportation and warehousing [48-49],Total - Gender,15 years and over,Current dollars,26.0
2025,Prince Edward Island,Median hourly wage rate,Full-time employees,"Finance, insurance, real estate, rental and leasing [52-53]",Total - Gender,15 years and over,Current dollars,29.47
2025,Prince Edward Island,Median hourly wage rate,Full-time employees,"Professional, scientific and technical services [54]",Total - Gender,15 years and over,Current dollars,35.65
2025,Prince Edward Island,Median hourly wage rate,Full-time employees,"Business, building and other support services [55-56]",Total - Gender,15 years and over,Current dollars,20.0
2025,Prince Edward Island,Median hourly wage rate,Full-time employees,Educational services [61],Total - Gender,15 years and over,Current dollars,34.62
2025,Prince Edward Island,Median hourly wage rate,Full-time employees,Health care and social assistance [62],Total - Gender,15 years and over,Current dollars,32.0
2025,Prince Edward Island,Median hourly wage rate,Full-time employees,"Information, culture and recreation [51, 71]",Total - Gender,15 years and over,Current dollars,22.0
2025,Prince Edward Island,Median hourly wage rate,Full-time employees,Accommodation and food services [72],Total - Gender,15 years and over,Current dollars,18.0
2025,Prince Edward Island,Median hourly wage rate,Full-time employees,Other services (except public administration) [81],Total - Gender,15 years and over,Current dollars,22.0
2025,Prince Edward Island,Median hourly wage rate,Full-time employees,Public administration [91],Total - Gender,15 years and over,Current dollars,39.49
2025,Nova Scotia,Median hourly wage rate,Full-time employees,"Total employees, all industries",Total - Gender,15 years and over,Current dollars,29.8
2025,Nova Scotia,Median hourly wage rate,Full-time employees,Goods-producing sector,Total - Gender,15 years and over,Current dollars,28.5
2025,Nova Scotia,Median hourly wage rate,Full-time employees,"Agriculture [111-112, 1100, 1151-1152]",Total - Gender,15 years and over,Current dollars,20.0
2025,Nova Scotia,Median hourly wage rate,Full-time employees,"Forestry, fishing, mining, quarrying, oil and gas [21, 113-114, 1153, 2100]",Total - Gender,15 years and over,Current dollars,25.0
2025,Nova Scotia,Median hourly wage rate,Full-time employees,Utilities [22],Total - Gender,15 years and over,Current dollars,45.05
2025,Nova Scotia,Median hourly wage rate,Full-time employees,Construction [23],Total - Gender,15 years and over,Current dollars,28.21
2025,Nova Scotia,Median hourly wage rate,Full-time employees,Manufacturing [31-33],Total - Gender,15 years and over,Current dollars,28.0
2025,Nova Scotia,Median hourly wage rate,Full-time employees,Services-producing sector,Total - Gender,15 years and over,Current dollars,30.0
2025,Nova Scotia,Median hourly wage rate,Full-time employees,"Wholesale and retail trade [41, 44-45]",Total - Gender,15 years and over,Current dollars,22.0
2025,Nova Scotia,Median hourly wage rate,Full-time employees,Transportation and warehousing [48-49],Total - Gender,15 years and over,Current dollars,28.85
2025,Nova Scotia,Median hourly wage rate,Full-time employees,"Finance, insurance, real estate, rental and leasing [52-53]",Total - Gender,15 years and over,Current dollars,32.05
2025,Nova Scotia,Median hourly wage rate,Full-time employees,"Professional, scientific and technical services [54]",Total - Gender,15 years and over,Current dollars,38.46
2025,Nova Scotia,Median hourly wage rate,Full-time employees,"Business, building and other support services [55-56]",Total - Gender,15 years and over,Current dollars,21.0
2025,Nova Scotia,Median hourly wage rate,Full-time employees,Educational services [61],Total - Gender,15 years and over,Current dollars,39.42
2025,Nova Scotia,Median hourly wage rate,Full-time employees,Health care and social assistance [62],Total - Gender,15 years and over,Current dollars,32.0
2025,Nova Scotia,Median hourly wage rate,Full-time employees,"Information, culture and recreation [51, 71]",Total - Gender,15 years and over,Current dollars,29.0
2025,Nova Scotia,Median hourly wage rate,Full-time employees,Accommodation and food services [72],Total - Gender,15 years and over,Current dollars,18.0
2025,Nova Scotia,Median hourly wage rate,Full-time employees,Other services (except public administration) [81],Total - Gender,15 years and over,Current dollars,27.0
2025,Nova Scotia,Median hourly wage rate,Full-time employees,Public administration [91],Total - Gender,15 years and over,Current dollars,41.21
2025,New Brunswick,Median hourly wage rate,Full-time employees,"Total employees, all industries",Total - Gender,15 years and over,Current dollars,28.85
2025,New Brunswick,Median hourly wage rate,Full-time employees,Goods-producing sector,Total - Gender,15 years and over,Current dollars,28.0
2025,New Brunswick,Median hourly wage rate,Full-time employees,"Agriculture [111-112, 1100, 1151-1152]",Total - Gender,15 years and over,Current dollars,21.0
2025,New Brunswick,Median hourly wage rate,Full-time employees,"Forestry, fishing, mining, quarrying, oil and gas [21, 113-114, 1153, 2100]",Total - Gender,15 years and over,Current dollars,28.46
2025,New Brunswick,Median hourly wage rate,Full-time employees,Utilities [22],Total - Gender,15 years and over,Current dollars,46.15
2025,New Brunswick,Median hourly wage rate,Full-time employees,Construction [23],Total - Gender,15 years and over,Current dollars,28.85
2025,New Brunswick,Median hourly wage rate,Full-time employees,Manufacturing [31-33],Total - Gender,15 years and over,Current dollars,26.11
2025,New Brunswick,Median hourly wage rate,Full-time employees,Services-producing sector,Total - Gender,15 years and over,Current dollars,29.14
2025,New Brunswick,Median hourly wage rate,Full-time employees,"Wholesale and retail trade [41, 44-45]",Total - Gender,15 years and over,Current dollars,22.5
2025,New Brunswick,Median hourly wage rate,Full-time employees,Transportation and warehousing [48-49],Total - Gender,15 years and over,Current dollars,26.44
2025,New Brunswick,Median hourly wage rate,Full-time employees,"Finance, insurance, real estate, rental and leasing [52-53]",Total - Gender,15 years and over,Current dollars,30.0
2025,New Brunswick,Median hourly wage rate,Full-time employees,"Professional, scientific and technical services [54]",Total - Gender,15 years and over,Current dollars,34.0
2025,New Brunswick,Median hourly wage rate,Full-time employees,"Business, building and other support services [55-56]",Total - Gender,15 years and over,Current dollars,22.0
2025,New Brunswick,Median hourly wage rate,Full-time employees,Educational services [61],Total - Gender,15 years and over,Current dollars,33.65
2025,New Brunswick,Median hourly wage rate,Full-time employees,Health care and social assistance [62],Total - Gender,15 years and over,Current dollars,28.41
2025,New Brunswick,Median hourly wage rate,Full-time employees,"Information, culture and recreation [51, 71]",Total - Gender,15 years and over,Current dollars,29.0
2025,New Brunswick,Median hourly wage rate,Full-time employees,Accommodation and food services [72],Total - Gender,15 years and over,Current dollars,18.0
2025,New Brunswick,Median hourly wage rate,Full-time employees,Other services (except public administration) [81],Total - Gender,15 years and over,Current dollars,26.0
2025,New Brunswick,Median hourly wage rate,Full-time employees,Public administration [91],Total - Gender,15 years and over,Current dollars,39.0
2025,Quebec,Median hourly wage rate,Full-time employees,"Total employees, all industries",Total - Gender,15 years and over,Current dollars,33.0
2025,Quebec,Median hourly wage rate,Full-time employees,Goods-producing sector,Total - Gender,15 years and over,Current dollars,34.13
2025,Quebec,Median hourly wage rate,Full-time employees,"Agriculture [111-112, 1100, 1151-1152]",Total - Gender,15 years and over,Current dollars,24.0
2025,Quebec,Median hourly wage rate,Full-time employees,"Forestry, fishing, mining, quarrying, oil and gas [21, 113-114, 1153, 2100]",Total - Gender,15 years and over,Current dollars,40.0
2025,Quebec,Median hourly wage rate,Full-time employees,Utilities [22],Total - Gender,15 years and over,Current dollars,53.11
2025,Quebec,Median hourly wage rate,Full-time employees,Construction [23],Total - Gender,15 years and over,Current dollars,38.0
2025,Quebec,Median hourly wage rate,Full-time employees,Manufacturing [31-33],Total - Gender,15 years and over,Current dollars,31.61
2025,Quebec,Median hourly wage rate,Full-time employees,Services-producing sector,Total - Gender,15 years and over,Current dollars,32.3
2025,Quebec,Median hourly wage rate,Full-time employees,"Wholesale and retail trade [41, 44-45]",Total - Gender,15 years and over,Current dollars,25.0
2025,Quebec,Median hourly wage rate,Full-time employees,Transportation and warehousing [48-49],Total - Gender,15 years and over,Current dollars,29.0
2025,Quebec,Median hourly wage rate,Full-time employees,"Finance, insurance, real estate, rental and leasing [52-53]",Total - Gender,15 years and over,Current dollars,38.46
2025,Quebec,Median hourly wage rate,Full-time employees,"Professional, scientific and technical services [54]",Total - Gender,15 years and over,Current dollars,40.0
2025,Quebec,Median hourly wage rate,Full-time employees,"Business, building and other support services [55-56]",Total - Gender,15 years and over,Current dollars,25.0
2025,Quebec,Median hourly wage rate,Full-time employees,Educational services [61],Total - Gender,15 years and over,Current dollars,43.79
2025,Quebec,Median hourly wage rate,Full-time employees,Health care and social assistance [62],Total - Gender,15 years and over,Current dollars,29.0
2025,Quebec,Median hourly wage rate,Full-time employees,"Information, culture and recreation [51, 71]",Total - Gender,15 years and over,Current dollars,35.0
2025,Quebec,Median hourly wage rate,Full-time employees,Accommodation and food services [72],Total - Gender,15 years and over,Current dollars,21.0
2025,Quebec,Median hourly wage rate,Full-time employees,Other services (except public administration) [81],Total - Gender,15 years and over,Current dollars,30.0
2025,Quebec,Median hourly wage rate,Full-time employees,Public administration [91],Total - Gender,15 years and over,Current dollars,42.0
2025,Ontario,Median hourly wage rate,Full-time employees,"Total employees, all industries",Total - Gender,15 years and over,Current dollars,34.62
2025,Ontario,Median hourly wage rate,Full-time employees,Goods-producing sector,Total - Gender,15 years and over,Current dollars,33.0
2025,Ontario,Median hourly wage rate,Full-time employees,"Agriculture [111-112, 1100, 1151-1152]",Total - Gender,15 years and over,Current dollars,23.0
2025,Ontario,Median hourly wage rate,Full-time employees,"Forestry, fishing, mining, quarrying, oil and gas [21, 113-114, 1153, 2100]",Total - Gender,15 years and over,Current dollars,43.0
2025,Ontario,Median hourly wage rate,Full-time employees,Utilities [22],Total - Gender,15 years and over,Current dollars,56.0
2025,Ontario,Median hourly wage rate,Full-time employees,Construction [23],Total - Gender,15 years and over,Current dollars,35.19
2025,Ontario,Median hourly wage rate,Full-time employees,Manufacturing [31-33],Total - Gender,15 years and over,Current dollars,30.0
2025,Ontario,Median hourly wage rate,Full-time employees,Services-producing sector,Total - Gender,15 years and over,Current dollars,35.0
2025,Ontario,Median hourly wage rate,Full-time employees,"Wholesale and retail trade [41, 44-45]",Total - Gender,15 years and over,Current dollars,25.64
2025,Ontario,Median hourly wage rate,Full-time employees,Transportation and warehousing [48-49],Total - Gender,15 years and over,Current dollars,30.0
2025,Ontario,Median hourly wage rate,Full-time employees,"Finance, insurance, real estate, rental and leasing [52-53]",Total - Gender,15 years and over,Current dollars,41.03
2025,Ontario,Median hourly wage rate,Full-time employees,"Professional, scientific and technical services [54]",Total - Gender,15 years and over,Current dollars,46.15
2025,Ontario,Median hourly wage rate,Full-time employees,"Business, building and other support services [55-56]",Total - Gender,15 years and over,Current dollars,25.0
2025,Ontario,Median hourly wage rate,Full-time employees,Educational services [61],Total - Gender,15 years and over,Current dollars,44.18
2025,Ontario,Median hourly wage rate,Full-time employees,Health care and social assistance [62],Total - Gender,15 years and over,Current dollars,32.91
2025,Ontario,Median hourly wage rate,Full-time employees,"Information, culture and recreation [51, 71]",Total - Gender,15 years and over,Current dollars,35.58
2025,Ontario,Median hourly wage rate,Full-time employees,Accommodation and food services [72],Total - Gender,15 years and over,Current dollars,20.0
2025,Ontario,Median hourly wage rate,Full-time employees,Other services (except public administration) [81],Total - Gender,15 years and over,Current dollars,28.0
2025,Ontario,Median hourly wage rate,Full-time employees,Public administration [91],Total - Gender,15 years and over,Current dollars,48.0
2025,Manitoba,Median hourly wage rate,Full-time employees,"Total employees, all industries",Total - Gender,15 years and over,Current dollars,28.74
2025,Manitoba,Median hourly wage rate,Full-time employees,Goods-producing sector,Total - Gender,15 years and over,Current dollars,29.0
2025,Manitoba,Median hourly wage rate,Full-time employees,"Agriculture [111-112, 1100, 1151-1152]",Total - Gender,15 years and over,Current dollars,24.0
2025,Manitoba,Median hourly wage rate,Full-time employees,"Forestry, fishing, mining, quarrying, oil and gas [21, 113-114, 1153, 2100]",Total - Gender,15 years and over,Current dollars,43.0
2025,Manitoba,Median hourly wage rate,Full-time employees,Utilities [22],Total - Gender,15 years and over,Current dollars,46.15
2025,Manitoba,Median hourly wage rate,Full-time employees,Construction [23],Total - Gender,15 years and over,Current dollars,30.0
2025,Manitoba,Median hourly wage rate,Full-time employees,Manufacturing [31-33],Total - Gender,15 years and over,Current dollars,27.0
2025,Manitoba,Median hourly wage rate,Full-time employees,Services-producing sector,Total - Gender,15 years and over,Current dollars,28.5
2025,Manitoba,Median hourly wage rate,Full-time employees,"Wholesale and retail trade [41, 44-45]",Total - Gender,15 years and over,Current dollars,24.0
2025,Manitoba,Median hourly wage rate,Full-time employees,Transportation and warehousing [48-49],Total - Gender,15 years and over,Current dollars,28.75
2025,Manitoba,Median hourly wage rate,Full-time employees,"Finance, insurance, real estate, rental and leasing [52-53]",Total - Gender,15 years and over,Current dollars,32.97
2025,Manitoba,Median hourly wage rate,Full-time employees,"Professional, scientific and technical services [54]",Total - Gender,15 years and over,Current dollars,35.0
2025,Manitoba,Median hourly wage rate,Full-time employees,"Business, building and other support services [55-56]",Total - Gender,15 years and over,Current dollars,21.0
2025,Manitoba,Median hourly wage rate,Full-time employees,Educational services [61],Total - Gender,15 years and over,Current dollars,35.38
2025,Manitoba,Median hourly wage rate,Full-time employees,Health care and social assistance [62],Total - Gender,15 years and over,Current dollars,27.0
2025,Manitoba,Median hourly wage rate,Full-time employees,"Information, culture and recreation [51, 71]",Total - Gender,15 years and over,Current dollars,27.97
2025,Manitoba,Median hourly wage rate,Full-time employees,Accommodation and food services [72],Total - Gender,15 years and over,Current dollars,17.0
2025,Manitoba,Median hourly wage rate,Full-time employees,Other services (except public administration) [81],Total - Gender,15 years and over,Current dollars,24.25
2025,Manitoba,Median hourly wage rate,Full-time employees,Public administration [91],Total - Gender,15 years and over,Current dollars,41.36
2025,Saskatchewan,Median hourly wage rate,Full-time employees,"Total employees, all industries",Total - Gender,15 years and over,Current dollars,31.25
2025,Saskatchewan,Median hourly wage rate,Full-time employees,Goods-producing sector,Total - Gender,15 years and over,Current dollars,35.0
2025,Saskatchewan,Median hourly wage rate,Full-time employees,"Agriculture [111-112, 1100, 1151-1152]",Total - Gender,15 years and over,Current dollars,28.0
2025,Saskatchewan,Median hourly wage rate,Full-time employees,"Forestry, fishing, mining, quarrying, oil and gas [21, 113-114, 1153, 2100]",Total - Gender,15 years and over,Current dollars,50.0
2025,Saskatchewan,Median hourly wage rate,Full-time employees,Utilities [22],Total - Gender,15 years and over,Current dollars,46.0
2025,Saskatchewan,Median hourly wage rate,Full-time employees,Construction [23],Total - Gender,15 years and over,Current dollars,32.0
2025,Saskatchewan,Median hourly wage rate,Full-time employees,Manufacturing [31-33],Total - Gender,15 years and over,Current dollars,32.66
2025,Saskatchewan,Median hourly wage rate,Full-time employees,Services-producing sector,Total - Gender,15 years and over,Current dollars,30.0
2025,Saskatchewan,Median hourly wage rate,Full-time employees,"Wholesale and retail trade [41, 44-45]",Total - Gender,15 years and over,Current dollars,24.61
2025,Saskatchewan,Median hourly wage rate,Full-time employees,Transportation and warehousing [48-49],Total - Gender,15 years and over,Current dollars,30.0
2025,Saskatchewan,Median hourly wage rate,Full-time employees,"Finance, insurance, real estate, rental and leasing [52-53]",Total - Gender,15 years and over,Current dollars,33.85
2025,Saskatchewan,Median hourly wage rate,Full-time employees,"Professional, scientific and technical services [54]",Total - Gender,15 years and over,Current dollars,38.46
2025,Saskatchewan,Median hourly wage rate,Full-time employees,"Business, building and other support services [55-56]",Total - Gender,15 years and over,Current dollars,21.0
2025,Saskatchewan,Median hourly wage rate,Full-time employees,Educational services [61],Total - Gender,15 years and over,Current dollars,39.23
2025,Saskatchewan,Median hourly wage rate,Full-time employees,Health care and social assistance [62],Total - Gender,15 years and over,Current dollars,28.05
2025,Saskatchewan,Median hourly wage rate,Full-time employees,"Information, culture and recreation [51, 71]",Total - Gender,15 years and over,Current dollars,31.5
2025,Saskatchewan,Median hourly wage rate,Full-time employees,Accommodation and food services [72],Total - Gender,15 years and over,Current dollars,17.0
2025,Saskatchewan,Median hourly wage rate,Full-time employees,Other services (except public administration) [81],Total - Gender,15 years and over,Current dollars,27.5
2025,Saskatchewan,Median hourly wage rate,Full-time employees,Public administration [91],Total - Gender,15 years and over,Current dollars,42.0
2025,Alberta,Median hourly wage rate,Full-time employees,"Total employees, all industries",Total - Gender,15 years and over,Current dollars,34.97
2025,Alberta,Median hourly wage rate,Full-time employees,Goods-producing sector,Total - Gender,15 years and over,Current dollars,39.0
2025,Alberta,Median hourly wage rate,Full-time employees,"Agriculture [111-112, 1100, 1151-1152]",Total - Gender,15 years and over,Current dollars,29.1
2025,Alberta,Median hourly wage rate,Full-time employees,"Forestry, fishing, mining, quarrying, oil and gas [21, 113-114, 1153, 2100]",Total - Gender,15 years and over,Current dollars,52.88
2025,Alberta,Median hourly wage rate,Full-time employees,Utilities [22],Total - Gender,15 years and over,Current dollars,56.0
2025,Alberta,Median hourly wage rate,Full-time employees,Construction [23],Total - Gender,15 years and over,Current dollars,37.0
2025,Alberta,Median hourly wage rate,Full-time employees,Manufacturing [31-33],Total - Gender,15 years and over,Current dollars,32.0
2025,Alberta,Median hourly wage rate,Full-time employees,Services-producing sector,Total - Gender,15 years and over,Current dollars,33.0
2025,Alberta,Median hourly wage rate,Full-time employees,"Wholesale and retail trade [41, 44-45]",Total - Gender,15 years and over,Current dollars,26.92
2025,Alberta,Median hourly wage rate,Full-time employees,Transportation and warehousing [48-49],Total - Gender,15 years and over,Current dollars,34.2
2025,Alberta,Median hourly wage rate,Full-time employees,"Finance, insurance, real estate, rental and leasing [52-53]",Total - Gender,15 years and over,Current dollars,38.15
2025,Alberta,Median hourly wage rate,Full-time employees,"Professional, scientific and technical services [54]",Total - Gender,15 years and over,Current dollars,41.81
2025,Alberta,Median hourly wage rate,Full-time employees,"Business, building and other support services [55-56]",Total - Gender,15 years and over,Current dollars,25.26
2025,Alberta,Median hourly wage rate,Full-time employees,Educational services [61],Total - Gender,15 years and over,Current dollars,40.46
2025,Alberta,Median hourly wage rate,Full-time employees,Health care and social assistance [62],Total - Gender,15 years and over,Current dollars,30.0
2025,Alberta,Median hourly wage rate,Full-time employees,"Information, culture and recreation [51, 71]",Total - Gender,15 years and over,Current dollars,30.0
2025,Alberta,Median hourly wage rate,Full-time employees,Accommodation and food services [72],Total - Gender,15 years and over,Current dollars,18.0
2025,Alberta,Median hourly wage rate,Full-time employees,Other services (except public administration) [81],Total - Gender,15 years and over,Current dollars,28.85
2025,Alberta,Median hourly wage rate,Full-time employees,Public administration [91],Total - Gender,15 years and over,Current dollars,45.67
2025,British Columbia,Median hourly wage rate,Full-time employees,"Total employees, all industries",Total - Gender,15 years and over,Current dollars,35.0
2025,British Columbia,Median hourly wage rate,Full-time employees,Goods-producing sector,Total - Gender,15 years and over,Current dollars,37.0
2025,British Columbia,Median hourly wage rate,Full-time employees,"Agriculture [111-112, 1100, 1151-1152]",Total - Gender,15 years and over,Current dollars,25.0
2025,British Columbia,Median hourly wage rate,Full-time employees,"Forestry, fishing, mining, quarrying, oil and gas [21, 113-114, 1153, 2100]",Total - Gender,15 years and over,Current dollars,45.0
2025,British Columbia,Median hourly wage rate,Full-time employees,Utilities [22],Total - Gender,15 years and over,Current dollars,51.63
2025,British Columbia,Median hourly wage rate,Full-time employees,Construction [23],Total - Gender,15 years and over,Current dollars,37.5
2025,British Columbia,Median hourly wage rate,Full-time employees,Manufacturing [31-33],Total - Gender,15 years and over,Current dollars,35.0
2025,British Columbia,Median hourly wage rate,Full-time employees,Services-producing sector,Total - Gender,15 years and over,Current dollars,34.62
2025,British Columbia,Median hourly wage rate,Full-time employees,"Wholesale and retail trade [41, 44-45]",Total - Gender,15 years and over,Current dollars,26.44
2025,British Columbia,Median hourly wage rate,Full-time employees,Transportation and warehousing [48-49],Total - Gender,15 years and over,Current dollars,34.0
2025,British Columbia,Median hourly wage rate,Full-time employees,"Finance, insurance, real estate, rental and leasing [52-53]",Total - Gender,15 years and over,Current dollars,38.0
2025,British Columbia,Median hourly wage rate,Full-time employees,"Professional, scientific and technical services [54]",Total - Gender,15 years and over,Current dollars,43.78
2025,British Columbia,Median hourly wage rate,Full-time employees,"Business, building and other support services [55-56]",Total - Gender,15 years and over,Current dollars,27.5
2025,British Columbia,Median hourly wage rate,Full-time employees,Educational services [61],Total - Gender,15 years and over,Current dollars,40.0
2025,British Columbia,Median hourly wage rate,Full-time employees,Health care and social assistance [62],Total - Gender,15 years and over,Current dollars,33.33
2025,British Columbia,Median hourly wage rate,Full-time employees,"Information, culture and recreation [51, 71]",Total - Gender,15 years and over,Current dollars,38.46
2025,British Columbia,Median hourly wage rate,Full-time employees,Accommodation and food services [72],Total - Gender,15 years and over,Current dollars,22.0
2025,British Columbia,Median hourly wage rate,Full-time employees,Other services (except public administration) [81],Total - Gender,15 years and over,Current dollars,30.0
2025,British Columbia,Median hourly wage rate,Full-time employees,Public administration [91],Total - Gender,15 years and over,Current dollars,45.0
