year,geography,wage_measure,work_type,gender,age_group,unit,median_hourly_wage,noc_code,noc_level,Occupation
2015,Canada,Median hourly wage rate,Full-time employees,Total - Gender,15 years and over,Current dollars,32.19,111,3-digit,Professional occupations in finance
2015,Canada,Median hourly wage rate,Full-time employees,Total - Gender,15 years and over,Current dollars,32.69,112,3-digit,Professional occupations in business
2015,Canada,Median hourly wage rate,Full-time employees,Total - Gender,15 years and over,Current dollars,35.9,211,3-digit,Professional occupations in natural sciences
2015,Canada,Median hourly wage rate,Full-time employees,Total - Gender,15 years and over,Current dollars,36.41,212,3-digit,Professional occupations in applied sciences (except engineering)
2015,Canada,Median hourly wage rate,Full-time employees,Total - Gender,15 years and over,Current dollars,41.21,213,3-digit,Professional occupations in engineering
2015,Canada,Median hourly wage rate,Full-time employees,Total - Gender,15 years and over,Current dollars,41.42,311,3-digit,Health treating and consultation services professionals
2015,Canada,Median hourly wage rate,Full-time employees,Total - Gender,15 years and over,Current dollars,37.0,312,3-digit,Therapy and assessment professionals
2015,Canada,Median hourly wage rate,Full-time employees,Total - Gender,15 years and over,Current dollars,37.38,313,3-digit,Nursing and allied health professionals
2015,Canada,Median hourly wage rate,Full-time employees,Total - Gender,15 years and over,Current dollars,48.08,411,3-digit,Professional occupations in law
2015,Canada,Median hourly wage rate,Full-time employees,Total - Gender,15 years and over,Current dollars,37.02,412,3-digit,Professional occupations in education services
2015,Canada,Median hourly wage rate,Full-time employees,Total - Gender,15 years and over,Current dollars,30.0,413,3-digit,Professional occupations in social and community services
2015,Canada,Median hourly wage rate,Full-time employees,Total - Gender,15 years and over,Current dollars,35.38,414,3-digit,Professional occupations in government services
2015,Canada,Median hourly wage rate,Full-time employees,Total - Gender,15 years and over,Current dollars,40.87,421,3-digit,Occupations in front-line public protection services
2015,Canada,Median hourly wage rate,Full-time employees,Total - Gender,15 years and over,Current dollars,20.0,422,3-digit,"Paraprofessional occupations in legal, social, community and education services"
2015,Newfoundland and Labrador,Median hourly wage rate,Full-time employees,Total - Gender,15 years and over,Current dollars,33.33,111,3-digit,Professional occupations in finance
2015,Newfoundland and Labrador,Median hourly wage rate,Full-time employees,Total - Gender,15 years and over,Current dollars,35.9,112,3-digit,Professional occupations in business
2015,Newfoundland and Labrador,Median hourly wage rate,Full-time employees,Total - Gender,15 years and over,Current dollars,35.85,211,3-digit,Professional occupations in natural sciences
2015,Newfoundland and Labrador,Median hourly wage rate,Full-time employees,Total - Gender,15 years and over,Current dollars,34.13,212,3-digit,Professional occupations in applied sciences (except engineering)
2015,Newfoundland and Labrador,Median hourly wage rate,Full-time employees,Total - Gender,15 years and over,Current dollars,40.66,213,3-digit,Professional occupations in engineering
2015,Newfoundland and Labrador,Median hourly wage rate,Full-time employees,Total - Gender,15 years and over,Current dollars,40.0,311,3-digit,Health treating and consultation services professionals
2015,Newfoundland and Labrador,Median hourly wage rate,Full-time employees,Total - Gender,15 years and over,Current dollars,41.0,312,3-digit,Therapy and assessment professionals
2015,Newfoundland and Labrador,Median hourly wage rate,Full-time employees,Total - Gender,15 years and over,Current dollars,38.25,313,3-digit,Nursing and allied health professionals
2015,Newfoundland and Labrador,Median hourly wage rate,Full-time employees,Total - Gender,15 years and over,Current dollars,36.06,411,3-digit,Professional occupations in law
2015,Newfoundland and Labrador,Median hourly wage rate,Full-time employees,Total - Gender,15 years and over,Current dollars,37.5,412,3-digit,Professional occupations in education services
2015,Newfoundland and Labrador,Median hourly wage rate,Full-time employees,Total - Gender,15 years and over,Current dollars,32.05,413,3-digit,Professional occupations in social and community services
2015,Newfoundland and Labrador,Median hourly wage rate,Full-time employees,Total - Gender,15 years and over,Current dollars,38.0,414,3-digit,Professional occupations in government services
2015,Newfoundland and Labrador,Median hourly wage rate,Full-time employees,Total - Gender,15 years and over,Current dollars,40.87,421,3-digit,Occupations in front-line public protection services
2015,Newfoundland and Labrador,Median hourly wage rate,Full-time employees,Total - Gender,15 years and over,Current dollars,15.74,422,3-digit,"Paraprofessional occupations in legal, social, community and education services"
2015,Prince Edward Island,Median hourly wage rate,Full-time employees,Total - Gender,15 years and over,Current dollars,27.69,111,3-digit,Professional occupations in finance
2015,Prince Edward Island,Median hourly wage rate,Full-time employees,Total - Gender,15 years and over,Current dollars,30.0,112,3-digit,Professional occupations in business
2015,Prince Edward Island,Median hourly wage rate,Full-time employees,Total - Gender,15 years and over,Current dollars,32.31,211,3-digit,Professional occupations in natural sciences
2015,Prince Edward Island,Median hourly wage rate,Full-time employees,Total - Gender,15 years and over,Current dollars,33.65,212,3-digit,Professional occupations in applied sciences (except engineering)
2015,Prince Edward Island,Median hourly wage rate,Full-time employees,Total - Gender,15 years and over,Current dollars,30.77,213,3-digit,Professional occupations in engineering
2015,Prince Edward Island,Median hourly wage rate,Full-time employees,Total - Gender,15 years and over,Current dollars,42.56,311,3-digit,Health treating and consultation services professionals
2015,Prince Edward Island,Median hourly wage rate,Full-time employees,Total - Gender,15 years and over,Current dollars,,312,3-digit,Therapy and assessment professionals
2015,Prince Edward Island,Median hourly wage rate,Full-time employees,Total - Gender,15 years and over,Current dollars,35.0,313,3-digit,Nursing and allied health professionals
2015,Prince Edward Island,Median hourly wage rate,Full-time employees,Total - Gender,15 years and over,Current dollars,,411,3-digit,Professional occupations in law
2015,Prince Edward Island,Median hourly wage rate,Full-time employees,Total - Gender,15 years and over,Current dollars,33.33,412,3-digit,Professional occupations in education services
2015,Prince Edward Island,Median hourly wage rate,Full-time employees,Total - Gender,15 years and over,Current dollars,33.33,413,3-digit,Professional occupations in social and community services
2015,Prince Edward Island,Median hourly wage rate,Full-time employees,Total - Gender,15 years and over,Current dollars,30.26,414,3-digit,Professional occupations in government services
2015,Prince Edward Island,Median hourly wage rate,Full-time employees,Total - Gender,15 years and over,Current dollars,,421,3-digit,Occupations in front-line public protection services
2015,Prince Edward Island,Median hourly wage rate,Full-time employees,Total - Gender,15 years and over,Current dollars,17.55,422,3-digit,"Paraprofessional occupations in legal, social, community and education services"
2015,Nova Scotia,Median hourly wage rate,Full-time employees,Total - Gender,15 years and over,Current dollars,26.68,111,3-digit,Professional occupations in finance
2015,Nova Scotia,Median hourly wage rate,Full-time employees,Total - Gender,15 years and over,Current dollars,26.92,112,3-digit,Professional occupations in business
2015,Nova Scotia,Median hourly wage rate,Full-time employees,Total - Gender,15 years and over,Current dollars,33.33,211,3-digit,Professional occupations in natural sciences
2015,Nova Scotia,Median hourly wage rate,Full-time employees,Total - Gender,15 years and over,Current dollars,33.65,212,3-digit,Professional occupations in applied sciences (except engineering)
2015,Nova Scotia,Median hourly wage rate,Full-time employees,Total - Gender,15 years and over,Current dollars,38.05,213,3-digit,Professional occupations in engineering
2015,Nova Scotia,Median hourly wage rate,Full-time employees,Total - Gender,15 years and over,Current dollars,38.84,311,3-digit,Health treating and consultation services professionals
2015,Nova Scotia,Median hourly wage rate,Full-time employees,Total - Gender,15 years and over,Current dollars,34.0,312,3-digit,Therapy and assessment professionals
2015,Nova Scotia,Median hourly wage rate,Full-time employees,Total - Gender,15 years and over,Current dollars,36.0,313,3-digit,Nursing and allied health professionals
2015,Nova Scotia,Median hourly wage rate,Full-time employees,Total - Gender,15 years and over,Current dollars,36.06,411,3-digit,Professional occupations in law
2015,Nova Scotia,Median hourly wage rate,Full-time employees,Total - Gender,15 years and over,Current dollars,34.07,412,3-digit,Professional occupations in education services
2015,Nova Scotia,Median hourly wage rate,Full-time employees,Total - Gender,15 years and over,Current dollars,31.25,413,3-digit,Professional occupations in social and community services
2015,Nova Scotia,Median hourly wage rate,Full-time employees,Total - Gender,15 years and over,Current dollars,33.0,414,3-digit,Professional occupations in government services
2015,Nova Scotia,Median hourly wage rate,Full-time employees,Total - Gender,15 years and over,Current dollars,39.0,421,3-digit,Occupations in front-line public protection services
2015,Nova Scotia,Median hourly wage rate,Full-time employees,Total - Gender,15 years and over,Current dollars,17.5,422,3-digit,"Paraprofessional occupations in legal, social, community and education services"
2015,New Brunswick,Median hourly wage rate,Full-time employees,Total - Gender,15 years and over,Current dollars,26.15,111,3-digit,Professional occupations in finance
2015,New Brunswick,Median hourly wage rate,Full-time employees,Total - Gender,15 years and over,Current dollars,29.0,112,3-digit,Professional occupations in business
2015,New Brunswick,Median hourly wage rate,Full-time employees,Total - Gender,15 years and over,Current dollars,34.44,211,3-digit,Professional occupations in natural sciences
2015,New Brunswick,Median hourly wage rate,Full-time employees,Total - Gender,15 years and over,Current dollars,34.0,212,3-digit,Professional occupations in applied sciences (except engineering)
2015,New Brunswick,Median hourly wage rate,Full-time employees,Total - Gender,15 years and over,Current dollars,32.69,213,3-digit,Professional occupations in engineering
2015,New Brunswick,Median hourly wage rate,Full-time employees,Total - Gender,15 years and over,Current dollars,35.0,311,3-digit,Health treating and consultation services professionals
2015,New Brunswick,Median hourly wage rate,Full-time employees,Total - Gender,15 years and over,Current dollars,35.14,312,3-digit,Therapy and assessment professionals
2015,New Brunswick,Median hourly wage rate,Full-time employees,Total - Gender,15 years and over,Current dollars,37.5,313,3-digit,Nursing and allied health professionals
2015,New Brunswick,Median hourly wage rate,Full-time employees,Total - Gender,15 years and over,Current dollars,41.03,411,3-digit,Professional occupations in law
2015,New Brunswick,Median hourly wage rate,Full-time employees,Total - Gender,15 years and over,Current dollars,33.65,412,3-digit,Professional occupations in education services
2015,New Brunswick,Median hourly wage rate,Full-time employees,Total - Gender,15 years and over,Current dollars,28.72,413,3-digit,Professional occupations in social and community services
2015,New Brunswick,Median hourly wage rate,Full-time employees,Total - Gender,15 years and over,Current dollars,33.33,414,3-digit,Professional occupations in government services
2015,New Brunswick,Median hourly wage rate,Full-time employees,Total - Gender,15 years and over,Current dollars,34.34,421,3-digit,Occupations in front-line public protection services
2015,New Brunswick,Median hourly wage rate,Full-time employees,Total - Gender,15 years and over,Current dollars,15.0,422,3-digit,"Paraprofessional occupations in legal, social, community and education services"
2015,Quebec,Median hourly wage rate,Full-time employees,Total - Gender,15 years and over,Current dollars,30.22,111,3-digit,Professional occupations in finance
2015,Quebec,Median hourly wage rate,Full-time employees,Total - Gender,15 years and over,Current dollars,33.33,112,3-digit,Professional occupations in business
2015,Quebec,Median hourly wage rate,Full-time employees,Total - Gender,15 years and over,Current dollars,35.84,211,3-digit,Professional occupations in natural sciences
2015,Quebec,Median hourly wage rate,Full-time employees,Total - Gender,15 years and over,Current dollars,35.86,212,3-digit,Professional occupations in applied sciences (except engineering)
2015,Quebec,Median hourly wage rate,Full-time employees,Total - Gender,15 years and over,Current dollars,40.0,213,3-digit,Professional occupations in engineering
2015,Quebec,Median hourly wage rate,Full-time employees,Total - Gender,15 years and over,Current dollars,40.8,311,3-digit,Health treating and consultation services professionals
2015,Quebec,Median hourly wage rate,Full-time employees,Total - Gender,15 years and over,Current dollars,38.46,312,3-digit,Therapy and assessment professionals
2015,Quebec,Median hourly wage rate,Full-time employees,Total - Gender,15 years and over,Current dollars,34.0,313,3-digit,Nursing and allied health professionals
2015,Quebec,Median hourly wage rate,Full-time employees,Total - Gender,15 years and over,Current dollars,42.86,411,3-digit,Professional occupations in law
2015,Quebec,Median hourly wage rate,Full-time employees,Total - Gender,15 years and over,Current dollars,36.06,412,3-digit,Professional occupations in education services
2015,Quebec,Median hourly wage rate,Full-time employees,Total - Gender,15 years and over,Current dollars,30.77,413,3-digit,Professional occupations in social and community services
2015,Quebec,Median hourly wage rate,Full-time employees,Total - Gender,15 years and over,Current dollars,34.81,414,3-digit,Professional occupations in government services
2015,Quebec,Median hourly wage rate,Full-time employees,Total - Gender,15 years and over,Current dollars,39.0,421,3-digit,Occupations in front-line public protection services
2015,Quebec,Median hourly wage rate,Full-time employees,Total - Gender,15 years and over,Current dollars,21.5,422,3-digit,"Paraprofessional occupations in legal, social, community and education services"
2015,Ontario,Median hourly wage rate,Full-time employees,Total - Gender,15 years and over,Current dollars,33.33,111,3-digit,Professional occupations in finance
2015,Ontario,Median hourly wage rate,Full-time employees,Total - Gender,15 years and over,Current dollars,32.31,112,3-digit,Professional occupations in business
2015,Ontario,Median hourly wage rate,Full-time employees,Total - Gender,15 years and over,Current dollars,36.32,211,3-digit,Professional occupations in natural sciences
2015,Ontario,Median hourly wage rate,Full-time employees,Total - Gender,15 years and over,Current dollars,37.02,212,3-digit,Professional occupations in applied sciences (except engineering)
2015,Ontario,Median hourly wage rate,Full-time employees,Total - Gender,15 years and over,Current dollars,40.87,213,3-digit,Professional occupations in engineering
2015,Ontario,Median hourly wage rate,Full-time employees,Total - Gender,15 years and over,Current dollars,41.25,311,3-digit,Health treating and consultation services professionals
2015,Ontario,Median hourly wage rate,Full-time employees,Total - Gender,15 years and over,Current dollars,38.0,312,3-digit,Therapy and assessment professionals
2015,Ontario,Median hourly wage rate,Full-time employees,Total - Gender,15 years and over,Current dollars,38.0,313,3-digit,Nursing and allied health professionals
2015,Ontario,Median hourly wage rate,Full-time employees,Total - Gender,15 years and over,Current dollars,56.09,411,3-digit,Professional occupations in law
2015,Ontario,Median hourly wage rate,Full-time employees,Total - Gender,15 years and over,Current dollars,40.0,412,3-digit,Professional occupations in education services
2015,Ontario,Median hourly wage rate,Full-time employees,Total - Gender,15 years and over,Current dollars,29.35,413,3-digit,Professional occupations in social and community services
2015,Ontario,Median hourly wage rate,Full-time employees,Total - Gender,15 years and over,Current dollars,36.78,414,3-digit,Professional occupations in government services
2015,Ontario,Median hourly wage rate,Full-time employees,Total - Gender,15 years and over,Current dollars,43.0,421,3-digit,Occupations in front-line public protection services
2015,Ontario,Median hourly wage rate,Full-time employees,Total - Gender,15 years and over,Current dollars,20.71,422,3-digit,"Paraprofessional occupations in legal, social, community and education services"
2015,Manitoba,Median hourly wage rate,Full-time employees,Total - Gender,15 years and over,Current dollars,28.21,111,3-digit,Professional occupations in finance
2015,Manitoba,Median hourly wage rate,Full-time employees,Total - Gender,15 years and over,Current dollars,30.29,112,3-digit,Professional occupations in business
2015,Manitoba,Median hourly wage rate,Full-time employees,Total - Gender,15 years and over,Current dollars,35.58,211,3-digit,Professional occupations in natural sciences
2015,Manitoba,Median hourly wage rate,Full-time employees,Total - Gender,15 years and over,Current dollars,35.9,212,3-digit,Professional occupations in applied sciences (except engineering)
2015,Manitoba,Median hourly wage rate,Full-time employees,Total - Gender,15 years and over,Current dollars,38.97,213,3-digit,Professional occupations in engineering
2015,Manitoba,Median hourly wage rate,Full-time employees,Total - Gender,15 years and over,Current dollars,38.94,311,3-digit,Health treating and consultation services professionals
2015,Manitoba,Median hourly wage rate,Full-time employees,Total - Gender,15 years and over,Current dollars,36.06,312,3-digit,Therapy and assessment professionals
2015,Manitoba,Median hourly wage rate,Full-time employees,Total - Gender,15 years and over,Current dollars,38.75,313,3-digit,Nursing and allied health professionals
2015,Manitoba,Median hourly wage rate,Full-time employees,Total - Gender,15 years and over,Current dollars,38.46,411,3-digit,Professional occupations in law
2015,Manitoba,Median hourly wage rate,Full-time employees,Total - Gender,15 years and over,Current dollars,35.58,412,3-digit,Professional occupations in education services
2015,Manitoba,Median hourly wage rate,Full-time employees,Total - Gender,15 years and over,Current dollars,28.21,413,3-digit,Professional occupations in social and community services
2015,Manitoba,Median hourly wage rate,Full-time employees,Total - Gender,15 years and over,Current dollars,33.72,414,3-digit,Professional occupations in government services
2015,Manitoba,Median hourly wage rate,Full-time employees,Total - Gender,15 years and over,Current dollars,39.38,421,3-digit,Occupations in front-line public protection services
2015,Manitoba,Median hourly wage rate,Full-time employees,Total - Gender,15 years and over,Current dollars,16.0,422,3-digit,"Paraprofessional occupations in legal, social, community and education services"
2015,Saskatchewan,Median hourly wage rate,Full-time employees,Total - Gender,15 years and over,Current dollars,32.82,111,3-digit,Professional occupations in finance
2015,Saskatchewan,Median hourly wage rate,Full-time employees,Total - Gender,15 years and over,Current dollars,31.29,112,3-digit,Professional occupations in business
2015,Saskatchewan,Median hourly wage rate,Full-time employees,Total - Gender,15 years and over,Current dollars,45.67,211,3-digit,Professional occupations in natural sciences
2015,Saskatchewan,Median hourly wage rate,Full-time employees,Total - Gender,15 years and over,Current dollars,38.75,212,3-digit,Professional occupations in applied sciences (except engineering)
2015,Saskatchewan,Median hourly wage rate,Full-time employees,Total - Gender,15 years and over,Current dollars,40.38,213,3-digit,Professional occupations in engineering
2015,Saskatchewan,Median hourly wage rate,Full-time employees,Total - Gender,15 years and over,Current dollars,45.0,311,3-digit,Health treating and consultation services professionals
2015,Saskatchewan,Median hourly wage rate,Full-time employees,Total - Gender,15 years and over,Current dollars,39.56,312,3-digit,Therapy and assessment professionals
2015,Saskatchewan,Median hourly wage rate,Full-time employees,Total - Gender,15 years and over,Current dollars,44.0,313,3-digit,Nursing and allied health professionals
2015,Saskatchewan,Median hourly wage rate,Full-time employees,Total - Gender,15 years and over,Current dollars,36.06,411,3-digit,Professional occupations in law
2015,Saskatchewan,Median hourly wage rate,Full-time employees,Total - Gender,15 years and over,Current dollars,35.71,412,3-digit,Professional occupations in education services
2015,Saskatchewan,Median hourly wage rate,Full-time employees,Total - Gender,15 years and over,Current dollars,31.0,413,3-digit,Professional occupations in social and community services
2015,Saskatchewan,Median hourly wage rate,Full-time employees,Total - Gender,15 years and over,Current dollars,35.53,414,3-digit,Professional occupations in government services
2015,Saskatchewan,Median hourly wage rate,Full-time employees,Total - Gender,15 years and over,Current dollars,40.38,421,3-digit,Occupations in front-line public protection services
2015,Saskatchewan,Median hourly wage rate,Full-time employees,Total - Gender,15 years and over,Current dollars,19.23,422,3-digit,"Paraprofessional occupations in legal, social, community and education services"
2015,Alberta,Median hourly wage rate,Full-time employees,Total - Gender,15 years and over,Current dollars,36.0,111,3-digit,Professional occupations in finance
2015,Alberta,Median hourly wage rate,Full-time employees,Total - Gender,15 years and over,Current dollars,34.62,112,3-digit,Professional occupations in business
2015,Alberta,Median hourly wage rate,Full-time employees,Total - Gender,15 years and over,Current dollars,35.9,211,3-digit,Professional occupations in natural sciences
2015,Alberta,Median hourly wage rate,Full-time employees,Total - Gender,15 years and over,Current dollars,40.87,212,3-digit,Professional occupations in applied sciences (except engineering)
2015,Alberta,Median hourly wage rate,Full-time employees,Total - Gender,15 years and over,Current dollars,49.52,213,3-digit,Professional occupations in engineering
2015,Alberta,Median hourly wage rate,Full-time employees,Total - Gender,15 years and over,Current dollars,47.0,311,3-digit,Health treating and consultation services professionals
2015,Alberta,Median hourly wage rate,Full-time employees,Total - Gender,15 years and over,Current dollars,41.0,312,3-digit,Therapy and assessment professionals
2015,Alberta,Median hourly wage rate,Full-time employees,Total - Gender,15 years and over,Current dollars,42.0,313,3-digit,Nursing and allied health professionals
2015,Alberta,Median hourly wage rate,Full-time employees,Total - Gender,15 years and over,Current dollars,57.69,411,3-digit,Professional occupations in law
2015,Alberta,Median hourly wage rate,Full-time employees,Total - Gender,15 years and over,Current dollars,38.46,412,3-digit,Professional occupations in education services
2015,Alberta,Median hourly wage rate,Full-time employees,Total - Gender,15 years and over,Current dollars,33.33,413,3-digit,Professional occupations in social and community services
2015,Alberta,Median hourly wage rate,Full-time employees,Total - Gender,15 years and over,Current dollars,39.0,414,3-digit,Professional occupations in government services
2015,Alberta,Median hourly wage rate,Full-time employees,Total - Gender,15 years and over,Current dollars,41.27,421,3-digit,Occupations in front-line public protection services
2015,Alberta,Median hourly wage rate,Full-time employees,Total - Gender,15 years and over,Current dollars,19.96,422,3-digit,"Paraprofessional occupations in legal, social, community and education services"
2015,British Columbia,Median hourly wage rate,Full-time employees,Total - Gender,15 years and over,Current dollars,28.85,111,3-digit,Professional occupations in finance
2015,British Columbia,Median hourly wage rate,Full-time employees,Total - Gender,15 years and over,Current dollars,34.07,112,3-digit,Professional occupations in business
2015,British Columbia,Median hourly wage rate,Full-time employees,Total - Gender,15 years and over,Current dollars,33.33,211,3-digit,Professional occupations in natural sciences
2015,British Columbia,Median hourly wage rate,Full-time employees,Total - Gender,15 years and over,Current dollars,36.49,212,3-digit,Professional occupations in applied sciences (except engineering)
2015,British Columbia,Median hourly wage rate,Full-time employees,Total - Gender,15 years and over,Current dollars,38.46,213,3-digit,Professional occupations in engineering
2015,British Columbia,Median hourly wage rate,Full-time employees,Total - Gender,15 years and over,Current dollars,43.0,311,3-digit,Health treating and consultation services professionals
2015,British Columbia,Median hourly wage rate,Full-time employees,Total - Gender,15 years and over,Current dollars,33.82,312,3-digit,Therapy and assessment professionals
2015,British Columbia,Median hourly wage rate,Full-time employees,Total - Gender,15 years and over,Current dollars,38.0,313,3-digit,Nursing and allied health professionals
2015,British Columbia,Median hourly wage rate,Full-time employees,Total - Gender,15 years and over,Current dollars,42.12,411,3-digit,Professional occupations in law
2015,British Columbia,Median hourly wage rate,Full-time employees,Total - Gender,15 years and over,Current dollars,34.46,412,3-digit,Professional occupations in education services
2015,British Columbia,Median hourly wage rate,Full-time employees,Total - Gender,15 years and over,Current dollars,28.0,413,3-digit,Professional occupations in social and community services
2015,British Columbia,Median hourly wage rate,Full-time employees,Total - Gender,15 years and over,Current dollars,31.0,414,3-digit,Professional occupations in government services
2015,British Columbia,Median hourly wage rate,Full-time employees,Total - Gender,15 years and over,Current dollars,40.0,421,3-digit,Occupations in front-line public protection services
2015,British Columbia,Median hourly wage rate,Full-time employees,Total - Gender,15 years and over,Current dollars,19.0,422,3-digit,"Paraprofessional occupations in legal, social, community and education services"
2016,Canada,Median hourly wage rate,Full-time employees,Total - Gender,15 years and over,Current dollars,32.18,111,3-digit,Professional occupations in finance
2016,Canada,Median hourly wage rate,Full-time employees,Total - Gender,15 years and over,Current dollars,33.08,112,3-digit,Professional occupations in business
2016,Canada,Median hourly wage rate,Full-time employees,Total - Gender,15 years and over,Current dollars,37.0,211,3-digit,Professional occupations in natural sciences
2016,Canada,Median hourly wage rate,Full-time employees,Total - Gender,15 years and over,Current dollars,38.46,212,3-digit,Professional occupations in applied sciences (except engineering)
2016,Canada,Median hourly wage rate,Full-time employees,Total - Gender,15 years and over,Current dollars,41.03,213,3-digit,Professional occupations in engineering
2016,Canada,Median hourly wage rate,Full-time employees,Total - Gender,15 years and over,Current dollars,40.58,311,3-digit,Health treating and consultation services professionals
2016,Canada,Median hourly wage rate,Full-time employees,Total - Gender,15 years and over,Current dollars,38.0,312,3-digit,Therapy and assessment professionals
2016,Canada,Median hourly wage rate,Full-time employees,Total - Gender,15 years and over,Current dollars,38.0,313,3-digit,Nursing and allied health professionals
2016,Canada,Median hourly wage rate,Full-time employees,Total - Gender,15 years and over,Current dollars,45.67,411,3-digit,Professional occupations in law
2016,Canada,Median hourly wage rate,Full-time employees,Total - Gender,15 years and over,Current dollars,38.77,412,3-digit,Professional occupations in education services
2016,Canada,Median hourly wage rate,Full-time employees,Total - Gender,15 years and over,Current dollars,30.29,413,3-digit,Professional occupations in social and community services
2016,Canada,Median hourly wage rate,Full-time employees,Total - Gender,15 years and over,Current dollars,36.41,414,3-digit,Professional occupations in government services
2016,Canada,Median hourly wage rate,Full-time employees,Total - Gender,15 years and over,Current dollars,41.68,421,3-digit,Occupations in front-line public protection services
2016,Canada,Median hourly wage rate,Full-time employees,Total - Gender,15 years and over,Current dollars,19.71,422,3-digit,"Paraprofessional occupations in legal, social, community and education services"
2016,Newfoundland and Labrador,Median hourly wage rate,Full-time employees,Total - Gender,15 years and over,Current dollars,30.0,111,3-digit,Professional occupations in finance
2016,Newfoundland and Labrador,Median hourly wage rate,Full-time employees,Total - Gender,15 years and over,Current dollars,32.45,112,3-digit,Professional occupations in business
2016,Newfoundland and Labrador,Median hourly wage rate,Full-time employees,Total - Gender,15 years and over,Current dollars,37.0,211,3-digit,Professional occupations in natural sciences
2016,Newfoundland and Labrador,Median hourly wage rate,Full-time employees,Total - Gender,15 years and over,Current dollars,37.1,212,3-digit,Professional occupations in applied sciences (except engineering)
2016,Newfoundland and Labrador,Median hourly wage rate,Full-time employees,Total - Gender,15 years and over,Current dollars,48.08,213,3-digit,Professional occupations in engineering
2016,Newfoundland and Labrador,Median hourly wage rate,Full-time employees,Total - Gender,15 years and over,Current dollars,42.0,311,3-digit,Health treating and consultation services professionals
2016,Newfoundland and Labrador,Median hourly wage rate,Full-time employees,Total - Gender,15 years and over,Current dollars,38.46,312,3-digit,Therapy and assessment professionals
2016,Newfoundland and Labrador,Median hourly wage rate,Full-time employees,Total - Gender,15 years and over,Current dollars,40.0,313,3-digit,Nursing and allied health professionals
2016,Newfoundland and Labrador,Median hourly wage rate,Full-time employees,Total - Gender,15 years and over,Current dollars,,411,3-digit,Professional occupations in law
2016,Newfoundland and Labrador,Median hourly wage rate,Full-time employees,Total - Gender,15 years and over,Current dollars,42.79,412,3-digit,Professional occupations in education services
2016,Newfoundland and Labrador,Median hourly wage rate,Full-time employees,Total - Gender,15 years and over,Current dollars,28.21,413,3-digit,Professional occupations in social and community services
2016,Newfoundland and Labrador,Median hourly wage rate,Full-time employees,Total - Gender,15 years and over,Current dollars,41.03,414,3-digit,Professional occupations in government services
2016,Newfoundland and Labrador,Median hourly wage rate,Full-time employees,Total - Gender,15 years and over,Current dollars,40.38,421,3-digit,Occupations in front-line public protection services
2016,Newfoundland and Labrador,Median hourly wage rate,Full-time employees,Total - Gender,15 years and over,Current dollars,16.45,422,3-digit,"Paraprofessional occupations in legal, social, community and education services"
2016,Prince Edward Island,Median hourly wage rate,Full-time employees,Total - Gender,15 years and over,Current dollars,25.59,111,3-digit,Professional occupations in finance
2016,Prince Edward Island,Median hourly wage rate,Full-time employees,Total - Gender,15 years and over,Current dollars,24.1,112,3-digit,Professional occupations in business
2016,Prince Edward Island,Median hourly wage rate,Full-time employees,Total - Gender,15 years and over,Current dollars,29.81,211,3-digit,Professional occupations in natural sciences
2016,Prince Edward Island,Median hourly wage rate,Full-time employees,Total - Gender,15 years and over,Current dollars,34.62,212,3-digit,Professional occupations in applied sciences (except engineering)
2016,Prince Edward Island,Median hourly wage rate,Full-time employees,Total - Gender,15 years and over,Current dollars,33.65,213,3-digit,Professional occupations in engineering
2016,Prince Edward Island,Median hourly wage rate,Full-time employees,Total - Gender,15 years and over,Current dollars,39.07,311,3-digit,Health treating and consultation services professionals
2016,Prince Edward Island,Median hourly wage rate,Full-time employees,Total - Gender,15 years and over,Current dollars,,312,3-digit,Therapy and assessment professionals
2016,Prince Edward Island,Median hourly wage rate,Full-time employees,Total - Gender,15 years and over,Current dollars,37.0,313,3-digit,Nursing and allied health professionals
2016,Prince Edward Island,Median hourly wage rate,Full-time employees,Total - Gender,15 years and over,Current dollars,,411,3-digit,Professional occupations in law
2016,Prince Edward Island,Median hourly wage rate,Full-time employees,Total - Gender,15 years and over,Current dollars,33.65,412,3-digit,Professional occupations in education services
2016,Prince Edward Island,Median hourly wage rate,Full-time employees,Total - Gender,15 years and over,Current dollars,30.0,413,3-digit,Professional occupations in social and community services
2016,Prince Edward Island,Median hourly wage rate,Full-time employees,Total - Gender,15 years and over,Current dollars,30.0,414,3-digit,Professional occupations in government services
2016,Prince Edward Island,Median hourly wage rate,Full-time employees,Total - Gender,15 years and over,Current dollars,40.0,421,3-digit,Occupations in front-line public protection services
2016,Prince Edward Island,Median hourly wage rate,Full-time employees,Total - Gender,15 years and over,Current dollars,16.88,422,3-digit,"Paraprofessional occupations in legal, social, community and education services"
2016,Nova Scotia,Median hourly wage rate,Full-time employees,Total - Gender,15 years and over,Current dollars,28.46,111,3-digit,Professional occupations in finance
2016,Nova Scotia,Median hourly wage rate,Full-time employees,Total - Gender,15 years and over,Current dollars,28.85,112,3-digit,Professional occupations in business
2016,Nova Scotia,Median hourly wage rate,Full-time employees,Total - Gender,15 years and over,Current dollars,33.08,211,3-digit,Professional occupations in natural sciences
2016,Nova Scotia,Median hourly wage rate,Full-time employees,Total - Gender,15 years and over,Current dollars,33.65,212,3-digit,Professional occupations in applied sciences (except engineering)
2016,Nova Scotia,Median hourly wage rate,Full-time employees,Total - Gender,15 years and over,Current dollars,37.95,213,3-digit,Professional occupations in engineering
2016,Nova Scotia,Median hourly wage rate,Full-time employees,Total - Gender,15 years and over,Current dollars,36.5,311,3-digit,Health treating and consultation services professionals
2016,Nova Scotia,Median hourly wage rate,Full-time employees,Total - Gender,15 years and over,Current dollars,38.5,312,3-digit,Therapy and assessment professionals
2016,Nova Scotia,Median hourly wage rate,Full-time employees,Total - Gender,15 years and over,Current dollars,37.0,313,3-digit,Nursing and allied health professionals
2016,Nova Scotia,Median hourly wage rate,Full-time employees,Total - Gender,15 years and over,Current dollars,37.95,411,3-digit,Professional occupations in law
2016,Nova Scotia,Median hourly wage rate,Full-time employees,Total - Gender,15 years and over,Current dollars,37.26,412,3-digit,Professional occupations in education services
2016,Nova Scotia,Median hourly wage rate,Full-time employees,Total - Gender,15 years and over,Current dollars,28.21,413,3-digit,Professional occupations in social and community services
2016,Nova Scotia,Median hourly wage rate,Full-time employees,Total - Gender,15 years and over,Current dollars,32.97,414,3-digit,Professional occupations in government services
2016,Nova Scotia,Median hourly wage rate,Full-time employees,Total - Gender,15 years and over,Current dollars,40.38,421,3-digit,Occupations in front-line public protection services
2016,Nova Scotia,Median hourly wage rate,Full-time employees,Total - Gender,15 years and over,Current dollars,18.96,422,3-digit,"Paraprofessional occupations in legal, social, community and education services"
2016,New Brunswick,Median hourly wage rate,Full-time employees,Total - Gender,15 years and over,Current dollars,27.18,111,3-digit,Professional occupations in finance
2016,New Brunswick,Median hourly wage rate,Full-time employees,Total - Gender,15 years and over,Current dollars,30.04,112,3-digit,Professional occupations in business
2016,New Brunswick,Median hourly wage rate,Full-time employees,Total - Gender,15 years and over,Current dollars,40.1,211,3-digit,Professional occupations in natural sciences
2016,New Brunswick,Median hourly wage rate,Full-time employees,Total - Gender,15 years and over,Current dollars,33.33,212,3-digit,Professional occupations in applied sciences (except engineering)
2016,New Brunswick,Median hourly wage rate,Full-time employees,Total - Gender,15 years and over,Current dollars,39.73,213,3-digit,Professional occupations in engineering
2016,New Brunswick,Median hourly wage rate,Full-time employees,Total - Gender,15 years and over,Current dollars,41.42,311,3-digit,Health treating and consultation services professionals
2016,New Brunswick,Median hourly wage rate,Full-time employees,Total - Gender,15 years and over,Current dollars,36.0,312,3-digit,Therapy and assessment professionals
2016,New Brunswick,Median hourly wage rate,Full-time employees,Total - Gender,15 years and over,Current dollars,38.0,313,3-digit,Nursing and allied health professionals
2016,New Brunswick,Median hourly wage rate,Full-time employees,Total - Gender,15 years and over,Current dollars,43.27,411,3-digit,Professional occupations in law
2016,New Brunswick,Median hourly wage rate,Full-time employees,Total - Gender,15 years and over,Current dollars,34.36,412,3-digit,Professional occupations in education services
2016,New Brunswick,Median hourly wage rate,Full-time employees,Total - Gender,15 years and over,Current dollars,30.0,413,3-digit,Professional occupations in social and community services
2016,New Brunswick,Median hourly wage rate,Full-time employees,Total - Gender,15 years and over,Current dollars,36.54,414,3-digit,Professional occupations in government services
2016,New Brunswick,Median hourly wage rate,Full-time employees,Total - Gender,15 years and over,Current dollars,39.66,421,3-digit,Occupations in front-line public protection services
2016,New Brunswick,Median hourly wage rate,Full-time employees,Total - Gender,15 years and over,Current dollars,15.0,422,3-digit,"Paraprofessional occupations in legal, social, community and education services"
2016,Quebec,Median hourly wage rate,Full-time employees,Total - Gender,15 years and over,Current dollars,31.0,111,3-digit,Professional occupations in finance
2016,Quebec,Median hourly wage rate,Full-time employees,Total - Gender,15 years and over,Current dollars,33.65,112,3-digit,Professional occupations in business
2016,Quebec,Median hourly wage rate,Full-time employees,Total - Gender,15 years and over,Current dollars,30.77,211,3-digit,Professional occupations in natural sciences
2016,Quebec,Median hourly wage rate,Full-time employees,Total - Gender,15 years and over,Current dollars,36.81,212,3-digit,Professional occupations in applied sciences (except engineering)
2016,Quebec,Median hourly wage rate,Full-time employees,Total - Gender,15 years and over,Current dollars,40.0,213,3-digit,Professional occupations in engineering
2016,Quebec,Median hourly wage rate,Full-time employees,Total - Gender,15 years and over,Current dollars,41.21,311,3-digit,Health treating and consultation services professionals
2016,Quebec,Median hourly wage rate,Full-time employees,Total - Gender,15 years and over,Current dollars,38.46,312,3-digit,Therapy and assessment professionals
2016,Quebec,Median hourly wage rate,Full-time employees,Total - Gender,15 years and over,Current dollars,34.3,313,3-digit,Nursing and allied health professionals
2016,Quebec,Median hourly wage rate,Full-time employees,Total - Gender,15 years and over,Current dollars,41.15,411,3-digit,Professional occupations in law
2016,Quebec,Median hourly wage rate,Full-time employees,Total - Gender,15 years and over,Current dollars,37.96,412,3-digit,Professional occupations in education services
2016,Quebec,Median hourly wage rate,Full-time employees,Total - Gender,15 years and over,Current dollars,30.0,413,3-digit,Professional occupations in social and community services
2016,Quebec,Median hourly wage rate,Full-time employees,Total - Gender,15 years and over,Current dollars,35.26,414,3-digit,Professional occupations in government services
2016,Quebec,Median hourly wage rate,Full-time employees,Total - Gender,15 years and over,Current dollars,36.78,421,3-digit,Occupations in front-line public protection services
2016,Quebec,Median hourly wage rate,Full-time employees,Total - Gender,15 years and over,Current dollars,20.75,422,3-digit,"Paraprofessional occupations in legal, social, community and education services"
2016,Ontario,Median hourly wage rate,Full-time employees,Total - Gender,15 years and over,Current dollars,33.65,111,3-digit,Professional occupations in finance
2016,Ontario,Median hourly wage rate,Full-time employees,Total - Gender,15 years and over,Current dollars,31.79,112,3-digit,Professional occupations in business
2016,Ontario,Median hourly wage rate,Full-time employees,Total - Gender,15 years and over,Current dollars,38.46,211,3-digit,Professional occupations in natural sciences
2016,Ontario,Median hourly wage rate,Full-time employees,Total - Gender,15 years and over,Current dollars,39.42,212,3-digit,Professional occupations in applied sciences (except engineering)
2016,Ontario,Median hourly wage rate,Full-time employees,Total - Gender,15 years and over,Current dollars,40.87,213,3-digit,Professional occupations in engineering
2016,Ontario,Median hourly wage rate,Full-time employees,Total - Gender,15 years and over,Current dollars,39.84,311,3-digit,Health treating and consultation services professionals
2016,Ontario,Median hourly wage rate,Full-time employees,Total - Gender,15 years and over,Current dollars,35.71,312,3-digit,Therapy and assessment professionals
2016,Ontario,Median hourly wage rate,Full-time employees,Total - Gender,15 years and over,Current dollars,38.0,313,3-digit,Nursing and allied health professionals
2016,Ontario,Median hourly wage rate,Full-time employees,Total - Gender,15 years and over,Current dollars,51.28,411,3-digit,Professional occupations in law
2016,Ontario,Median hourly wage rate,Full-time employees,Total - Gender,15 years and over,Current dollars,42.86,412,3-digit,Professional occupations in education services
2016,Ontario,Median hourly wage rate,Full-time employees,Total - Gender,15 years and over,Current dollars,30.67,413,3-digit,Professional occupations in social and community services
2016,Ontario,Median hourly wage rate,Full-time employees,Total - Gender,15 years and over,Current dollars,38.46,414,3-digit,Professional occupations in government services
2016,Ontario,Median hourly wage rate,Full-time employees,Total - Gender,15 years and over,Current dollars,43.27,421,3-digit,Occupations in front-line public protection services
2016,Ontario,Median hourly wage rate,Full-time employees,Total - Gender,15 years and over,Current dollars,20.0,422,3-digit,"Paraprofessional occupations in legal, social, community and education services"
2016,Manitoba,Median hourly wage rate,Full-time employees,Total - Gender,15 years and over,Current dollars,28.0,111,3-digit,Professional occupations in finance
2016,Manitoba,Median hourly wage rate,Full-time employees,Total - Gender,15 years and over,Current dollars,30.0,112,3-digit,Professional occupations in business
2016,Manitoba,Median hourly wage rate,Full-time employees,Total - Gender,15 years and over,Current dollars,38.46,211,3-digit,Professional occupations in natural sciences
2016,Manitoba,Median hourly wage rate,Full-time employees,Total - Gender,15 years and over,Current dollars,36.06,212,3-digit,Professional occupations in applied sciences (except engineering)
2016,Manitoba,Median hourly wage rate,Full-time employees,Total - Gender,15 years and over,Current dollars,38.46,213,3-digit,Professional occupations in engineering
2016,Manitoba,Median hourly wage rate,Full-time employees,Total - Gender,15 years and over,Current dollars,42.98,311,3-digit,Health treating and consultation services professionals
2016,Manitoba,Median hourly wage rate,Full-time employees,Total - Gender,15 years and over,Current dollars,35.0,312,3-digit,Therapy and assessment professionals
2016,Manitoba,Median hourly wage rate,Full-time employees,Total - Gender,15 years and over,Current dollars,40.0,313,3-digit,Nursing and allied health professionals
2016,Manitoba,Median hourly wage rate,Full-time employees,Total - Gender,15 years and over,Current dollars,33.33,411,3-digit,Professional occupations in law
2016,Manitoba,Median hourly wage rate,Full-time employees,Total - Gender,15 years and over,Current dollars,36.75,412,3-digit,Professional occupations in education services
2016,Manitoba,Median hourly wage rate,Full-time employees,Total - Gender,15 years and over,Current dollars,30.48,413,3-digit,Professional occupations in social and community services
2016,Manitoba,Median hourly wage rate,Full-time employees,Total - Gender,15 years and over,Current dollars,34.72,414,3-digit,Professional occupations in government services
2016,Manitoba,Median hourly wage rate,Full-time employees,Total - Gender,15 years and over,Current dollars,41.61,421,3-digit,Occupations in front-line public protection services
2016,Manitoba,Median hourly wage rate,Full-time employees,Total - Gender,15 years and over,Current dollars,17.87,422,3-digit,"Paraprofessional occupations in legal, social, community and education services"
2016,Saskatchewan,Median hourly wage rate,Full-time employees,Total - Gender,15 years and over,Current dollars,30.77,111,3-digit,Professional occupations in finance
2016,Saskatchewan,Median hourly wage rate,Full-time employees,Total - Gender,15 years and over,Current dollars,37.5,112,3-digit,Professional occupations in business
2016,Saskatchewan,Median hourly wage rate,Full-time employees,Total - Gender,15 years and over,Current dollars,38.46,211,3-digit,Professional occupations in natural sciences
2016,Saskatchewan,Median hourly wage rate,Full-time employees,Total - Gender,15 years and over,Current dollars,39.23,212,3-digit,Professional occupations in applied sciences (except engineering)
2016,Saskatchewan,Median hourly wage rate,Full-time employees,Total - Gender,15 years and over,Current dollars,40.87,213,3-digit,Professional occupations in engineering
2016,Saskatchewan,Median hourly wage rate,Full-time employees,Total - Gender,15 years and over,Current dollars,42.74,311,3-digit,Health treating and consultation services professionals
2016,Saskatchewan,Median hourly wage rate,Full-time employees,Total - Gender,15 years and over,Current dollars,39.4,312,3-digit,Therapy and assessment professionals
2016,Saskatchewan,Median hourly wage rate,Full-time employees,Total - Gender,15 years and over,Current dollars,45.0,313,3-digit,Nursing and allied health professionals
2016,Saskatchewan,Median hourly wage rate,Full-time employees,Total - Gender,15 years and over,Current dollars,61.27,411,3-digit,Professional occupations in law
2016,Saskatchewan,Median hourly wage rate,Full-time employees,Total - Gender,15 years and over,Current dollars,37.39,412,3-digit,Professional occupations in education services
2016,Saskatchewan,Median hourly wage rate,Full-time employees,Total - Gender,15 years and over,Current dollars,31.28,413,3-digit,Professional occupations in social and community services
2016,Saskatchewan,Median hourly wage rate,Full-time employees,Total - Gender,15 years and over,Current dollars,35.21,414,3-digit,Professional occupations in government services
2016,Saskatchewan,Median hourly wage rate,Full-time employees,Total - Gender,15 years and over,Current dollars,42.0,421,3-digit,Occupations in front-line public protection services
2016,Saskatchewan,Median hourly wage rate,Full-time employees,Total - Gender,15 years and over,Current dollars,19.69,422,3-digit,"Paraprofessional occupations in legal, social, community and education services"
2016,Alberta,Median hourly wage rate,Full-time employees,Total - Gender,15 years and over,Current dollars,37.02,111,3-digit,Professional occupations in finance
2016,Alberta,Median hourly wage rate,Full-time employees,Total - Gender,15 years and over,Current dollars,38.46,112,3-digit,Professional occupations in business
2016,Alberta,Median hourly wage rate,Full-time employees,Total - Gender,15 years and over,Current dollars,41.03,211,3-digit,Professional occupations in natural sciences
2016,Alberta,Median hourly wage rate,Full-time employees,Total - Gender,15 years and over,Current dollars,42.31,212,3-digit,Professional occupations in applied sciences (except engineering)
2016,Alberta,Median hourly wage rate,Full-time employees,Total - Gender,15 years and over,Current dollars,48.08,213,3-digit,Professional occupations in engineering
2016,Alberta,Median hourly wage rate,Full-time employees,Total - Gender,15 years and over,Current dollars,46.15,311,3-digit,Health treating and consultation services professionals
2016,Alberta,Median hourly wage rate,Full-time employees,Total - Gender,15 years and over,Current dollars,43.22,312,3-digit,Therapy and assessment professionals
2016,Alberta,Median hourly wage rate,Full-time employees,Total - Gender,15 years and over,Current dollars,43.0,313,3-digit,Nursing and allied health professionals
2016,Alberta,Median hourly wage rate,Full-time employees,Total - Gender,15 years and over,Current dollars,62.22,411,3-digit,Professional occupations in law
2016,Alberta,Median hourly wage rate,Full-time employees,Total - Gender,15 years and over,Current dollars,40.38,412,3-digit,Professional occupations in education services
2016,Alberta,Median hourly wage rate,Full-time employees,Total - Gender,15 years and over,Current dollars,35.7,413,3-digit,Professional occupations in social and community services
2016,Alberta,Median hourly wage rate,Full-time employees,Total - Gender,15 years and over,Current dollars,40.21,414,3-digit,Professional occupations in government services
2016,Alberta,Median hourly wage rate,Full-time employees,Total - Gender,15 years and over,Current dollars,43.27,421,3-digit,Occupations in front-line public protection services
2016,Alberta,Median hourly wage rate,Full-time employees,Total - Gender,15 years and over,Current dollars,19.62,422,3-digit,"Paraprofessional occupations in legal, social, community and education services"
2016,British Columbia,Median hourly wage rate,Full-time employees,Total - Gender,15 years and over,Current dollars,30.29,111,3-digit,Professional occupations in finance
2016,British Columbia,Median hourly wage rate,Full-time employees,Total - Gender,15 years and over,Current dollars,33.0,112,3-digit,Professional occupations in business
2016,British Columbia,Median hourly wage rate,Full-time employees,Total - Gender,15 years and over,Current dollars,37.98,211,3-digit,Professional occupations in natural sciences
2016,British Columbia,Median hourly wage rate,Full-time employees,Total - Gender,15 years and over,Current dollars,38.46,212,3-digit,Professional occupations in applied sciences (except engineering)
2016,British Columbia,Median hourly wage rate,Full-time employees,Total - Gender,15 years and over,Current dollars,40.32,213,3-digit,Professional occupations in engineering
2016,British Columbia,Median hourly wage rate,Full-time employees,Total - Gender,15 years and over,Current dollars,40.0,311,3-digit,Health treating and consultation services professionals
2016,British Columbia,Median hourly wage rate,Full-time employees,Total - Gender,15 years and over,Current dollars,38.97,312,3-digit,Therapy and assessment professionals
2016,British Columbia,Median hourly wage rate,Full-time employees,Total - Gender,15 years and over,Current dollars,37.5,313,3-digit,Nursing and allied health professionals
2016,British Columbia,Median hourly wage rate,Full-time employees,Total - Gender,15 years and over,Current dollars,45.67,411,3-digit,Professional occupations in law
2016,British Columbia,Median hourly wage rate,Full-time employees,Total - Gender,15 years and over,Current dollars,33.65,412,3-digit,Professional occupations in education services
2016,British Columbia,Median hourly wage rate,Full-time employees,Total - Gender,15 years and over,Current dollars,29.0,413,3-digit,Professional occupations in social and community services
2016,British Columbia,Median hourly wage rate,Full-time employees,Total - Gender,15 years and over,Current dollars,31.25,414,3-digit,Professional occupations in government services
2016,British Columbia,Median hourly wage rate,Full-time employees,Total - Gender,15 years and over,Current dollars,42.0,421,3-digit,Occupations in front-line public protection services
2016,British Columbia,Median hourly wage rate,Full-time employees,Total - Gender,15 years and over,Current dollars,19.0,422,3-digit,"Paraprofessional occupations in legal, social, community and education services"
2017,Canada,Median hourly wage rate,Full-time employees,Total - Gender,15 years and over,Current dollars,31.52,111,3-digit,Professional occupations in finance
2017,Canada,Median hourly wage rate,Full-time employees,Total - Gender,15 years and over,Current dollars,33.0,112,3-digit,Professional occupations in business
2017,Canada,Median hourly wage rate,Full-time employees,Total - Gender,15 years and over,Current dollars,36.06,211,3-digit,Professional occupations in natural sciences
2017,Canada,Median hourly wage rate,Full-time employees,Total - Gender,15 years and over,Current dollars,37.65,212,3-digit,Professional occupations in applied sciences (except engineering)
2017,Canada,Median hourly wage rate,Full-time employees,Total - Gender,15 years and over,Current dollars,40.87,213,3-digit,Professional occupations in engineering
2017,Canada,Median hourly wage rate,Full-time employees,Total - Gender,15 years and over,Current dollars,40.87,311,3-digit,Health treating and consultation services professionals
2017,Canada,Median hourly wage rate,Full-time employees,Total - Gender,15 years and over,Current dollars,38.0,312,3-digit,Therapy and assessment professionals
2017,Canada,Median hourly wage rate,Full-time employees,Total - Gender,15 years and over,Current dollars,38.7,313,3-digit,Nursing and allied health professionals
2017,Canada,Median hourly wage rate,Full-time employees,Total - Gender,15 years and over,Current dollars,50.0,411,3-digit,Professional occupations in law
2017,Canada,Median hourly wage rate,Full-time employees,Total - Gender,15 years and over,Current dollars,38.94,412,3-digit,Professional occupations in education services
2017,Canada,Median hourly wage rate,Full-time employees,Total - Gender,15 years and over,Current dollars,31.4,413,3-digit,Professional occupations in social and community services
2017,Canada,Median hourly wage rate,Full-time employees,Total - Gender,15 years and over,Current dollars,36.41,414,3-digit,Professional occupations in government services
2017,Canada,Median hourly wage rate,Full-time employees,Total - Gender,15 years and over,Current dollars,41.83,421,3-digit,Occupations in front-line public protection services
2017,Canada,Median hourly wage rate,Full-time employees,Total - Gender,15 years and over,Current dollars,20.19,422,3-digit,"Paraprofessional occupations in legal, social, community and education services"
2017,Newfoundland and Labrador,Median hourly wage rate,Full-time employees,Total - Gender,15 years and over,Current dollars,29.63,111,3-digit,Professional occupations in finance
2017,Newfoundland and Labrador,Median hourly wage rate,Full-time employees,Total - Gender,15 years and over,Current dollars,31.0,112,3-digit,Professional occupations in business
2017,Newfoundland and Labrador,Median hourly wage rate,Full-time employees,Total - Gender,15 years and over,Current dollars,36.0,211,3-digit,Professional occupations in natural sciences
2017,Newfoundland and Labrador,Median hourly wage rate,Full-time employees,Total - Gender,15 years and over,Current dollars,40.0,212,3-digit,Professional occupations in applied sciences (except engineering)
2017,Newfoundland and Labrador,Median hourly wage rate,Full-time employees,Total - Gender,15 years and over,Current dollars,41.35,213,3-digit,Professional occupations in engineering
2017,Newfoundland and Labrador,Median hourly wage rate,Full-time employees,Total - Gender,15 years and over,Current dollars,42.0,311,3-digit,Health treating and consultation services professionals
2017,Newfoundland and Labrador,Median hourly wage rate,Full-time employees,Total - Gender,15 years and over,Current dollars,40.87,312,3-digit,Therapy and assessment professionals
2017,Newfoundland and Labrador,Median hourly wage rate,Full-time employees,Total - Gender,15 years and over,Current dollars,40.87,313,3-digit,Nursing and allied health professionals
2017,Newfoundland and Labrador,Median hourly wage rate,Full-time employees,Total - Gender,15 years and over,Current dollars,,411,3-digit,Professional occupations in law
2017,Newfoundland and Labrador,Median hourly wage rate,Full-time employees,Total - Gender,15 years and over,Current dollars,42.31,412,3-digit,Professional occupations in education services
2017,Newfoundland and Labrador,Median hourly wage rate,Full-time employees,Total - Gender,15 years and over,Current dollars,29.33,413,3-digit,Professional occupations in social and community services
2017,Newfoundland and Labrador,Median hourly wage rate,Full-time employees,Total - Gender,15 years and over,Current dollars,38.46,414,3-digit,Professional occupations in government services
2017,Newfoundland and Labrador,Median hourly wage rate,Full-time employees,Total - Gender,15 years and over,Current dollars,39.42,421,3-digit,Occupations in front-line public protection services
2017,Newfoundland and Labrador,Median hourly wage rate,Full-time employees,Total - Gender,15 years and over,Current dollars,15.35,422,3-digit,"Paraprofessional occupations in legal, social, community and education services"
2017,Prince Edward Island,Median hourly wage rate,Full-time employees,Total - Gender,15 years and over,Current dollars,31.79,111,3-digit,Professional occupations in finance
2017,Prince Edward Island,Median hourly wage rate,Full-time employees,Total - Gender,15 years and over,Current dollars,29.74,112,3-digit,Professional occupations in business
2017,Prince Edward Island,Median hourly wage rate,Full-time employees,Total - Gender,15 years and over,Current dollars,34.87,211,3-digit,Professional occupations in natural sciences
2017,Prince Edward Island,Median hourly wage rate,Full-time employees,Total - Gender,15 years and over,Current dollars,32.04,212,3-digit,Professional occupations in applied sciences (except engineering)
2017,Prince Edward Island,Median hourly wage rate,Full-time employees,Total - Gender,15 years and over,Current dollars,30.05,213,3-digit,Professional occupations in engineering
2017,Prince Edward Island,Median hourly wage rate,Full-time employees,Total - Gender,15 years and over,Current dollars,41.5,311,3-digit,Health treating and consultation services professionals
2017,Prince Edward Island,Median hourly wage rate,Full-time employees,Total - Gender,15 years and over,Current dollars,,312,3-digit,Therapy and assessment professionals
2017,Prince Edward Island,Median hourly wage rate,Full-time employees,Total - Gender,15 years and over,Current dollars,38.0,313,3-digit,Nursing and allied health professionals
2017,Prince Edward Island,Median hourly wage rate,Full-time employees,Total - Gender,15 years and over,Current dollars,,411,3-digit,Professional occupations in law
2017,Prince Edward Island,Median hourly wage rate,Full-time employees,Total - Gender,15 years and over,Current dollars,36.06,412,3-digit,Professional occupations in education services
2017,Prince Edward Island,Median hourly wage rate,Full-time employees,Total - Gender,15 years and over,Current dollars,28.21,413,3-digit,Professional occupations in social and community services
2017,Prince Edward Island,Median hourly wage rate,Full-time employees,Total - Gender,15 years and over,Current dollars,38.46,414,3-digit,Professional occupations in government services
2017,Prince Edward Island,Median hourly wage rate,Full-time employees,Total - Gender,15 years and over,Current dollars,40.0,421,3-digit,Occupations in front-line public protection services
2017,Prince Edward Island,Median hourly wage rate,Full-time employees,Total - Gender,15 years and over,Current dollars,17.22,422,3-digit,"Paraprofessional occupations in legal, social, community and education services"
2017,Nova Scotia,Median hourly wage rate,Full-time employees,Total - Gender,15 years and over,Current dollars,27.69,111,3-digit,Professional occupations in finance
2017,Nova Scotia,Median hourly wage rate,Full-time employees,Total - Gender,15 years and over,Current dollars,26.15,112,3-digit,Professional occupations in business
2017,Nova Scotia,Median hourly wage rate,Full-time employees,Total - Gender,15 years and over,Current dollars,33.0,211,3-digit,Professional occupations in natural sciences
2017,Nova Scotia,Median hourly wage rate,Full-time employees,Total - Gender,15 years and over,Current dollars,33.65,212,3-digit,Professional occupations in applied sciences (except engineering)
2017,Nova Scotia,Median hourly wage rate,Full-time employees,Total - Gender,15 years and over,Current dollars,40.0,213,3-digit,Professional occupations in engineering
2017,Nova Scotia,Median hourly wage rate,Full-time employees,Total - Gender,15 years and over,Current dollars,39.0,311,3-digit,Health treating and consultation services professionals
2017,Nova Scotia,Median hourly wage rate,Full-time employees,Total - Gender,15 years and over,Current dollars,35.71,312,3-digit,Therapy and assessment professionals
2017,Nova Scotia,Median hourly wage rate,Full-time employees,Total - Gender,15 years and over,Current dollars,38.0,313,3-digit,Nursing and allied health professionals
2017,Nova Scotia,Median hourly wage rate,Full-time employees,Total - Gender,15 years and over,Current dollars,38.46,411,3-digit,Professional occupations in law
2017,Nova Scotia,Median hourly wage rate,Full-time employees,Total - Gender,15 years and over,Current dollars,36.15,412,3-digit,Professional occupations in education services
2017,Nova Scotia,Median hourly wage rate,Full-time employees,Total - Gender,15 years and over,Current dollars,25.71,413,3-digit,Professional occupations in social and community services
2017,Nova Scotia,Median hourly wage rate,Full-time employees,Total - Gender,15 years and over,Current dollars,32.69,414,3-digit,Professional occupations in government services
2017,Nova Scotia,Median hourly wage rate,Full-time employees,Total - Gender,15 years and over,Current dollars,40.0,421,3-digit,Occupations in front-line public protection services
2017,Nova Scotia,Median hourly wage rate,Full-time employees,Total - Gender,15 years and over,Current dollars,20.0,422,3-digit,"Paraprofessional occupations in legal, social, community and education services"
2017,New Brunswick,Median hourly wage rate,Full-time employees,Total - Gender,15 years and over,Current dollars,25.64,111,3-digit,Professional occupations in finance
2017,New Brunswick,Median hourly wage rate,Full-time employees,Total - Gender,15 years and over,Current dollars,28.4,112,3-digit,Professional occupations in business
2017,New Brunswick,Median hourly wage rate,Full-time employees,Total - Gender,15 years and over,Current dollars,33.85,211,3-digit,Professional occupations in natural sciences
2017,New Brunswick,Median hourly wage rate,Full-time employees,Total - Gender,15 years and over,Current dollars,32.22,212,3-digit,Professional occupations in applied sciences (except engineering)
2017,New Brunswick,Median hourly wage rate,Full-time employees,Total - Gender,15 years and over,Current dollars,39.84,213,3-digit,Professional occupations in engineering
2017,New Brunswick,Median hourly wage rate,Full-time employees,Total - Gender,15 years and over,Current dollars,37.0,311,3-digit,Health treating and consultation services professionals
2017,New Brunswick,Median hourly wage rate,Full-time employees,Total - Gender,15 years and over,Current dollars,36.06,312,3-digit,Therapy and assessment professionals
2017,New Brunswick,Median hourly wage rate,Full-time employees,Total - Gender,15 years and over,Current dollars,38.0,313,3-digit,Nursing and allied health professionals
2017,New Brunswick,Median hourly wage rate,Full-time employees,Total - Gender,15 years and over,Current dollars,35.45,411,3-digit,Professional occupations in law
2017,New Brunswick,Median hourly wage rate,Full-time employees,Total - Gender,15 years and over,Current dollars,34.61,412,3-digit,Professional occupations in education services
2017,New Brunswick,Median hourly wage rate,Full-time employees,Total - Gender,15 years and over,Current dollars,27.88,413,3-digit,Professional occupations in social and community services
2017,New Brunswick,Median hourly wage rate,Full-time employees,Total - Gender,15 years and over,Current dollars,31.16,414,3-digit,Professional occupations in government services
2017,New Brunswick,Median hourly wage rate,Full-time employees,Total - Gender,15 years and over,Current dollars,38.46,421,3-digit,Occupations in front-line public protection services
2017,New Brunswick,Median hourly wage rate,Full-time employees,Total - Gender,15 years and over,Current dollars,15.85,422,3-digit,"Paraprofessional occupations in legal, social, community and education services"
2017,Quebec,Median hourly wage rate,Full-time employees,Total - Gender,15 years and over,Current dollars,31.0,111,3-digit,Professional occupations in finance
2017,Quebec,Median hourly wage rate,Full-time employees,Total - Gender,15 years and over,Current dollars,33.33,112,3-digit,Professional occupations in business
2017,Quebec,Median hourly wage rate,Full-time employees,Total - Gender,15 years and over,Current dollars,30.0,211,3-digit,Professional occupations in natural sciences
2017,Quebec,Median hourly wage rate,Full-time employees,Total - Gender,15 years and over,Current dollars,35.1,212,3-digit,Professional occupations in applied sciences (except engineering)
2017,Quebec,Median hourly wage rate,Full-time employees,Total - Gender,15 years and over,Current dollars,39.42,213,3-digit,Professional occupations in engineering
2017,Quebec,Median hourly wage rate,Full-time employees,Total - Gender,15 years and over,Current dollars,43.96,311,3-digit,Health treating and consultation services professionals
2017,Quebec,Median hourly wage rate,Full-time employees,Total - Gender,15 years and over,Current dollars,36.0,312,3-digit,Therapy and assessment professionals
2017,Quebec,Median hourly wage rate,Full-time employees,Total - Gender,15 years and over,Current dollars,34.8,313,3-digit,Nursing and allied health professionals
2017,Quebec,Median hourly wage rate,Full-time employees,Total - Gender,15 years and over,Current dollars,45.67,411,3-digit,Professional occupations in law
2017,Quebec,Median hourly wage rate,Full-time employees,Total - Gender,15 years and over,Current dollars,37.5,412,3-digit,Professional occupations in education services
2017,Quebec,Median hourly wage rate,Full-time employees,Total - Gender,15 years and over,Current dollars,33.0,413,3-digit,Professional occupations in social and community services
2017,Quebec,Median hourly wage rate,Full-time employees,Total - Gender,15 years and over,Current dollars,36.0,414,3-digit,Professional occupations in government services
2017,Quebec,Median hourly wage rate,Full-time employees,Total - Gender,15 years and over,Current dollars,34.8,421,3-digit,Occupations in front-line public protection services
2017,Quebec,Median hourly wage rate,Full-time employees,Total - Gender,15 years and over,Current dollars,21.13,422,3-digit,"Paraprofessional occupations in legal, social, community and education services"
2017,Ontario,Median hourly wage rate,Full-time employees,Total - Gender,15 years and over,Current dollars,31.26,111,3-digit,Professional occupations in finance
2017,Ontario,Median hourly wage rate,Full-time employees,Total - Gender,15 years and over,Current dollars,33.33,112,3-digit,Professional occupations in business
2017,Ontario,Median hourly wage rate,Full-time employees,Total - Gender,15 years and over,Current dollars,38.46,211,3-digit,Professional occupations in natural sciences
2017,Ontario,Median hourly wage rate,Full-time employees,Total - Gender,15 years and over,Current dollars,38.97,212,3-digit,Professional occupations in applied sciences (except engineering)
2017,Ontario,Median hourly wage rate,Full-time employees,Total - Gender,15 years and over,Current dollars,39.52,213,3-digit,Professional occupations in engineering
2017,Ontario,Median hourly wage rate,Full-time employees,Total - Gender,15 years and over,Current dollars,37.67,311,3-digit,Health treating and consultation services professionals
2017,Ontario,Median hourly wage rate,Full-time employees,Total - Gender,15 years and over,Current dollars,36.5,312,3-digit,Therapy and assessment professionals
2017,Ontario,Median hourly wage rate,Full-time employees,Total - Gender,15 years and over,Current dollars,39.49,313,3-digit,Nursing and allied health professionals
2017,Ontario,Median hourly wage rate,Full-time employees,Total - Gender,15 years and over,Current dollars,56.73,411,3-digit,Professional occupations in law
2017,Ontario,Median hourly wage rate,Full-time employees,Total - Gender,15 years and over,Current dollars,42.31,412,3-digit,Professional occupations in education services
2017,Ontario,Median hourly wage rate,Full-time employees,Total - Gender,15 years and over,Current dollars,31.0,413,3-digit,Professional occupations in social and community services
2017,Ontario,Median hourly wage rate,Full-time employees,Total - Gender,15 years and over,Current dollars,36.32,414,3-digit,Professional occupations in government services
2017,Ontario,Median hourly wage rate,Full-time employees,Total - Gender,15 years and over,Current dollars,43.75,421,3-digit,Occupations in front-line public protection services
2017,Ontario,Median hourly wage rate,Full-time employees,Total - Gender,15 years and over,Current dollars,21.0,422,3-digit,"Paraprofessional occupations in legal, social, community and education services"
2017,Manitoba,Median hourly wage rate,Full-time employees,Total - Gender,15 years and over,Current dollars,29.23,111,3-digit,Professional occupations in finance
2017,Manitoba,Median hourly wage rate,Full-time employees,Total - Gender,15 years and over,Current dollars,32.32,112,3-digit,Professional occupations in business
2017,Manitoba,Median hourly wage rate,Full-time employees,Total - Gender,15 years and over,Current dollars,34.44,211,3-digit,Professional occupations in natural sciences
2017,Manitoba,Median hourly wage rate,Full-time employees,Total - Gender,15 years and over,Current dollars,34.62,212,3-digit,Professional occupations in applied sciences (except engineering)
2017,Manitoba,Median hourly wage rate,Full-time employees,Total - Gender,15 years and over,Current dollars,39.42,213,3-digit,Professional occupations in engineering
2017,Manitoba,Median hourly wage rate,Full-time employees,Total - Gender,15 years and over,Current dollars,38.46,311,3-digit,Health treating and consultation services professionals
2017,Manitoba,Median hourly wage rate,Full-time employees,Total - Gender,15 years and over,Current dollars,37.0,312,3-digit,Therapy and assessment professionals
2017,Manitoba,Median hourly wage rate,Full-time employees,Total - Gender,15 years and over,Current dollars,41.0,313,3-digit,Nursing and allied health professionals
2017,Manitoba,Median hourly wage rate,Full-time employees,Total - Gender,15 years and over,Current dollars,51.28,411,3-digit,Professional occupations in law
2017,Manitoba,Median hourly wage rate,Full-time employees,Total - Gender,15 years and over,Current dollars,37.5,412,3-digit,Professional occupations in education services
2017,Manitoba,Median hourly wage rate,Full-time employees,Total - Gender,15 years and over,Current dollars,30.13,413,3-digit,Professional occupations in social and community services
2017,Manitoba,Median hourly wage rate,Full-time employees,Total - Gender,15 years and over,Current dollars,33.38,414,3-digit,Professional occupations in government services
2017,Manitoba,Median hourly wage rate,Full-time employees,Total - Gender,15 years and over,Current dollars,41.35,421,3-digit,Occupations in front-line public protection services
2017,Manitoba,Median hourly wage rate,Full-time employees,Total - Gender,15 years and over,Current dollars,17.0,422,3-digit,"Paraprofessional occupations in legal, social, community and education services"
2017,Saskatchewan,Median hourly wage rate,Full-time employees,Total - Gender,15 years and over,Current dollars,31.54,111,3-digit,Professional occupations in finance
2017,Saskatchewan,Median hourly wage rate,Full-time employees,Total - Gender,15 years and over,Current dollars,33.65,112,3-digit,Professional occupations in business
2017,Saskatchewan,Median hourly wage rate,Full-time employees,Total - Gender,15 years and over,Current dollars,37.95,211,3-digit,Professional occupations in natural sciences
2017,Saskatchewan,Median hourly wage rate,Full-time employees,Total - Gender,15 years and over,Current dollars,36.11,212,3-digit,Professional occupations in applied sciences (except engineering)
2017,Saskatchewan,Median hourly wage rate,Full-time employees,Total - Gender,15 years and over,Current dollars,38.46,213,3-digit,Professional occupations in engineering
2017,Saskatchewan,Median hourly wage rate,Full-time employees,Total - Gender,15 years and over,Current dollars,45.07,311,3-digit,Health treating and consultation services professionals
2017,Saskatchewan,Median hourly wage rate,Full-time employees,Total - Gender,15 years and over,Current dollars,42.0,312,3-digit,Therapy and assessment professionals
2017,Saskatchewan,Median hourly wage rate,Full-time employees,Total - Gender,15 years and over,Current dollars,45.0,313,3-digit,Nursing and allied health professionals
2017,Saskatchewan,Median hourly wage rate,Full-time employees,Total - Gender,15 years and over,Current dollars,51.2,411,3-digit,Professional occupations in law
2017,Saskatchewan,Median hourly wage rate,Full-time employees,Total - Gender,15 years and over,Current dollars,36.03,412,3-digit,Professional occupations in education services
2017,Saskatchewan,Median hourly wage rate,Full-time employees,Total - Gender,15 years and over,Current dollars,34.86,413,3-digit,Professional occupations in social and community services
2017,Saskatchewan,Median hourly wage rate,Full-time employees,Total - Gender,15 years and over,Current dollars,36.92,414,3-digit,Professional occupations in government services
2017,Saskatchewan,Median hourly wage rate,Full-time employees,Total - Gender,15 years and over,Current dollars,42.79,421,3-digit,Occupations in front-line public protection services
2017,Saskatchewan,Median hourly wage rate,Full-time employees,Total - Gender,15 years and over,Current dollars,20.67,422,3-digit,"Paraprofessional occupations in legal, social, community and education services"
2017,Alberta,Median hourly wage rate,Full-time employees,Total - Gender,15 years and over,Current dollars,37.98,111,3-digit,Professional occupations in finance
2017,Alberta,Median hourly wage rate,Full-time employees,Total - Gender,15 years and over,Current dollars,35.58,112,3-digit,Professional occupations in business
2017,Alberta,Median hourly wage rate,Full-time employees,Total - Gender,15 years and over,Current dollars,45.67,211,3-digit,Professional occupations in natural sciences
2017,Alberta,Median hourly wage rate,Full-time employees,Total - Gender,15 years and over,Current dollars,40.87,212,3-digit,Professional occupations in applied sciences (except engineering)
2017,Alberta,Median hourly wage rate,Full-time employees,Total - Gender,15 years and over,Current dollars,50.48,213,3-digit,Professional occupations in engineering
2017,Alberta,Median hourly wage rate,Full-time employees,Total - Gender,15 years and over,Current dollars,49.0,311,3-digit,Health treating and consultation services professionals
2017,Alberta,Median hourly wage rate,Full-time employees,Total - Gender,15 years and over,Current dollars,45.05,312,3-digit,Therapy and assessment professionals
2017,Alberta,Median hourly wage rate,Full-time employees,Total - Gender,15 years and over,Current dollars,43.79,313,3-digit,Nursing and allied health professionals
2017,Alberta,Median hourly wage rate,Full-time employees,Total - Gender,15 years and over,Current dollars,48.08,411,3-digit,Professional occupations in law
2017,Alberta,Median hourly wage rate,Full-time employees,Total - Gender,15 years and over,Current dollars,41.47,412,3-digit,Professional occupations in education services
2017,Alberta,Median hourly wage rate,Full-time employees,Total - Gender,15 years and over,Current dollars,32.0,413,3-digit,Professional occupations in social and community services
2017,Alberta,Median hourly wage rate,Full-time employees,Total - Gender,15 years and over,Current dollars,41.85,414,3-digit,Professional occupations in government services
2017,Alberta,Median hourly wage rate,Full-time employees,Total - Gender,15 years and over,Current dollars,47.0,421,3-digit,Occupations in front-line public protection services
2017,Alberta,Median hourly wage rate,Full-time employees,Total - Gender,15 years and over,Current dollars,20.19,422,3-digit,"Paraprofessional occupations in legal, social, community and education services"
2017,British Columbia,Median hourly wage rate,Full-time employees,Total - Gender,15 years and over,Current dollars,30.0,111,3-digit,Professional occupations in finance
2017,British Columbia,Median hourly wage rate,Full-time employees,Total - Gender,15 years and over,Current dollars,30.0,112,3-digit,Professional occupations in business
2017,British Columbia,Median hourly wage rate,Full-time employees,Total - Gender,15 years and over,Current dollars,36.75,211,3-digit,Professional occupations in natural sciences
2017,British Columbia,Median hourly wage rate,Full-time employees,Total - Gender,15 years and over,Current dollars,37.0,212,3-digit,Professional occupations in applied sciences (except engineering)
2017,British Columbia,Median hourly wage rate,Full-time employees,Total - Gender,15 years and over,Current dollars,39.0,213,3-digit,Professional occupations in engineering
2017,British Columbia,Median hourly wage rate,Full-time employees,Total - Gender,15 years and over,Current dollars,40.0,311,3-digit,Health treating and consultation services professionals
2017,British Columbia,Median hourly wage rate,Full-time employees,Total - Gender,15 years and over,Current dollars,31.5,312,3-digit,Therapy and assessment professionals
2017,British Columbia,Median hourly wage rate,Full-time employees,Total - Gender,15 years and over,Current dollars,40.0,313,3-digit,Nursing and allied health professionals
2017,British Columbia,Median hourly wage rate,Full-time employees,Total - Gender,15 years and over,Current dollars,40.0,411,3-digit,Professional occupations in law
2017,British Columbia,Median hourly wage rate,Full-time employees,Total - Gender,15 years and over,Current dollars,36.06,412,3-digit,Professional occupations in education services
2017,British Columbia,Median hourly wage rate,Full-time employees,Total - Gender,15 years and over,Current dollars,29.0,413,3-digit,Professional occupations in social and community services
2017,British Columbia,Median hourly wage rate,Full-time employees,Total - Gender,15 years and over,Current dollars,33.65,414,3-digit,Professional occupations in government services
2017,British Columbia,Median hourly wage rate,Full-time employees,Total - Gender,15 years and over,Current dollars,40.87,421,3-digit,Occupations in front-line public protection services
2017,British Columbia,Median hourly wage rate,Full-time employees,Total - Gender,15 years and over,Current dollars,20.0,422,3-digit,"Paraprofessional occupations in legal, social, community and education services"
2018,Canada,Median hourly wage rate,Full-time employees,Total - Gender,15 years and over,Current dollars,33.17,111,3-digit,Professional occupations in finance
2018,Canada,Median hourly wage rate,Full-time employees,Total - Gender,15 years and over,Current dollars,33.07,112,3-digit,Professional occupations in business
2018,Canada,Median hourly wage rate,Full-time employees,Total - Gender,15 years and over,Current dollars,39.0,211,3-digit,Professional occupations in natural sciences
2018,Canada,Median hourly wage rate,Full-time employees,Total - Gender,15 years and over,Current dollars,38.46,212,3-digit,Professional occupations in applied sciences (except engineering)
2018,Canada,Median hourly wage rate,Full-time employees,Total - Gender,15 years and over,Current dollars,43.04,213,3-digit,Professional occupations in engineering
2018,Canada,Median hourly wage rate,Full-time employees,Total - Gender,15 years and over,Current dollars,42.0,311,3-digit,Health treating and consultation services professionals
2018,Canada,Median hourly wage rate,Full-time employees,Total - Gender,15 years and over,Current dollars,40.0,312,3-digit,Therapy and assessment professionals
2018,Canada,Median hourly wage rate,Full-time employees,Total - Gender,15 years and over,Current dollars,38.66,313,3-digit,Nursing and allied health professionals
2018,Canada,Median hourly wage rate,Full-time employees,Total - Gender,15 years and over,Current dollars,52.88,411,3-digit,Professional occupations in law
2018,Canada,Median hourly wage rate,Full-time employees,Total - Gender,15 years and over,Current dollars,39.62,412,3-digit,Professional occupations in education services
2018,Canada,Median hourly wage rate,Full-time employees,Total - Gender,15 years and over,Current dollars,31.25,413,3-digit,Professional occupations in social and community services
2018,Canada,Median hourly wage rate,Full-time employees,Total - Gender,15 years and over,Current dollars,38.46,414,3-digit,Professional occupations in government services
2018,Canada,Median hourly wage rate,Full-time employees,Total - Gender,15 years and over,Current dollars,42.53,421,3-digit,Occupations in front-line public protection services
2018,Canada,Median hourly wage rate,Full-time employees,Total - Gender,15 years and over,Current dollars,20.92,422,3-digit,"Paraprofessional occupations in legal, social, community and education services"
2018,Newfoundland and Labrador,Median hourly wage rate,Full-time employees,Total - Gender,15 years and over,Current dollars,31.25,111,3-digit,Professional occupations in finance
2018,Newfoundland and Labrador,Median hourly wage rate,Full-time employees,Total - Gender,15 years and over,Current dollars,32.5,112,3-digit,Professional occupations in business
2018,Newfoundland and Labrador,Median hourly wage rate,Full-time employees,Total - Gender,15 years and over,Current dollars,42.83,211,3-digit,Professional occupations in natural sciences
2018,Newfoundland and Labrador,Median hourly wage rate,Full-time employees,Total - Gender,15 years and over,Current dollars,35.71,212,3-digit,Professional occupations in applied sciences (except engineering)
2018,Newfoundland and Labrador,Median hourly wage rate,Full-time employees,Total - Gender,15 years and over,Current dollars,40.87,213,3-digit,Professional occupations in engineering
2018,Newfoundland and Labrador,Median hourly wage rate,Full-time employees,Total - Gender,15 years and over,Current dollars,42.09,311,3-digit,Health treating and consultation services professionals
2018,Newfoundland and Labrador,Median hourly wage rate,Full-time employees,Total - Gender,15 years and over,Current dollars,,312,3-digit,Therapy and assessment professionals
2018,Newfoundland and Labrador,Median hourly wage rate,Full-time employees,Total - Gender,15 years and over,Current dollars,40.82,313,3-digit,Nursing and allied health professionals
2018,Newfoundland and Labrador,Median hourly wage rate,Full-time employees,Total - Gender,15 years and over,Current dollars,62.02,411,3-digit,Professional occupations in law
2018,Newfoundland and Labrador,Median hourly wage rate,Full-time employees,Total - Gender,15 years and over,Current dollars,40.87,412,3-digit,Professional occupations in education services
2018,Newfoundland and Labrador,Median hourly wage rate,Full-time employees,Total - Gender,15 years and over,Current dollars,36.92,413,3-digit,Professional occupations in social and community services
2018,Newfoundland and Labrador,Median hourly wage rate,Full-time employees,Total - Gender,15 years and over,Current dollars,43.96,414,3-digit,Professional occupations in government services
2018,Newfoundland and Labrador,Median hourly wage rate,Full-time employees,Total - Gender,15 years and over,Current dollars,42.79,421,3-digit,Occupations in front-line public protection services
2018,Newfoundland and Labrador,Median hourly wage rate,Full-time employees,Total - Gender,15 years and over,Current dollars,19.0,422,3-digit,"Paraprofessional occupations in legal, social, community and education services"
2018,Prince Edward Island,Median hourly wage rate,Full-time employees,Total - Gender,15 years and over,Current dollars,26.44,111,3-digit,Professional occupations in finance
2018,Prince Edward Island,Median hourly wage rate,Full-time employees,Total - Gender,15 years and over,Current dollars,30.77,112,3-digit,Professional occupations in business
2018,Prince Edward Island,Median hourly wage rate,Full-time employees,Total - Gender,15 years and over,Current dollars,33.65,211,3-digit,Professional occupations in natural sciences
2018,Prince Edward Island,Median hourly wage rate,Full-time employees,Total - Gender,15 years and over,Current dollars,32.89,212,3-digit,Professional occupations in applied sciences (except engineering)
2018,Prince Edward Island,Median hourly wage rate,Full-time employees,Total - Gender,15 years and over,Current dollars,33.17,213,3-digit,Professional occupations in engineering
2018,Prince Edward Island,Median hourly wage rate,Full-time employees,Total - Gender,15 years and over,Current dollars,41.03,311,3-digit,Health treating and consultation services professionals
2018,Prince Edward Island,Median hourly wage rate,Full-time employees,Total - Gender,15 years and over,Current dollars,,312,3-digit,Therapy and assessment professionals
2018,Prince Edward Island,Median hourly wage rate,Full-time employees,Total - Gender,15 years and over,Current dollars,38.0,313,3-digit,Nursing and allied health professionals
2018,Prince Edward Island,Median hourly wage rate,Full-time employees,Total - Gender,15 years and over,Current dollars,31.25,411,3-digit,Professional occupations in law
2018,Prince Edward Island,Median hourly wage rate,Full-time employees,Total - Gender,15 years and over,Current dollars,36.88,412,3-digit,Professional occupations in education services
2018,Prince Edward Island,Median hourly wage rate,Full-time employees,Total - Gender,15 years and over,Current dollars,29.0,413,3-digit,Professional occupations in social and community services
2018,Prince Edward Island,Median hourly wage rate,Full-time employees,Total - Gender,15 years and over,Current dollars,37.0,414,3-digit,Professional occupations in government services
2018,Prince Edward Island,Median hourly wage rate,Full-time employees,Total - Gender,15 years and over,Current dollars,37.5,421,3-digit,Occupations in front-line public protection services
2018,Prince Edward Island,Median hourly wage rate,Full-time employees,Total - Gender,15 years and over,Current dollars,17.95,422,3-digit,"Paraprofessional occupations in legal, social, community and education services"
2018,Nova Scotia,Median hourly wage rate,Full-time employees,Total - Gender,15 years and over,Current dollars,30.0,111,3-digit,Professional occupations in finance
2018,Nova Scotia,Median hourly wage rate,Full-time employees,Total - Gender,15 years and over,Current dollars,30.73,112,3-digit,Professional occupations in business
2018,Nova Scotia,Median hourly wage rate,Full-time employees,Total - Gender,15 years and over,Current dollars,38.46,211,3-digit,Professional occupations in natural sciences
2018,Nova Scotia,Median hourly wage rate,Full-time employees,Total - Gender,15 years and over,Current dollars,36.06,212,3-digit,Professional occupations in applied sciences (except engineering)
2018,Nova Scotia,Median hourly wage rate,Full-time employees,Total - Gender,15 years and over,Current dollars,38.0,213,3-digit,Professional occupations in engineering
2018,Nova Scotia,Median hourly wage rate,Full-time employees,Total - Gender,15 years and over,Current dollars,39.42,311,3-digit,Health treating and consultation services professionals
2018,Nova Scotia,Median hourly wage rate,Full-time employees,Total - Gender,15 years and over,Current dollars,38.0,312,3-digit,Therapy and assessment professionals
2018,Nova Scotia,Median hourly wage rate,Full-time employees,Total - Gender,15 years and over,Current dollars,37.95,313,3-digit,Nursing and allied health professionals
2018,Nova Scotia,Median hourly wage rate,Full-time employees,Total - Gender,15 years and over,Current dollars,43.27,411,3-digit,Professional occupations in law
2018,Nova Scotia,Median hourly wage rate,Full-time employees,Total - Gender,15 years and over,Current dollars,38.46,412,3-digit,Professional occupations in education services
2018,Nova Scotia,Median hourly wage rate,Full-time employees,Total - Gender,15 years and over,Current dollars,30.13,413,3-digit,Professional occupations in social and community services
2018,Nova Scotia,Median hourly wage rate,Full-time employees,Total - Gender,15 years and over,Current dollars,34.86,414,3-digit,Professional occupations in government services
2018,Nova Scotia,Median hourly wage rate,Full-time employees,Total - Gender,15 years and over,Current dollars,40.0,421,3-digit,Occupations in front-line public protection services
2018,Nova Scotia,Median hourly wage rate,Full-time employees,Total - Gender,15 years and over,Current dollars,20.0,422,3-digit,"Paraprofessional occupations in legal, social, community and education services"
2018,New Brunswick,Median hourly wage rate,Full-time employees,Total - Gender,15 years and over,Current dollars,29.12,111,3-digit,Professional occupations in finance
2018,New Brunswick,Median hourly wage rate,Full-time employees,Total - Gender,15 years and over,Current dollars,30.26,112,3-digit,Professional occupations in business
2018,New Brunswick,Median hourly wage rate,Full-time employees,Total - Gender,15 years and over,Current dollars,41.0,211,3-digit,Professional occupations in natural sciences
2018,New Brunswick,Median hourly wage rate,Full-time employees,Total - Gender,15 years and over,Current dollars,34.33,212,3-digit,Professional occupations in applied sciences (except engineering)
2018,New Brunswick,Median hourly wage rate,Full-time employees,Total - Gender,15 years and over,Current dollars,39.42,213,3-digit,Professional occupations in engineering
2018,New Brunswick,Median hourly wage rate,Full-time employees,Total - Gender,15 years and over,Current dollars,45.0,311,3-digit,Health treating and consultation services professionals
2018,New Brunswick,Median hourly wage rate,Full-time employees,Total - Gender,15 years and over,Current dollars,36.0,312,3-digit,Therapy and assessment professionals
2018,New Brunswick,Median hourly wage rate,Full-time employees,Total - Gender,15 years and over,Current dollars,39.0,313,3-digit,Nursing and allied health professionals
2018,New Brunswick,Median hourly wage rate,Full-time employees,Total - Gender,15 years and over,Current dollars,37.84,411,3-digit,Professional occupations in law
2018,New Brunswick,Median hourly wage rate,Full-time employees,Total - Gender,15 years and over,Current dollars,35.76,412,3-digit,Professional occupations in education services
2018,New Brunswick,Median hourly wage rate,Full-time employees,Total - Gender,15 years and over,Current dollars,30.16,413,3-digit,Professional occupations in social and community services
2018,New Brunswick,Median hourly wage rate,Full-time employees,Total - Gender,15 years and over,Current dollars,30.91,414,3-digit,Professional occupations in government services
2018,New Brunswick,Median hourly wage rate,Full-time employees,Total - Gender,15 years and over,Current dollars,39.0,421,3-digit,Occupations in front-line public protection services
2018,New Brunswick,Median hourly wage rate,Full-time employees,Total - Gender,15 years and over,Current dollars,16.0,422,3-digit,"Paraprofessional occupations in legal, social, community and education services"
2018,Quebec,Median hourly wage rate,Full-time employees,Total - Gender,15 years and over,Current dollars,31.28,111,3-digit,Professional occupations in finance
2018,Quebec,Median hourly wage rate,Full-time employees,Total - Gender,15 years and over,Current dollars,33.33,112,3-digit,Professional occupations in business
2018,Quebec,Median hourly wage rate,Full-time employees,Total - Gender,15 years and over,Current dollars,36.69,211,3-digit,Professional occupations in natural sciences
2018,Quebec,Median hourly wage rate,Full-time employees,Total - Gender,15 years and over,Current dollars,35.77,212,3-digit,Professional occupations in applied sciences (except engineering)
2018,Quebec,Median hourly wage rate,Full-time employees,Total - Gender,15 years and over,Current dollars,39.42,213,3-digit,Professional occupations in engineering
2018,Quebec,Median hourly wage rate,Full-time employees,Total - Gender,15 years and over,Current dollars,41.03,311,3-digit,Health treating and consultation services professionals
2018,Quebec,Median hourly wage rate,Full-time employees,Total - Gender,15 years and over,Current dollars,36.0,312,3-digit,Therapy and assessment professionals
2018,Quebec,Median hourly wage rate,Full-time employees,Total - Gender,15 years and over,Current dollars,35.0,313,3-digit,Nursing and allied health professionals
2018,Quebec,Median hourly wage rate,Full-time employees,Total - Gender,15 years and over,Current dollars,50.48,411,3-digit,Professional occupations in law
2018,Quebec,Median hourly wage rate,Full-time employees,Total - Gender,15 years and over,Current dollars,39.06,412,3-digit,Professional occupations in education services
2018,Quebec,Median hourly wage rate,Full-time employees,Total - Gender,15 years and over,Current dollars,32.0,413,3-digit,Professional occupations in social and community services
2018,Quebec,Median hourly wage rate,Full-time employees,Total - Gender,15 years and over,Current dollars,35.0,414,3-digit,Professional occupations in government services
2018,Quebec,Median hourly wage rate,Full-time employees,Total - Gender,15 years and over,Current dollars,38.0,421,3-digit,Occupations in front-line public protection services
2018,Quebec,Median hourly wage rate,Full-time employees,Total - Gender,15 years and over,Current dollars,21.0,422,3-digit,"Paraprofessional occupations in legal, social, community and education services"
2018,Ontario,Median hourly wage rate,Full-time employees,Total - Gender,15 years and over,Current dollars,32.69,111,3-digit,Professional occupations in finance
2018,Ontario,Median hourly wage rate,Full-time employees,Total - Gender,15 years and over,Current dollars,32.97,112,3-digit,Professional occupations in business
2018,Ontario,Median hourly wage rate,Full-time employees,Total - Gender,15 years and over,Current dollars,42.1,211,3-digit,Professional occupations in natural sciences
2018,Ontario,Median hourly wage rate,Full-time employees,Total - Gender,15 years and over,Current dollars,39.21,212,3-digit,Professional occupations in applied sciences (except engineering)
2018,Ontario,Median hourly wage rate,Full-time employees,Total - Gender,15 years and over,Current dollars,40.38,213,3-digit,Professional occupations in engineering
2018,Ontario,Median hourly wage rate,Full-time employees,Total - Gender,15 years and over,Current dollars,41.21,311,3-digit,Health treating and consultation services professionals
2018,Ontario,Median hourly wage rate,Full-time employees,Total - Gender,15 years and over,Current dollars,43.59,312,3-digit,Therapy and assessment professionals
2018,Ontario,Median hourly wage rate,Full-time employees,Total - Gender,15 years and over,Current dollars,38.0,313,3-digit,Nursing and allied health professionals
2018,Ontario,Median hourly wage rate,Full-time employees,Total - Gender,15 years and over,Current dollars,53.85,411,3-digit,Professional occupations in law
2018,Ontario,Median hourly wage rate,Full-time employees,Total - Gender,15 years and over,Current dollars,43.27,412,3-digit,Professional occupations in education services
2018,Ontario,Median hourly wage rate,Full-time employees,Total - Gender,15 years and over,Current dollars,30.77,413,3-digit,Professional occupations in social and community services
2018,Ontario,Median hourly wage rate,Full-time employees,Total - Gender,15 years and over,Current dollars,40.57,414,3-digit,Professional occupations in government services
2018,Ontario,Median hourly wage rate,Full-time employees,Total - Gender,15 years and over,Current dollars,45.14,421,3-digit,Occupations in front-line public protection services
2018,Ontario,Median hourly wage rate,Full-time employees,Total - Gender,15 years and over,Current dollars,21.63,422,3-digit,"Paraprofessional occupations in legal, social, community and education services"
2018,Manitoba,Median hourly wage rate,Full-time employees,Total - Gender,15 years and over,Current dollars,33.65,111,3-digit,Professional occupations in finance
2018,Manitoba,Median hourly wage rate,Full-time employees,Total - Gender,15 years and over,Current dollars,29.26,112,3-digit,Professional occupations in business
2018,Manitoba,Median hourly wage rate,Full-time employees,Total - Gender,15 years and over,Current dollars,33.65,211,3-digit,Professional occupations in natural sciences
2018,Manitoba,Median hourly wage rate,Full-time employees,Total - Gender,15 years and over,Current dollars,35.9,212,3-digit,Professional occupations in applied sciences (except engineering)
2018,Manitoba,Median hourly wage rate,Full-time employees,Total - Gender,15 years and over,Current dollars,38.46,213,3-digit,Professional occupations in engineering
2018,Manitoba,Median hourly wage rate,Full-time employees,Total - Gender,15 years and over,Current dollars,42.0,311,3-digit,Health treating and consultation services professionals
2018,Manitoba,Median hourly wage rate,Full-time employees,Total - Gender,15 years and over,Current dollars,37.68,312,3-digit,Therapy and assessment professionals
2018,Manitoba,Median hourly wage rate,Full-time employees,Total - Gender,15 years and over,Current dollars,40.15,313,3-digit,Nursing and allied health professionals
2018,Manitoba,Median hourly wage rate,Full-time employees,Total - Gender,15 years and over,Current dollars,43.97,411,3-digit,Professional occupations in law
2018,Manitoba,Median hourly wage rate,Full-time employees,Total - Gender,15 years and over,Current dollars,38.46,412,3-digit,Professional occupations in education services
2018,Manitoba,Median hourly wage rate,Full-time employees,Total - Gender,15 years and over,Current dollars,31.25,413,3-digit,Professional occupations in social and community services
2018,Manitoba,Median hourly wage rate,Full-time employees,Total - Gender,15 years and over,Current dollars,35.0,414,3-digit,Professional occupations in government services
2018,Manitoba,Median hourly wage rate,Full-time employees,Total - Gender,15 years and over,Current dollars,43.96,421,3-digit,Occupations in front-line public protection services
2018,Manitoba,Median hourly wage rate,Full-time employees,Total - Gender,15 years and over,Current dollars,17.25,422,3-digit,"Paraprofessional occupations in legal, social, community and education services"
2018,Saskatchewan,Median hourly wage rate,Full-time employees,Total - Gender,15 years and over,Current dollars,34.56,111,3-digit,Professional occupations in finance
2018,Saskatchewan,Median hourly wage rate,Full-time employees,Total - Gender,15 years and over,Current dollars,36.85,112,3-digit,Professional occupations in business
2018,Saskatchewan,Median hourly wage rate,Full-time employees,Total - Gender,15 years and over,Current dollars,36.5,211,3-digit,Professional occupations in natural sciences
2018,Saskatchewan,Median hourly wage rate,Full-time employees,Total - Gender,15 years and over,Current dollars,38.0,212,3-digit,Professional occupations in applied sciences (except engineering)
2018,Saskatchewan,Median hourly wage rate,Full-time employees,Total - Gender,15 years and over,Current dollars,40.38,213,3-digit,Professional occupations in engineering
2018,Saskatchewan,Median hourly wage rate,Full-time employees,Total - Gender,15 years and over,Current dollars,45.9,311,3-digit,Health treating and consultation services professionals
2018,Saskatchewan,Median hourly wage rate,Full-time employees,Total - Gender,15 years and over,Current dollars,43.59,312,3-digit,Therapy and assessment professionals
2018,Saskatchewan,Median hourly wage rate,Full-time employees,Total - Gender,15 years and over,Current dollars,45.0,313,3-digit,Nursing and allied health professionals
2018,Saskatchewan,Median hourly wage rate,Full-time employees,Total - Gender,15 years and over,Current dollars,43.27,411,3-digit,Professional occupations in law
2018,Saskatchewan,Median hourly wage rate,Full-time employees,Total - Gender,15 years and over,Current dollars,38.46,412,3-digit,Professional occupations in education services
2018,Saskatchewan,Median hourly wage rate,Full-time employees,Total - Gender,15 years and over,Current dollars,31.25,413,3-digit,Professional occupations in social and community services
2018,Saskatchewan,Median hourly wage rate,Full-time employees,Total - Gender,15 years and over,Current dollars,38.46,414,3-digit,Professional occupations in government services
2018,Saskatchewan,Median hourly wage rate,Full-time employees,Total - Gender,15 years and over,Current dollars,43.82,421,3-digit,Occupations in front-line public protection services
2018,Saskatchewan,Median hourly wage rate,Full-time employees,Total - Gender,15 years and over,Current dollars,18.18,422,3-digit,"Paraprofessional occupations in legal, social, community and education services"
2018,Alberta,Median hourly wage rate,Full-time employees,Total - Gender,15 years and over,Current dollars,38.46,111,3-digit,Professional occupations in finance
2018,Alberta,Median hourly wage rate,Full-time employees,Total - Gender,15 years and over,Current dollars,38.0,112,3-digit,Professional occupations in business
2018,Alberta,Median hourly wage rate,Full-time employees,Total - Gender,15 years and over,Current dollars,42.0,211,3-digit,Professional occupations in natural sciences
2018,Alberta,Median hourly wage rate,Full-time employees,Total - Gender,15 years and over,Current dollars,42.67,212,3-digit,Professional occupations in applied sciences (except engineering)
2018,Alberta,Median hourly wage rate,Full-time employees,Total - Gender,15 years and over,Current dollars,55.0,213,3-digit,Professional occupations in engineering
2018,Alberta,Median hourly wage rate,Full-time employees,Total - Gender,15 years and over,Current dollars,46.15,311,3-digit,Health treating and consultation services professionals
2018,Alberta,Median hourly wage rate,Full-time employees,Total - Gender,15 years and over,Current dollars,45.57,312,3-digit,Therapy and assessment professionals
2018,Alberta,Median hourly wage rate,Full-time employees,Total - Gender,15 years and over,Current dollars,45.0,313,3-digit,Nursing and allied health professionals
2018,Alberta,Median hourly wage rate,Full-time employees,Total - Gender,15 years and over,Current dollars,57.69,411,3-digit,Professional occupations in law
2018,Alberta,Median hourly wage rate,Full-time employees,Total - Gender,15 years and over,Current dollars,40.11,412,3-digit,Professional occupations in education services
2018,Alberta,Median hourly wage rate,Full-time employees,Total - Gender,15 years and over,Current dollars,31.79,413,3-digit,Professional occupations in social and community services
2018,Alberta,Median hourly wage rate,Full-time employees,Total - Gender,15 years and over,Current dollars,46.47,414,3-digit,Professional occupations in government services
2018,Alberta,Median hourly wage rate,Full-time employees,Total - Gender,15 years and over,Current dollars,43.75,421,3-digit,Occupations in front-line public protection services
2018,Alberta,Median hourly wage rate,Full-time employees,Total - Gender,15 years and over,Current dollars,22.5,422,3-digit,"Paraprofessional occupations in legal, social, community and education services"
2018,British Columbia,Median hourly wage rate,Full-time employees,Total - Gender,15 years and over,Current dollars,33.65,111,3-digit,Professional occupations in finance
2018,British Columbia,Median hourly wage rate,Full-time employees,Total - Gender,15 years and over,Current dollars,33.0,112,3-digit,Professional occupations in business
2018,British Columbia,Median hourly wage rate,Full-time employees,Total - Gender,15 years and over,Current dollars,37.44,211,3-digit,Professional occupations in natural sciences
2018,British Columbia,Median hourly wage rate,Full-time employees,Total - Gender,15 years and over,Current dollars,38.47,212,3-digit,Professional occupations in applied sciences (except engineering)
2018,British Columbia,Median hourly wage rate,Full-time employees,Total - Gender,15 years and over,Current dollars,43.27,213,3-digit,Professional occupations in engineering
2018,British Columbia,Median hourly wage rate,Full-time employees,Total - Gender,15 years and over,Current dollars,40.0,311,3-digit,Health treating and consultation services professionals
2018,British Columbia,Median hourly wage rate,Full-time employees,Total - Gender,15 years and over,Current dollars,39.75,312,3-digit,Therapy and assessment professionals
2018,British Columbia,Median hourly wage rate,Full-time employees,Total - Gender,15 years and over,Current dollars,40.0,313,3-digit,Nursing and allied health professionals
2018,British Columbia,Median hourly wage rate,Full-time employees,Total - Gender,15 years and over,Current dollars,52.88,411,3-digit,Professional occupations in law
2018,British Columbia,Median hourly wage rate,Full-time employees,Total - Gender,15 years and over,Current dollars,36.06,412,3-digit,Professional occupations in education services
2018,British Columbia,Median hourly wage rate,Full-time employees,Total - Gender,15 years and over,Current dollars,31.0,413,3-digit,Professional occupations in social and community services
2018,British Columbia,Median hourly wage rate,Full-time employees,Total - Gender,15 years and over,Current dollars,34.62,414,3-digit,Professional occupations in government services
2018,British Columbia,Median hourly wage rate,Full-time employees,Total - Gender,15 years and over,Current dollars,41.4,421,3-digit,Occupations in front-line public protection services
2018,British Columbia,Median hourly wage rate,Full-time employees,Total - Gender,15 years and over,Current dollars,20.0,422,3-digit,"Paraprofessional occupations in legal, social, community and education services"
2019,Canada,Median hourly wage rate,Full-time employees,Total - Gender,15 years and over,Current dollars,33.65,111,3-digit,Professional occupations in finance
2019,Canada,Median hourly wage rate,Full-time employees,Total - Gender,15 years and over,Current dollars,34.07,112,3-digit,Professional occupations in business
2019,Canada,Median hourly wage rate,Full-time employees,Total - Gender,15 years and over,Current dollars,37.97,211,3-digit,Professional occupations in natural sciences
2019,Canada,Median hourly wage rate,Full-time employees,Total - Gender,15 years and over,Current dollars,39.9,212,3-digit,Professional occupations in applied sciences (except engineering)
2019,Canada,Median hourly wage rate,Full-time employees,Total - Gender,15 years and over,Current dollars,42.86,213,3-digit,Professional occupations in engineering
2019,Canada,Median hourly wage rate,Full-time employees,Total - Gender,15 years and over,Current dollars,44.22,311,3-digit,Health treating and consultation services professionals
2019,Canada,Median hourly wage rate,Full-time employees,Total - Gender,15 years and over,Current dollars,40.0,312,3-digit,Therapy and assessment professionals
2019,Canada,Median hourly wage rate,Full-time employees,Total - Gender,15 years and over,Current dollars,39.71,313,3-digit,Nursing and allied health professionals
2019,Canada,Median hourly wage rate,Full-time employees,Total - Gender,15 years and over,Current dollars,51.92,411,3-digit,Professional occupations in law
2019,Canada,Median hourly wage rate,Full-time employees,Total - Gender,15 years and over,Current dollars,40.38,412,3-digit,Professional occupations in education services
2019,Canada,Median hourly wage rate,Full-time employees,Total - Gender,15 years and over,Current dollars,32.69,413,3-digit,Professional occupations in social and community services
2019,Canada,Median hourly wage rate,Full-time employees,Total - Gender,15 years and over,Current dollars,37.08,414,3-digit,Professional occupations in government services
2019,Canada,Median hourly wage rate,Full-time employees,Total - Gender,15 years and over,Current dollars,44.0,421,3-digit,Occupations in front-line public protection services
2019,Canada,Median hourly wage rate,Full-time employees,Total - Gender,15 years and over,Current dollars,22.0,422,3-digit,"Paraprofessional occupations in legal, social, community and education services"
2019,Newfoundland and Labrador,Median hourly wage rate,Full-time employees,Total - Gender,15 years and over,Current dollars,35.0,111,3-digit,Professional occupations in finance
2019,Newfoundland and Labrador,Median hourly wage rate,Full-time employees,Total - Gender,15 years and over,Current dollars,28.85,112,3-digit,Professional occupations in business
2019,Newfoundland and Labrador,Median hourly wage rate,Full-time employees,Total - Gender,15 years and over,Current dollars,38.46,211,3-digit,Professional occupations in natural sciences
2019,Newfoundland and Labrador,Median hourly wage rate,Full-time employees,Total - Gender,15 years and over,Current dollars,36.06,212,3-digit,Professional occupations in applied sciences (except engineering)
2019,Newfoundland and Labrador,Median hourly wage rate,Full-time employees,Total - Gender,15 years and over,Current dollars,45.0,213,3-digit,Professional occupations in engineering
2019,Newfoundland and Labrador,Median hourly wage rate,Full-time employees,Total - Gender,15 years and over,Current dollars,45.5,311,3-digit,Health treating and consultation services professionals
2019,Newfoundland and Labrador,Median hourly wage rate,Full-time employees,Total - Gender,15 years and over,Current dollars,45.0,312,3-digit,Therapy and assessment professionals
2019,Newfoundland and Labrador,Median hourly wage rate,Full-time employees,Total - Gender,15 years and over,Current dollars,40.03,313,3-digit,Nursing and allied health professionals
2019,Newfoundland and Labrador,Median hourly wage rate,Full-time employees,Total - Gender,15 years and over,Current dollars,49.74,411,3-digit,Professional occupations in law
2019,Newfoundland and Labrador,Median hourly wage rate,Full-time employees,Total - Gender,15 years and over,Current dollars,38.46,412,3-digit,Professional occupations in education services
2019,Newfoundland and Labrador,Median hourly wage rate,Full-time employees,Total - Gender,15 years and over,Current dollars,36.92,413,3-digit,Professional occupations in social and community services
2019,Newfoundland and Labrador,Median hourly wage rate,Full-time employees,Total - Gender,15 years and over,Current dollars,37.39,414,3-digit,Professional occupations in government services
2019,Newfoundland and Labrador,Median hourly wage rate,Full-time employees,Total - Gender,15 years and over,Current dollars,42.07,421,3-digit,Occupations in front-line public protection services
2019,Newfoundland and Labrador,Median hourly wage rate,Full-time employees,Total - Gender,15 years and over,Current dollars,20.0,422,3-digit,"Paraprofessional occupations in legal, social, community and education services"
2019,Prince Edward Island,Median hourly wage rate,Full-time employees,Total - Gender,15 years and over,Current dollars,29.0,111,3-digit,Professional occupations in finance
2019,Prince Edward Island,Median hourly wage rate,Full-time employees,Total - Gender,15 years and over,Current dollars,26.0,112,3-digit,Professional occupations in business
2019,Prince Edward Island,Median hourly wage rate,Full-time employees,Total - Gender,15 years and over,Current dollars,28.85,211,3-digit,Professional occupations in natural sciences
2019,Prince Edward Island,Median hourly wage rate,Full-time employees,Total - Gender,15 years and over,Current dollars,36.16,212,3-digit,Professional occupations in applied sciences (except engineering)
2019,Prince Edward Island,Median hourly wage rate,Full-time employees,Total - Gender,15 years and over,Current dollars,32.21,213,3-digit,Professional occupations in engineering
2019,Prince Edward Island,Median hourly wage rate,Full-time employees,Total - Gender,15 years and over,Current dollars,46.15,311,3-digit,Health treating and consultation services professionals
2019,Prince Edward Island,Median hourly wage rate,Full-time employees,Total - Gender,15 years and over,Current dollars,,312,3-digit,Therapy and assessment professionals
2019,Prince Edward Island,Median hourly wage rate,Full-time employees,Total - Gender,15 years and over,Current dollars,40.0,313,3-digit,Nursing and allied health professionals
2019,Prince Edward Island,Median hourly wage rate,Full-time employees,Total - Gender,15 years and over,Current dollars,30.77,411,3-digit,Professional occupations in law
2019,Prince Edward Island,Median hourly wage rate,Full-time employees,Total - Gender,15 years and over,Current dollars,36.06,412,3-digit,Professional occupations in education services
2019,Prince Edward Island,Median hourly wage rate,Full-time employees,Total - Gender,15 years and over,Current dollars,30.0,413,3-digit,Professional occupations in social and community services
2019,Prince Edward Island,Median hourly wage rate,Full-time employees,Total - Gender,15 years and over,Current dollars,33.33,414,3-digit,Professional occupations in government services
2019,Prince Edward Island,Median hourly wage rate,Full-time employees,Total - Gender,15 years and over,Current dollars,37.19,421,3-digit,Occupations in front-line public protection services
2019,Prince Edward Island,Median hourly wage rate,Full-time employees,Total - Gender,15 years and over,Current dollars,21.0,422,3-digit,"Paraprofessional occupations in legal, social, community and education services"
2019,Nova Scotia,Median hourly wage rate,Full-time employees,Total - Gender,15 years and over,Current dollars,30.77,111,3-digit,Professional occupations in finance
2019,Nova Scotia,Median hourly wage rate,Full-time employees,Total - Gender,15 years and over,Current dollars,32.69,112,3-digit,Professional occupations in business
2019,Nova Scotia,Median hourly wage rate,Full-time employees,Total - Gender,15 years and over,Current dollars,38.0,211,3-digit,Professional occupations in natural sciences
2019,Nova Scotia,Median hourly wage rate,Full-time employees,Total - Gender,15 years and over,Current dollars,34.36,212,3-digit,Professional occupations in applied sciences (except engineering)
2019,Nova Scotia,Median hourly wage rate,Full-time employees,Total - Gender,15 years and over,Current dollars,35.1,213,3-digit,Professional occupations in engineering
2019,Nova Scotia,Median hourly wage rate,Full-time employees,Total - Gender,15 years and over,Current dollars,40.5,311,3-digit,Health treating and consultation services professionals
2019,Nova Scotia,Median hourly wage rate,Full-time employees,Total - Gender,15 years and over,Current dollars,37.0,312,3-digit,Therapy and assessment professionals
2019,Nova Scotia,Median hourly wage rate,Full-time employees,Total - Gender,15 years and over,Current dollars,39.0,313,3-digit,Nursing and allied health professionals
2019,Nova Scotia,Median hourly wage rate,Full-time employees,Total - Gender,15 years and over,Current dollars,51.92,411,3-digit,Professional occupations in law
2019,Nova Scotia,Median hourly wage rate,Full-time employees,Total - Gender,15 years and over,Current dollars,36.06,412,3-digit,Professional occupations in education services
2019,Nova Scotia,Median hourly wage rate,Full-time employees,Total - Gender,15 years and over,Current dollars,30.0,413,3-digit,Professional occupations in social and community services
2019,Nova Scotia,Median hourly wage rate,Full-time employees,Total - Gender,15 years and over,Current dollars,36.25,414,3-digit,Professional occupations in government services
2019,Nova Scotia,Median hourly wage rate,Full-time employees,Total - Gender,15 years and over,Current dollars,39.81,421,3-digit,Occupations in front-line public protection services
2019,Nova Scotia,Median hourly wage rate,Full-time employees,Total - Gender,15 years and over,Current dollars,19.5,422,3-digit,"Paraprofessional occupations in legal, social, community and education services"
2019,New Brunswick,Median hourly wage rate,Full-time employees,Total - Gender,15 years and over,Current dollars,28.21,111,3-digit,Professional occupations in finance
2019,New Brunswick,Median hourly wage rate,Full-time employees,Total - Gender,15 years and over,Current dollars,29.33,112,3-digit,Professional occupations in business
2019,New Brunswick,Median hourly wage rate,Full-time employees,Total - Gender,15 years and over,Current dollars,34.44,211,3-digit,Professional occupations in natural sciences
2019,New Brunswick,Median hourly wage rate,Full-time employees,Total - Gender,15 years and over,Current dollars,36.41,212,3-digit,Professional occupations in applied sciences (except engineering)
2019,New Brunswick,Median hourly wage rate,Full-time employees,Total - Gender,15 years and over,Current dollars,39.69,213,3-digit,Professional occupations in engineering
2019,New Brunswick,Median hourly wage rate,Full-time employees,Total - Gender,15 years and over,Current dollars,40.0,311,3-digit,Health treating and consultation services professionals
2019,New Brunswick,Median hourly wage rate,Full-time employees,Total - Gender,15 years and over,Current dollars,38.0,312,3-digit,Therapy and assessment professionals
2019,New Brunswick,Median hourly wage rate,Full-time employees,Total - Gender,15 years and over,Current dollars,39.52,313,3-digit,Nursing and allied health professionals
2019,New Brunswick,Median hourly wage rate,Full-time employees,Total - Gender,15 years and over,Current dollars,40.87,411,3-digit,Professional occupations in law
2019,New Brunswick,Median hourly wage rate,Full-time employees,Total - Gender,15 years and over,Current dollars,36.54,412,3-digit,Professional occupations in education services
2019,New Brunswick,Median hourly wage rate,Full-time employees,Total - Gender,15 years and over,Current dollars,30.92,413,3-digit,Professional occupations in social and community services
2019,New Brunswick,Median hourly wage rate,Full-time employees,Total - Gender,15 years and over,Current dollars,35.38,414,3-digit,Professional occupations in government services
2019,New Brunswick,Median hourly wage rate,Full-time employees,Total - Gender,15 years and over,Current dollars,38.03,421,3-digit,Occupations in front-line public protection services
2019,New Brunswick,Median hourly wage rate,Full-time employees,Total - Gender,15 years and over,Current dollars,16.6,422,3-digit,"Paraprofessional occupations in legal, social, community and education services"
2019,Quebec,Median hourly wage rate,Full-time employees,Total - Gender,15 years and over,Current dollars,32.97,111,3-digit,Professional occupations in finance
2019,Quebec,Median hourly wage rate,Full-time employees,Total - Gender,15 years and over,Current dollars,33.11,112,3-digit,Professional occupations in business
2019,Quebec,Median hourly wage rate,Full-time employees,Total - Gender,15 years and over,Current dollars,34.62,211,3-digit,Professional occupations in natural sciences
2019,Quebec,Median hourly wage rate,Full-time employees,Total - Gender,15 years and over,Current dollars,37.5,212,3-digit,Professional occupations in applied sciences (except engineering)
2019,Quebec,Median hourly wage rate,Full-time employees,Total - Gender,15 years and over,Current dollars,43.75,213,3-digit,Professional occupations in engineering
2019,Quebec,Median hourly wage rate,Full-time employees,Total - Gender,15 years and over,Current dollars,41.35,311,3-digit,Health treating and consultation services professionals
2019,Quebec,Median hourly wage rate,Full-time employees,Total - Gender,15 years and over,Current dollars,41.69,312,3-digit,Therapy and assessment professionals
2019,Quebec,Median hourly wage rate,Full-time employees,Total - Gender,15 years and over,Current dollars,37.04,313,3-digit,Nursing and allied health professionals
2019,Quebec,Median hourly wage rate,Full-time employees,Total - Gender,15 years and over,Current dollars,46.15,411,3-digit,Professional occupations in law
2019,Quebec,Median hourly wage rate,Full-time employees,Total - Gender,15 years and over,Current dollars,39.69,412,3-digit,Professional occupations in education services
2019,Quebec,Median hourly wage rate,Full-time employees,Total - Gender,15 years and over,Current dollars,33.0,413,3-digit,Professional occupations in social and community services
2019,Quebec,Median hourly wage rate,Full-time employees,Total - Gender,15 years and over,Current dollars,37.44,414,3-digit,Professional occupations in government services
2019,Quebec,Median hourly wage rate,Full-time employees,Total - Gender,15 years and over,Current dollars,43.96,421,3-digit,Occupations in front-line public protection services
2019,Quebec,Median hourly wage rate,Full-time employees,Total - Gender,15 years and over,Current dollars,23.0,422,3-digit,"Paraprofessional occupations in legal, social, community and education services"
2019,Ontario,Median hourly wage rate,Full-time employees,Total - Gender,15 years and over,Current dollars,33.85,111,3-digit,Professional occupations in finance
2019,Ontario,Median hourly wage rate,Full-time employees,Total - Gender,15 years and over,Current dollars,34.87,112,3-digit,Professional occupations in business
2019,Ontario,Median hourly wage rate,Full-time employees,Total - Gender,15 years and over,Current dollars,37.44,211,3-digit,Professional occupations in natural sciences
2019,Ontario,Median hourly wage rate,Full-time employees,Total - Gender,15 years and over,Current dollars,40.87,212,3-digit,Professional occupations in applied sciences (except engineering)
2019,Ontario,Median hourly wage rate,Full-time employees,Total - Gender,15 years and over,Current dollars,41.03,213,3-digit,Professional occupations in engineering
2019,Ontario,Median hourly wage rate,Full-time employees,Total - Gender,15 years and over,Current dollars,42.48,311,3-digit,Health treating and consultation services professionals
2019,Ontario,Median hourly wage rate,Full-time employees,Total - Gender,15 years and over,Current dollars,36.0,312,3-digit,Therapy and assessment professionals
2019,Ontario,Median hourly wage rate,Full-time employees,Total - Gender,15 years and over,Current dollars,39.78,313,3-digit,Nursing and allied health professionals
2019,Ontario,Median hourly wage rate,Full-time employees,Total - Gender,15 years and over,Current dollars,52.88,411,3-digit,Professional occupations in law
2019,Ontario,Median hourly wage rate,Full-time employees,Total - Gender,15 years and over,Current dollars,43.27,412,3-digit,Professional occupations in education services
2019,Ontario,Median hourly wage rate,Full-time employees,Total - Gender,15 years and over,Current dollars,32.0,413,3-digit,Professional occupations in social and community services
2019,Ontario,Median hourly wage rate,Full-time employees,Total - Gender,15 years and over,Current dollars,36.92,414,3-digit,Professional occupations in government services
2019,Ontario,Median hourly wage rate,Full-time employees,Total - Gender,15 years and over,Current dollars,45.67,421,3-digit,Occupations in front-line public protection services
2019,Ontario,Median hourly wage rate,Full-time employees,Total - Gender,15 years and over,Current dollars,23.06,422,3-digit,"Paraprofessional occupations in legal, social, community and education services"
2019,Manitoba,Median hourly wage rate,Full-time employees,Total - Gender,15 years and over,Current dollars,30.22,111,3-digit,Professional occupations in finance
2019,Manitoba,Median hourly wage rate,Full-time employees,Total - Gender,15 years and over,Current dollars,29.84,112,3-digit,Professional occupations in business
2019,Manitoba,Median hourly wage rate,Full-time employees,Total - Gender,15 years and over,Current dollars,34.13,211,3-digit,Professional occupations in natural sciences
2019,Manitoba,Median hourly wage rate,Full-time employees,Total - Gender,15 years and over,Current dollars,38.46,212,3-digit,Professional occupations in applied sciences (except engineering)
2019,Manitoba,Median hourly wage rate,Full-time employees,Total - Gender,15 years and over,Current dollars,43.27,213,3-digit,Professional occupations in engineering
2019,Manitoba,Median hourly wage rate,Full-time employees,Total - Gender,15 years and over,Current dollars,46.0,311,3-digit,Health treating and consultation services professionals
2019,Manitoba,Median hourly wage rate,Full-time employees,Total - Gender,15 years and over,Current dollars,39.0,312,3-digit,Therapy and assessment professionals
2019,Manitoba,Median hourly wage rate,Full-time employees,Total - Gender,15 years and over,Current dollars,42.0,313,3-digit,Nursing and allied health professionals
2019,Manitoba,Median hourly wage rate,Full-time employees,Total - Gender,15 years and over,Current dollars,43.27,411,3-digit,Professional occupations in law
2019,Manitoba,Median hourly wage rate,Full-time employees,Total - Gender,15 years and over,Current dollars,38.46,412,3-digit,Professional occupations in education services
2019,Manitoba,Median hourly wage rate,Full-time employees,Total - Gender,15 years and over,Current dollars,31.34,413,3-digit,Professional occupations in social and community services
2019,Manitoba,Median hourly wage rate,Full-time employees,Total - Gender,15 years and over,Current dollars,38.55,414,3-digit,Professional occupations in government services
2019,Manitoba,Median hourly wage rate,Full-time employees,Total - Gender,15 years and over,Current dollars,41.39,421,3-digit,Occupations in front-line public protection services
2019,Manitoba,Median hourly wage rate,Full-time employees,Total - Gender,15 years and over,Current dollars,17.8,422,3-digit,"Paraprofessional occupations in legal, social, community and education services"
2019,Saskatchewan,Median hourly wage rate,Full-time employees,Total - Gender,15 years and over,Current dollars,38.15,111,3-digit,Professional occupations in finance
2019,Saskatchewan,Median hourly wage rate,Full-time employees,Total - Gender,15 years and over,Current dollars,35.1,112,3-digit,Professional occupations in business
2019,Saskatchewan,Median hourly wage rate,Full-time employees,Total - Gender,15 years and over,Current dollars,39.16,211,3-digit,Professional occupations in natural sciences
2019,Saskatchewan,Median hourly wage rate,Full-time employees,Total - Gender,15 years and over,Current dollars,39.7,212,3-digit,Professional occupations in applied sciences (except engineering)
2019,Saskatchewan,Median hourly wage rate,Full-time employees,Total - Gender,15 years and over,Current dollars,42.91,213,3-digit,Professional occupations in engineering
2019,Saskatchewan,Median hourly wage rate,Full-time employees,Total - Gender,15 years and over,Current dollars,43.2,311,3-digit,Health treating and consultation services professionals
2019,Saskatchewan,Median hourly wage rate,Full-time employees,Total - Gender,15 years and over,Current dollars,41.78,312,3-digit,Therapy and assessment professionals
2019,Saskatchewan,Median hourly wage rate,Full-time employees,Total - Gender,15 years and over,Current dollars,44.16,313,3-digit,Nursing and allied health professionals
2019,Saskatchewan,Median hourly wage rate,Full-time employees,Total - Gender,15 years and over,Current dollars,38.46,411,3-digit,Professional occupations in law
2019,Saskatchewan,Median hourly wage rate,Full-time employees,Total - Gender,15 years and over,Current dollars,38.46,412,3-digit,Professional occupations in education services
2019,Saskatchewan,Median hourly wage rate,Full-time employees,Total - Gender,15 years and over,Current dollars,30.59,413,3-digit,Professional occupations in social and community services
2019,Saskatchewan,Median hourly wage rate,Full-time employees,Total - Gender,15 years and over,Current dollars,37.5,414,3-digit,Professional occupations in government services
2019,Saskatchewan,Median hourly wage rate,Full-time employees,Total - Gender,15 years and over,Current dollars,43.27,421,3-digit,Occupations in front-line public protection services
2019,Saskatchewan,Median hourly wage rate,Full-time employees,Total - Gender,15 years and over,Current dollars,20.0,422,3-digit,"Paraprofessional occupations in legal, social, community and education services"
2019,Alberta,Median hourly wage rate,Full-time employees,Total - Gender,15 years and over,Current dollars,42.31,111,3-digit,Professional occupations in finance
2019,Alberta,Median hourly wage rate,Full-time employees,Total - Gender,15 years and over,Current dollars,38.46,112,3-digit,Professional occupations in business
2019,Alberta,Median hourly wage rate,Full-time employees,Total - Gender,15 years and over,Current dollars,40.0,211,3-digit,Professional occupations in natural sciences
2019,Alberta,Median hourly wage rate,Full-time employees,Total - Gender,15 years and over,Current dollars,42.5,212,3-digit,Professional occupations in applied sciences (except engineering)
2019,Alberta,Median hourly wage rate,Full-time employees,Total - Gender,15 years and over,Current dollars,50.0,213,3-digit,Professional occupations in engineering
2019,Alberta,Median hourly wage rate,Full-time employees,Total - Gender,15 years and over,Current dollars,49.0,311,3-digit,Health treating and consultation services professionals
2019,Alberta,Median hourly wage rate,Full-time employees,Total - Gender,15 years and over,Current dollars,43.27,312,3-digit,Therapy and assessment professionals
2019,Alberta,Median hourly wage rate,Full-time employees,Total - Gender,15 years and over,Current dollars,45.0,313,3-digit,Nursing and allied health professionals
2019,Alberta,Median hourly wage rate,Full-time employees,Total - Gender,15 years and over,Current dollars,67.31,411,3-digit,Professional occupations in law
2019,Alberta,Median hourly wage rate,Full-time employees,Total - Gender,15 years and over,Current dollars,40.87,412,3-digit,Professional occupations in education services
2019,Alberta,Median hourly wage rate,Full-time employees,Total - Gender,15 years and over,Current dollars,35.4,413,3-digit,Professional occupations in social and community services
2019,Alberta,Median hourly wage rate,Full-time employees,Total - Gender,15 years and over,Current dollars,45.0,414,3-digit,Professional occupations in government services
2019,Alberta,Median hourly wage rate,Full-time employees,Total - Gender,15 years and over,Current dollars,46.15,421,3-digit,Occupations in front-line public protection services
2019,Alberta,Median hourly wage rate,Full-time employees,Total - Gender,15 years and over,Current dollars,20.0,422,3-digit,"Paraprofessional occupations in legal, social, community and education services"
2019,British Columbia,Median hourly wage rate,Full-time employees,Total - Gender,15 years and over,Current dollars,30.29,111,3-digit,Professional occupations in finance
2019,British Columbia,Median hourly wage rate,Full-time employees,Total - Gender,15 years and over,Current dollars,32.05,112,3-digit,Professional occupations in business
2019,British Columbia,Median hourly wage rate,Full-time employees,Total - Gender,15 years and over,Current dollars,39.56,211,3-digit,Professional occupations in natural sciences
2019,British Columbia,Median hourly wage rate,Full-time employees,Total - Gender,15 years and over,Current dollars,41.0,212,3-digit,Professional occupations in applied sciences (except engineering)
2019,British Columbia,Median hourly wage rate,Full-time employees,Total - Gender,15 years and over,Current dollars,42.5,213,3-digit,Professional occupations in engineering
2019,British Columbia,Median hourly wage rate,Full-time employees,Total - Gender,15 years and over,Current dollars,45.0,311,3-digit,Health treating and consultation services professionals
2019,British Columbia,Median hourly wage rate,Full-time employees,Total - Gender,15 years and over,Current dollars,40.95,312,3-digit,Therapy and assessment professionals
2019,British Columbia,Median hourly wage rate,Full-time employees,Total - Gender,15 years and over,Current dollars,40.0,313,3-digit,Nursing and allied health professionals
2019,British Columbia,Median hourly wage rate,Full-time employees,Total - Gender,15 years and over,Current dollars,49.45,411,3-digit,Professional occupations in law
2019,British Columbia,Median hourly wage rate,Full-time employees,Total - Gender,15 years and over,Current dollars,37.09,412,3-digit,Professional occupations in education services
2019,British Columbia,Median hourly wage rate,Full-time employees,Total - Gender,15 years and over,Current dollars,34.0,413,3-digit,Professional occupations in social and community services
2019,British Columbia,Median hourly wage rate,Full-time employees,Total - Gender,15 years and over,Current dollars,33.69,414,3-digit,Professional occupations in government services
2019,British Columbia,Median hourly wage rate,Full-time employees,Total - Gender,15 years and over,Current dollars,42.0,421,3-digit,Occupations in front-line public protection services
2019,British Columbia,Median hourly wage rate,Full-time employees,Total - Gender,15 years and over,Current dollars,21.14,422,3-digit,"Paraprofessional occupations in legal, social, community and education services"
2020,Canada,Median hourly wage rate,Full-time employees,Total - Gender,15 years and over,Current dollars,35.9,111,3-digit,Professional occupations in finance
2020,Canada,Median hourly wage rate,Full-time employees,Total - Gender,15 years and over,Current dollars,33.78,112,3-digit,Professional occupations in business
2020,Canada,Median hourly wage rate,Full-time employees,Total - Gender,15 years and over,Current dollars,38.0,211,3-digit,Professional occupations in natural sciences
2020,Canada,Median hourly wage rate,Full-time employees,Total - Gender,15 years and over,Current dollars,41.03,212,3-digit,Professional occupations in applied sciences (except engineering)
2020,Canada,Median hourly wage rate,Full-time employees,Total - Gender,15 years and over,Current dollars,44.71,213,3-digit,Professional occupations in engineering
2020,Canada,Median hourly wage rate,Full-time employees,Total - Gender,15 years and over,Current dollars,44.76,311,3-digit,Health treating and consultation services professionals
2020,Canada,Median hourly wage rate,Full-time employees,Total - Gender,15 years and over,Current dollars,42.0,312,3-digit,Therapy and assessment professionals
2020,Canada,Median hourly wage rate,Full-time employees,Total - Gender,15 years and over,Current dollars,40.0,313,3-digit,Nursing and allied health professionals
2020,Canada,Median hourly wage rate,Full-time employees,Total - Gender,15 years and over,Current dollars,52.88,411,3-digit,Professional occupations in law
2020,Canada,Median hourly wage rate,Full-time employees,Total - Gender,15 years and over,Current dollars,41.57,412,3-digit,Professional occupations in education services
2020,Canada,Median hourly wage rate,Full-time employees,Total - Gender,15 years and over,Current dollars,32.82,413,3-digit,Professional occupations in social and community services
2020,Canada,Median hourly wage rate,Full-time employees,Total - Gender,15 years and over,Current dollars,40.0,414,3-digit,Professional occupations in government services
2020,Canada,Median hourly wage rate,Full-time employees,Total - Gender,15 years and over,Current dollars,45.0,421,3-digit,Occupations in front-line public protection services
2020,Canada,Median hourly wage rate,Full-time employees,Total - Gender,15 years and over,Current dollars,22.35,422,3-digit,"Paraprofessional occupations in legal, social, community and education services"
2020,Newfoundland and Labrador,Median hourly wage rate,Full-time employees,Total - Gender,15 years and over,Current dollars,36.06,111,3-digit,Professional occupations in finance
2020,Newfoundland and Labrador,Median hourly wage rate,Full-time employees,Total - Gender,15 years and over,Current dollars,29.76,112,3-digit,Professional occupations in business
2020,Newfoundland and Labrador,Median hourly wage rate,Full-time employees,Total - Gender,15 years and over,Current dollars,42.05,211,3-digit,Professional occupations in natural sciences
2020,Newfoundland and Labrador,Median hourly wage rate,Full-time employees,Total - Gender,15 years and over,Current dollars,38.46,212,3-digit,Professional occupations in applied sciences (except engineering)
2020,Newfoundland and Labrador,Median hourly wage rate,Full-time employees,Total - Gender,15 years and over,Current dollars,51.53,213,3-digit,Professional occupations in engineering
2020,Newfoundland and Labrador,Median hourly wage rate,Full-time employees,Total - Gender,15 years and over,Current dollars,42.83,311,3-digit,Health treating and consultation services professionals
2020,Newfoundland and Labrador,Median hourly wage rate,Full-time employees,Total - Gender,15 years and over,Current dollars,45.0,312,3-digit,Therapy and assessment professionals
2020,Newfoundland and Labrador,Median hourly wage rate,Full-time employees,Total - Gender,15 years and over,Current dollars,41.0,313,3-digit,Nursing and allied health professionals
2020,Newfoundland and Labrador,Median hourly wage rate,Full-time employees,Total - Gender,15 years and over,Current dollars,37.95,411,3-digit,Professional occupations in law
2020,Newfoundland and Labrador,Median hourly wage rate,Full-time employees,Total - Gender,15 years and over,Current dollars,44.23,412,3-digit,Professional occupations in education services
2020,Newfoundland and Labrador,Median hourly wage rate,Full-time employees,Total - Gender,15 years and over,Current dollars,36.06,413,3-digit,Professional occupations in social and community services
2020,Newfoundland and Labrador,Median hourly wage rate,Full-time employees,Total - Gender,15 years and over,Current dollars,40.06,414,3-digit,Professional occupations in government services
2020,Newfoundland and Labrador,Median hourly wage rate,Full-time employees,Total - Gender,15 years and over,Current dollars,43.75,421,3-digit,Occupations in front-line public protection services
2020,Newfoundland and Labrador,Median hourly wage rate,Full-time employees,Total - Gender,15 years and over,Current dollars,19.71,422,3-digit,"Paraprofessional occupations in legal, social, community and education services"
2020,Prince Edward Island,Median hourly wage rate,Full-time employees,Total - Gender,15 years and over,Current dollars,32.82,111,3-digit,Professional occupations in finance
2020,Prince Edward Island,Median hourly wage rate,Full-time employees,Total - Gender,15 years and over,Current dollars,28.92,112,3-digit,Professional occupations in business
2020,Prince Edward Island,Median hourly wage rate,Full-time employees,Total - Gender,15 years and over,Current dollars,34.0,211,3-digit,Professional occupations in natural sciences
2020,Prince Edward Island,Median hourly wage rate,Full-time employees,Total - Gender,15 years and over,Current dollars,32.97,212,3-digit,Professional occupations in applied sciences (except engineering)
2020,Prince Edward Island,Median hourly wage rate,Full-time employees,Total - Gender,15 years and over,Current dollars,32.0,213,3-digit,Professional occupations in engineering
2020,Prince Edward Island,Median hourly wage rate,Full-time employees,Total - Gender,15 years and over,Current dollars,46.67,311,3-digit,Health treating and consultation services professionals
2020,Prince Edward Island,Median hourly wage rate,Full-time employees,Total - Gender,15 years and over,Current dollars,,312,3-digit,Therapy and assessment professionals
2020,Prince Edward Island,Median hourly wage rate,Full-time employees,Total - Gender,15 years and over,Current dollars,40.32,313,3-digit,Nursing and allied health professionals
2020,Prince Edward Island,Median hourly wage rate,Full-time employees,Total - Gender,15 years and over,Current dollars,,411,3-digit,Professional occupations in law
2020,Prince Edward Island,Median hourly wage rate,Full-time employees,Total - Gender,15 years and over,Current dollars,36.92,412,3-digit,Professional occupations in education services
2020,Prince Edward Island,Median hourly wage rate,Full-time employees,Total - Gender,15 years and over,Current dollars,31.0,413,3-digit,Professional occupations in social and community services
2020,Prince Edward Island,Median hourly wage rate,Full-time employees,Total - Gender,15 years and over,Current dollars,37.0,414,3-digit,Professional occupations in government services
2020,Prince Edward Island,Median hourly wage rate,Full-time employees,Total - Gender,15 years and over,Current dollars,43.27,421,3-digit,Occupations in front-line public protection services
2020,Prince Edward Island,Median hourly wage rate,Full-time employees,Total - Gender,15 years and over,Current dollars,20.56,422,3-digit,"Paraprofessional occupations in legal, social, community and education services"
2020,Nova Scotia,Median hourly wage rate,Full-time employees,Total - Gender,15 years and over,Current dollars,28.85,111,3-digit,Professional occupations in finance
2020,Nova Scotia,Median hourly wage rate,Full-time employees,Total - Gender,15 years and over,Current dollars,30.77,112,3-digit,Professional occupations in business
2020,Nova Scotia,Median hourly wage rate,Full-time employees,Total - Gender,15 years and over,Current dollars,42.05,211,3-digit,Professional occupations in natural sciences
2020,Nova Scotia,Median hourly wage rate,Full-time employees,Total - Gender,15 years and over,Current dollars,36.54,212,3-digit,Professional occupations in applied sciences (except engineering)
2020,Nova Scotia,Median hourly wage rate,Full-time employees,Total - Gender,15 years and over,Current dollars,36.92,213,3-digit,Professional occupations in engineering
2020,Nova Scotia,Median hourly wage rate,Full-time employees,Total - Gender,15 years and over,Current dollars,45.0,311,3-digit,Health treating and consultation services professionals
2020,Nova Scotia,Median hourly wage rate,Full-time employees,Total - Gender,15 years and over,Current dollars,39.0,312,3-digit,Therapy and assessment professionals
2020,Nova Scotia,Median hourly wage rate,Full-time employees,Total - Gender,15 years and over,Current dollars,39.0,313,3-digit,Nursing and allied health professionals
2020,Nova Scotia,Median hourly wage rate,Full-time employees,Total - Gender,15 years and over,Current dollars,43.27,411,3-digit,Professional occupations in law
2020,Nova Scotia,Median hourly wage rate,Full-time employees,Total - Gender,15 years and over,Current dollars,36.06,412,3-digit,Professional occupations in education services
2020,Nova Scotia,Median hourly wage rate,Full-time employees,Total - Gender,15 years and over,Current dollars,26.67,413,3-digit,Professional occupations in social and community services
2020,Nova Scotia,Median hourly wage rate,Full-time employees,Total - Gender,15 years and over,Current dollars,36.02,414,3-digit,Professional occupations in government services
2020,Nova Scotia,Median hourly wage rate,Full-time employees,Total - Gender,15 years and over,Current dollars,37.0,421,3-digit,Occupations in front-line public protection services
2020,Nova Scotia,Median hourly wage rate,Full-time employees,Total - Gender,15 years and over,Current dollars,20.0,422,3-digit,"Paraprofessional occupations in legal, social, community and education services"
2020,New Brunswick,Median hourly wage rate,Full-time employees,Total - Gender,15 years and over,Current dollars,31.46,111,3-digit,Professional occupations in finance
2020,New Brunswick,Median hourly wage rate,Full-time employees,Total - Gender,15 years and over,Current dollars,31.25,112,3-digit,Professional occupations in business
2020,New Brunswick,Median hourly wage rate,Full-time employees,Total - Gender,15 years and over,Current dollars,38.57,211,3-digit,Professional occupations in natural sciences
2020,New Brunswick,Median hourly wage rate,Full-time employees,Total - Gender,15 years and over,Current dollars,38.46,212,3-digit,Professional occupations in applied sciences (except engineering)
2020,New Brunswick,Median hourly wage rate,Full-time employees,Total - Gender,15 years and over,Current dollars,41.03,213,3-digit,Professional occupations in engineering
2020,New Brunswick,Median hourly wage rate,Full-time employees,Total - Gender,15 years and over,Current dollars,46.0,311,3-digit,Health treating and consultation services professionals
2020,New Brunswick,Median hourly wage rate,Full-time employees,Total - Gender,15 years and over,Current dollars,38.0,312,3-digit,Therapy and assessment professionals
2020,New Brunswick,Median hourly wage rate,Full-time employees,Total - Gender,15 years and over,Current dollars,39.57,313,3-digit,Nursing and allied health professionals
2020,New Brunswick,Median hourly wage rate,Full-time employees,Total - Gender,15 years and over,Current dollars,50.48,411,3-digit,Professional occupations in law
2020,New Brunswick,Median hourly wage rate,Full-time employees,Total - Gender,15 years and over,Current dollars,36.38,412,3-digit,Professional occupations in education services
2020,New Brunswick,Median hourly wage rate,Full-time employees,Total - Gender,15 years and over,Current dollars,32.31,413,3-digit,Professional occupations in social and community services
2020,New Brunswick,Median hourly wage rate,Full-time employees,Total - Gender,15 years and over,Current dollars,34.05,414,3-digit,Professional occupations in government services
2020,New Brunswick,Median hourly wage rate,Full-time employees,Total - Gender,15 years and over,Current dollars,38.0,421,3-digit,Occupations in front-line public protection services
2020,New Brunswick,Median hourly wage rate,Full-time employees,Total - Gender,15 years and over,Current dollars,17.0,422,3-digit,"Paraprofessional occupations in legal, social, community and education services"
2020,Quebec,Median hourly wage rate,Full-time employees,Total - Gender,15 years and over,Current dollars,34.62,111,3-digit,Professional occupations in finance
2020,Quebec,Median hourly wage rate,Full-time employees,Total - Gender,15 years and over,Current dollars,33.06,112,3-digit,Professional occupations in business
2020,Quebec,Median hourly wage rate,Full-time employees,Total - Gender,15 years and over,Current dollars,33.0,211,3-digit,Professional occupations in natural sciences
2020,Quebec,Median hourly wage rate,Full-time employees,Total - Gender,15 years and over,Current dollars,39.9,212,3-digit,Professional occupations in applied sciences (except engineering)
2020,Quebec,Median hourly wage rate,Full-time employees,Total - Gender,15 years and over,Current dollars,44.0,213,3-digit,Professional occupations in engineering
2020,Quebec,Median hourly wage rate,Full-time employees,Total - Gender,15 years and over,Current dollars,39.56,311,3-digit,Health treating and consultation services professionals
2020,Quebec,Median hourly wage rate,Full-time employees,Total - Gender,15 years and over,Current dollars,41.62,312,3-digit,Therapy and assessment professionals
2020,Quebec,Median hourly wage rate,Full-time employees,Total - Gender,15 years and over,Current dollars,37.5,313,3-digit,Nursing and allied health professionals
2020,Quebec,Median hourly wage rate,Full-time employees,Total - Gender,15 years and over,Current dollars,46.15,411,3-digit,Professional occupations in law
2020,Quebec,Median hourly wage rate,Full-time employees,Total - Gender,15 years and over,Current dollars,39.67,412,3-digit,Professional occupations in education services
2020,Quebec,Median hourly wage rate,Full-time employees,Total - Gender,15 years and over,Current dollars,37.0,413,3-digit,Professional occupations in social and community services
2020,Quebec,Median hourly wage rate,Full-time employees,Total - Gender,15 years and over,Current dollars,38.0,414,3-digit,Professional occupations in government services
2020,Quebec,Median hourly wage rate,Full-time employees,Total - Gender,15 years and over,Current dollars,38.46,421,3-digit,Occupations in front-line public protection services
2020,Quebec,Median hourly wage rate,Full-time employees,Total - Gender,15 years and over,Current dollars,23.0,422,3-digit,"Paraprofessional occupations in legal, social, community and education services"
2020,Ontario,Median hourly wage rate,Full-time employees,Total - Gender,15 years and over,Current dollars,36.06,111,3-digit,Professional occupations in finance
2020,Ontario,Median hourly wage rate,Full-time employees,Total - Gender,15 years and over,Current dollars,35.71,112,3-digit,Professional occupations in business
2020,Ontario,Median hourly wage rate,Full-time employees,Total - Gender,15 years and over,Current dollars,38.46,211,3-digit,Professional occupations in natural sciences
2020,Ontario,Median hourly wage rate,Full-time employees,Total - Gender,15 years and over,Current dollars,42.31,212,3-digit,Professional occupations in applied sciences (except engineering)
2020,Ontario,Median hourly wage rate,Full-time employees,Total - Gender,15 years and over,Current dollars,43.08,213,3-digit,Professional occupations in engineering
2020,Ontario,Median hourly wage rate,Full-time employees,Total - Gender,15 years and over,Current dollars,43.59,311,3-digit,Health treating and consultation services professionals
2020,Ontario,Median hourly wage rate,Full-time employees,Total - Gender,15 years and over,Current dollars,42.41,312,3-digit,Therapy and assessment professionals
2020,Ontario,Median hourly wage rate,Full-time employees,Total - Gender,15 years and over,Current dollars,40.0,313,3-digit,Nursing and allied health professionals
2020,Ontario,Median hourly wage rate,Full-time employees,Total - Gender,15 years and over,Current dollars,55.29,411,3-digit,Professional occupations in law
2020,Ontario,Median hourly wage rate,Full-time employees,Total - Gender,15 years and over,Current dollars,44.87,412,3-digit,Professional occupations in education services
2020,Ontario,Median hourly wage rate,Full-time employees,Total - Gender,15 years and over,Current dollars,31.0,413,3-digit,Professional occupations in social and community services
2020,Ontario,Median hourly wage rate,Full-time employees,Total - Gender,15 years and over,Current dollars,41.03,414,3-digit,Professional occupations in government services
2020,Ontario,Median hourly wage rate,Full-time employees,Total - Gender,15 years and over,Current dollars,48.08,421,3-digit,Occupations in front-line public protection services
2020,Ontario,Median hourly wage rate,Full-time employees,Total - Gender,15 years and over,Current dollars,24.0,422,3-digit,"Paraprofessional occupations in legal, social, community and education services"
2020,Manitoba,Median hourly wage rate,Full-time employees,Total - Gender,15 years and over,Current dollars,34.86,111,3-digit,Professional occupations in finance
2020,Manitoba,Median hourly wage rate,Full-time employees,Total - Gender,15 years and over,Current dollars,30.77,112,3-digit,Professional occupations in business
2020,Manitoba,Median hourly wage rate,Full-time employees,Total - Gender,15 years and over,Current dollars,38.46,211,3-digit,Professional occupations in natural sciences
2020,Manitoba,Median hourly wage rate,Full-time employees,Total - Gender,15 years and over,Current dollars,38.94,212,3-digit,Professional occupations in applied sciences (except engineering)
2020,Manitoba,Median hourly wage rate,Full-time employees,Total - Gender,15 years and over,Current dollars,42.31,213,3-digit,Professional occupations in engineering
2020,Manitoba,Median hourly wage rate,Full-time employees,Total - Gender,15 years and over,Current dollars,47.55,311,3-digit,Health treating and consultation services professionals
2020,Manitoba,Median hourly wage rate,Full-time employees,Total - Gender,15 years and over,Current dollars,39.6,312,3-digit,Therapy and assessment professionals
2020,Manitoba,Median hourly wage rate,Full-time employees,Total - Gender,15 years and over,Current dollars,42.0,313,3-digit,Nursing and allied health professionals
2020,Manitoba,Median hourly wage rate,Full-time employees,Total - Gender,15 years and over,Current dollars,62.5,411,3-digit,Professional occupations in law
2020,Manitoba,Median hourly wage rate,Full-time employees,Total - Gender,15 years and over,Current dollars,40.38,412,3-digit,Professional occupations in education services
2020,Manitoba,Median hourly wage rate,Full-time employees,Total - Gender,15 years and over,Current dollars,32.71,413,3-digit,Professional occupations in social and community services
2020,Manitoba,Median hourly wage rate,Full-time employees,Total - Gender,15 years and over,Current dollars,38.15,414,3-digit,Professional occupations in government services
2020,Manitoba,Median hourly wage rate,Full-time employees,Total - Gender,15 years and over,Current dollars,45.0,421,3-digit,Occupations in front-line public protection services
2020,Manitoba,Median hourly wage rate,Full-time employees,Total - Gender,15 years and over,Current dollars,18.22,422,3-digit,"Paraprofessional occupations in legal, social, community and education services"
2020,Saskatchewan,Median hourly wage rate,Full-time employees,Total - Gender,15 years and over,Current dollars,41.21,111,3-digit,Professional occupations in finance
2020,Saskatchewan,Median hourly wage rate,Full-time employees,Total - Gender,15 years and over,Current dollars,32.5,112,3-digit,Professional occupations in business
2020,Saskatchewan,Median hourly wage rate,Full-time employees,Total - Gender,15 years and over,Current dollars,37.44,211,3-digit,Professional occupations in natural sciences
2020,Saskatchewan,Median hourly wage rate,Full-time employees,Total - Gender,15 years and over,Current dollars,41.45,212,3-digit,Professional occupations in applied sciences (except engineering)
2020,Saskatchewan,Median hourly wage rate,Full-time employees,Total - Gender,15 years and over,Current dollars,50.77,213,3-digit,Professional occupations in engineering
2020,Saskatchewan,Median hourly wage rate,Full-time employees,Total - Gender,15 years and over,Current dollars,48.08,311,3-digit,Health treating and consultation services professionals
2020,Saskatchewan,Median hourly wage rate,Full-time employees,Total - Gender,15 years and over,Current dollars,41.83,312,3-digit,Therapy and assessment professionals
2020,Saskatchewan,Median hourly wage rate,Full-time employees,Total - Gender,15 years and over,Current dollars,45.0,313,3-digit,Nursing and allied health professionals
2020,Saskatchewan,Median hourly wage rate,Full-time employees,Total - Gender,15 years and over,Current dollars,57.69,411,3-digit,Professional occupations in law
2020,Saskatchewan,Median hourly wage rate,Full-time employees,Total - Gender,15 years and over,Current dollars,40.87,412,3-digit,Professional occupations in education services
2020,Saskatchewan,Median hourly wage rate,Full-time employees,Total - Gender,15 years and over,Current dollars,32.31,413,3-digit,Professional occupations in social and community services
2020,Saskatchewan,Median hourly wage rate,Full-time employees,Total - Gender,15 years and over,Current dollars,37.75,414,3-digit,Professional occupations in government services
2020,Saskatchewan,Median hourly wage rate,Full-time employees,Total - Gender,15 years and over,Current dollars,43.27,421,3-digit,Occupations in front-line public protection services
2020,Saskatchewan,Median hourly wage rate,Full-time employees,Total - Gender,15 years and over,Current dollars,20.0,422,3-digit,"Paraprofessional occupations in legal, social, community and education services"
2020,Alberta,Median hourly wage rate,Full-time employees,Total - Gender,15 years and over,Current dollars,40.0,111,3-digit,Professional occupations in finance
2020,Alberta,Median hourly wage rate,Full-time employees,Total - Gender,15 years and over,Current dollars,40.0,112,3-digit,Professional occupations in business
2020,Alberta,Median hourly wage rate,Full-time employees,Total - Gender,15 years and over,Current dollars,48.08,211,3-digit,Professional occupations in natural sciences
2020,Alberta,Median hourly wage rate,Full-time employees,Total - Gender,15 years and over,Current dollars,43.49,212,3-digit,Professional occupations in applied sciences (except engineering)
2020,Alberta,Median hourly wage rate,Full-time employees,Total - Gender,15 years and over,Current dollars,52.88,213,3-digit,Professional occupations in engineering
2020,Alberta,Median hourly wage rate,Full-time employees,Total - Gender,15 years and over,Current dollars,48.0,311,3-digit,Health treating and consultation services professionals
2020,Alberta,Median hourly wage rate,Full-time employees,Total - Gender,15 years and over,Current dollars,49.0,312,3-digit,Therapy and assessment professionals
2020,Alberta,Median hourly wage rate,Full-time employees,Total - Gender,15 years and over,Current dollars,45.0,313,3-digit,Nursing and allied health professionals
2020,Alberta,Median hourly wage rate,Full-time employees,Total - Gender,15 years and over,Current dollars,66.67,411,3-digit,Professional occupations in law
2020,Alberta,Median hourly wage rate,Full-time employees,Total - Gender,15 years and over,Current dollars,41.57,412,3-digit,Professional occupations in education services
2020,Alberta,Median hourly wage rate,Full-time employees,Total - Gender,15 years and over,Current dollars,30.77,413,3-digit,Professional occupations in social and community services
2020,Alberta,Median hourly wage rate,Full-time employees,Total - Gender,15 years and over,Current dollars,45.19,414,3-digit,Professional occupations in government services
2020,Alberta,Median hourly wage rate,Full-time employees,Total - Gender,15 years and over,Current dollars,47.6,421,3-digit,Occupations in front-line public protection services
2020,Alberta,Median hourly wage rate,Full-time employees,Total - Gender,15 years and over,Current dollars,22.0,422,3-digit,"Paraprofessional occupations in legal, social, community and education services"
2020,British Columbia,Median hourly wage rate,Full-time employees,Total - Gender,15 years and over,Current dollars,33.33,111,3-digit,Professional occupations in finance
2020,British Columbia,Median hourly wage rate,Full-time employees,Total - Gender,15 years and over,Current dollars,32.97,112,3-digit,Professional occupations in business
2020,British Columbia,Median hourly wage rate,Full-time employees,Total - Gender,15 years and over,Current dollars,35.9,211,3-digit,Professional occupations in natural sciences
2020,British Columbia,Median hourly wage rate,Full-time employees,Total - Gender,15 years and over,Current dollars,43.08,212,3-digit,Professional occupations in applied sciences (except engineering)
2020,British Columbia,Median hourly wage rate,Full-time employees,Total - Gender,15 years and over,Current dollars,41.83,213,3-digit,Professional occupations in engineering
2020,British Columbia,Median hourly wage rate,Full-time employees,Total - Gender,15 years and over,Current dollars,43.0,311,3-digit,Health treating and consultation services professionals
2020,British Columbia,Median hourly wage rate,Full-time employees,Total - Gender,15 years and over,Current dollars,42.56,312,3-digit,Therapy and assessment professionals
2020,British Columbia,Median hourly wage rate,Full-time employees,Total - Gender,15 years and over,Current dollars,41.0,313,3-digit,Nursing and allied health professionals
2020,British Columbia,Median hourly wage rate,Full-time employees,Total - Gender,15 years and over,Current dollars,48.08,411,3-digit,Professional occupations in law
2020,British Columbia,Median hourly wage rate,Full-time employees,Total - Gender,15 years and over,Current dollars,38.46,412,3-digit,Professional occupations in education services
2020,British Columbia,Median hourly wage rate,Full-time employees,Total - Gender,15 years and over,Current dollars,30.29,413,3-digit,Professional occupations in social and community services
2020,British Columbia,Median hourly wage rate,Full-time employees,Total - Gender,15 years and over,Current dollars,38.35,414,3-digit,Professional occupations in government services
2020,British Columbia,Median hourly wage rate,Full-time employees,Total - Gender,15 years and over,Current dollars,45.0,421,3-digit,Occupations in front-line public protection services
2020,British Columbia,Median hourly wage rate,Full-time employees,Total - Gender,15 years and over,Current dollars,22.0,422,3-digit,"Paraprofessional occupations in legal, social, community and education services"
2021,Canada,Median hourly wage rate,Full-time employees,Total - Gender,15 years and over,Current dollars,38.46,111,3-digit,Professional occupations in finance
2021,Canada,Median hourly wage rate,Full-time employees,Total - Gender,15 years and over,Current dollars,35.58,112,3-digit,Professional occupations in business
2021,Canada,Median hourly wage rate,Full-time employees,Total - Gender,15 years and over,Current dollars,40.87,211,3-digit,Professional occupations in natural sciences
2021,Canada,Median hourly wage rate,Full-time employees,Total - Gender,15 years and over,Current dollars,42.73,212,3-digit,Professional occupations in applied sciences (except engineering)
2021,Canada,Median hourly wage rate,Full-time employees,Total - Gender,15 years and over,Current dollars,43.27,213,3-digit,Professional occupations in engineering
2021,Canada,Median hourly wage rate,Full-time employees,Total - Gender,15 years and over,Current dollars,43.27,311,3-digit,Health treating and consultation services professionals
2021,Canada,Median hourly wage rate,Full-time employees,Total - Gender,15 years and over,Current dollars,40.5,312,3-digit,Therapy and assessment professionals
2021,Canada,Median hourly wage rate,Full-time employees,Total - Gender,15 years and over,Current dollars,40.0,313,3-digit,Nursing and allied health professionals
2021,Canada,Median hourly wage rate,Full-time employees,Total - Gender,15 years and over,Current dollars,54.49,411,3-digit,Professional occupations in law
2021,Canada,Median hourly wage rate,Full-time employees,Total - Gender,15 years and over,Current dollars,42.31,412,3-digit,Professional occupations in education services
2021,Canada,Median hourly wage rate,Full-time employees,Total - Gender,15 years and over,Current dollars,33.65,413,3-digit,Professional occupations in social and community services
2021,Canada,Median hourly wage rate,Full-time employees,Total - Gender,15 years and over,Current dollars,40.73,414,3-digit,Professional occupations in government services
2021,Canada,Median hourly wage rate,Full-time employees,Total - Gender,15 years and over,Current dollars,46.0,421,3-digit,Occupations in front-line public protection services
2021,Canada,Median hourly wage rate,Full-time employees,Total - Gender,15 years and over,Current dollars,23.0,422,3-digit,"Paraprofessional occupations in legal, social, community and education services"
2021,Newfoundland and Labrador,Median hourly wage rate,Full-time employees,Total - Gender,15 years and over,Current dollars,35.71,111,3-digit,Professional occupations in finance
2021,Newfoundland and Labrador,Median hourly wage rate,Full-time employees,Total - Gender,15 years and over,Current dollars,36.02,112,3-digit,Professional occupations in business
2021,Newfoundland and Labrador,Median hourly wage rate,Full-time employees,Total - Gender,15 years and over,Current dollars,47.25,211,3-digit,Professional occupations in natural sciences
2021,Newfoundland and Labrador,Median hourly wage rate,Full-time employees,Total - Gender,15 years and over,Current dollars,38.46,212,3-digit,Professional occupations in applied sciences (except engineering)
2021,Newfoundland and Labrador,Median hourly wage rate,Full-time employees,Total - Gender,15 years and over,Current dollars,47.18,213,3-digit,Professional occupations in engineering
2021,Newfoundland and Labrador,Median hourly wage rate,Full-time employees,Total - Gender,15 years and over,Current dollars,42.0,311,3-digit,Health treating and consultation services professionals
2021,Newfoundland and Labrador,Median hourly wage rate,Full-time employees,Total - Gender,15 years and over,Current dollars,43.89,312,3-digit,Therapy and assessment professionals
2021,Newfoundland and Labrador,Median hourly wage rate,Full-time employees,Total - Gender,15 years and over,Current dollars,41.83,313,3-digit,Nursing and allied health professionals
2021,Newfoundland and Labrador,Median hourly wage rate,Full-time employees,Total - Gender,15 years and over,Current dollars,69.78,411,3-digit,Professional occupations in law
2021,Newfoundland and Labrador,Median hourly wage rate,Full-time employees,Total - Gender,15 years and over,Current dollars,43.27,412,3-digit,Professional occupations in education services
2021,Newfoundland and Labrador,Median hourly wage rate,Full-time employees,Total - Gender,15 years and over,Current dollars,38.46,413,3-digit,Professional occupations in social and community services
2021,Newfoundland and Labrador,Median hourly wage rate,Full-time employees,Total - Gender,15 years and over,Current dollars,44.23,414,3-digit,Professional occupations in government services
2021,Newfoundland and Labrador,Median hourly wage rate,Full-time employees,Total - Gender,15 years and over,Current dollars,45.67,421,3-digit,Occupations in front-line public protection services
2021,Newfoundland and Labrador,Median hourly wage rate,Full-time employees,Total - Gender,15 years and over,Current dollars,21.5,422,3-digit,"Paraprofessional occupations in legal, social, community and education services"
2021,Prince Edward Island,Median hourly wage rate,Full-time employees,Total - Gender,15 years and over,Current dollars,33.75,111,3-digit,Professional occupations in finance
2021,Prince Edward Island,Median hourly wage rate,Full-time employees,Total - Gender,15 years and over,Current dollars,29.44,112,3-digit,Professional occupations in business
2021,Prince Edward Island,Median hourly wage rate,Full-time employees,Total - Gender,15 years and over,Current dollars,30.77,211,3-digit,Professional occupations in natural sciences
2021,Prince Edward Island,Median hourly wage rate,Full-time employees,Total - Gender,15 years and over,Current dollars,38.46,212,3-digit,Professional occupations in applied sciences (except engineering)
2021,Prince Edward Island,Median hourly wage rate,Full-time employees,Total - Gender,15 years and over,Current dollars,30.05,213,3-digit,Professional occupations in engineering
2021,Prince Edward Island,Median hourly wage rate,Full-time employees,Total - Gender,15 years and over,Current dollars,46.0,311,3-digit,Health treating and consultation services professionals
2021,Prince Edward Island,Median hourly wage rate,Full-time employees,Total - Gender,15 years and over,Current dollars,35.9,312,3-digit,Therapy and assessment professionals
2021,Prince Edward Island,Median hourly wage rate,Full-time employees,Total - Gender,15 years and over,Current dollars,38.46,313,3-digit,Nursing and allied health professionals
2021,Prince Edward Island,Median hourly wage rate,Full-time employees,Total - Gender,15 years and over,Current dollars,,411,3-digit,Professional occupations in law
2021,Prince Edward Island,Median hourly wage rate,Full-time employees,Total - Gender,15 years and over,Current dollars,38.94,412,3-digit,Professional occupations in education services
2021,Prince Edward Island,Median hourly wage rate,Full-time employees,Total - Gender,15 years and over,Current dollars,35.49,413,3-digit,Professional occupations in social and community services
2021,Prince Edward Island,Median hourly wage rate,Full-time employees,Total - Gender,15 years and over,Current dollars,38.46,414,3-digit,Professional occupations in government services
2021,Prince Edward Island,Median hourly wage rate,Full-time employees,Total - Gender,15 years and over,Current dollars,45.66,421,3-digit,Occupations in front-line public protection services
2021,Prince Edward Island,Median hourly wage rate,Full-time employees,Total - Gender,15 years and over,Current dollars,21.0,422,3-digit,"Paraprofessional occupations in legal, social, community and education services"
2021,Nova Scotia,Median hourly wage rate,Full-time employees,Total - Gender,15 years and over,Current dollars,29.74,111,3-digit,Professional occupations in finance
2021,Nova Scotia,Median hourly wage rate,Full-time employees,Total - Gender,15 years and over,Current dollars,29.36,112,3-digit,Professional occupations in business
2021,Nova Scotia,Median hourly wage rate,Full-time employees,Total - Gender,15 years and over,Current dollars,39.56,211,3-digit,Professional occupations in natural sciences
2021,Nova Scotia,Median hourly wage rate,Full-time employees,Total - Gender,15 years and over,Current dollars,38.46,212,3-digit,Professional occupations in applied sciences (except engineering)
2021,Nova Scotia,Median hourly wage rate,Full-time employees,Total - Gender,15 years and over,Current dollars,44.1,213,3-digit,Professional occupations in engineering
2021,Nova Scotia,Median hourly wage rate,Full-time employees,Total - Gender,15 years and over,Current dollars,45.0,311,3-digit,Health treating and consultation services professionals
2021,Nova Scotia,Median hourly wage rate,Full-time employees,Total - Gender,15 years and over,Current dollars,38.0,312,3-digit,Therapy and assessment professionals
2021,Nova Scotia,Median hourly wage rate,Full-time employees,Total - Gender,15 years and over,Current dollars,40.0,313,3-digit,Nursing and allied health professionals
2021,Nova Scotia,Median hourly wage rate,Full-time employees,Total - Gender,15 years and over,Current dollars,65.49,411,3-digit,Professional occupations in law
2021,Nova Scotia,Median hourly wage rate,Full-time employees,Total - Gender,15 years and over,Current dollars,37.98,412,3-digit,Professional occupations in education services
2021,Nova Scotia,Median hourly wage rate,Full-time employees,Total - Gender,15 years and over,Current dollars,31.0,413,3-digit,Professional occupations in social and community services
2021,Nova Scotia,Median hourly wage rate,Full-time employees,Total - Gender,15 years and over,Current dollars,36.25,414,3-digit,Professional occupations in government services
2021,Nova Scotia,Median hourly wage rate,Full-time employees,Total - Gender,15 years and over,Current dollars,41.83,421,3-digit,Occupations in front-line public protection services
2021,Nova Scotia,Median hourly wage rate,Full-time employees,Total - Gender,15 years and over,Current dollars,19.71,422,3-digit,"Paraprofessional occupations in legal, social, community and education services"
2021,New Brunswick,Median hourly wage rate,Full-time employees,Total - Gender,15 years and over,Current dollars,31.25,111,3-digit,Professional occupations in finance
2021,New Brunswick,Median hourly wage rate,Full-time employees,Total - Gender,15 years and over,Current dollars,31.79,112,3-digit,Professional occupations in business
2021,New Brunswick,Median hourly wage rate,Full-time employees,Total - Gender,15 years and over,Current dollars,35.0,211,3-digit,Professional occupations in natural sciences
2021,New Brunswick,Median hourly wage rate,Full-time employees,Total - Gender,15 years and over,Current dollars,34.79,212,3-digit,Professional occupations in applied sciences (except engineering)
2021,New Brunswick,Median hourly wage rate,Full-time employees,Total - Gender,15 years and over,Current dollars,46.7,213,3-digit,Professional occupations in engineering
2021,New Brunswick,Median hourly wage rate,Full-time employees,Total - Gender,15 years and over,Current dollars,39.8,311,3-digit,Health treating and consultation services professionals
2021,New Brunswick,Median hourly wage rate,Full-time employees,Total - Gender,15 years and over,Current dollars,37.0,312,3-digit,Therapy and assessment professionals
2021,New Brunswick,Median hourly wage rate,Full-time employees,Total - Gender,15 years and over,Current dollars,39.57,313,3-digit,Nursing and allied health professionals
2021,New Brunswick,Median hourly wage rate,Full-time employees,Total - Gender,15 years and over,Current dollars,52.88,411,3-digit,Professional occupations in law
2021,New Brunswick,Median hourly wage rate,Full-time employees,Total - Gender,15 years and over,Current dollars,38.46,412,3-digit,Professional occupations in education services
2021,New Brunswick,Median hourly wage rate,Full-time employees,Total - Gender,15 years and over,Current dollars,32.0,413,3-digit,Professional occupations in social and community services
2021,New Brunswick,Median hourly wage rate,Full-time employees,Total - Gender,15 years and over,Current dollars,36.1,414,3-digit,Professional occupations in government services
2021,New Brunswick,Median hourly wage rate,Full-time employees,Total - Gender,15 years and over,Current dollars,40.0,421,3-digit,Occupations in front-line public protection services
2021,New Brunswick,Median hourly wage rate,Full-time employees,Total - Gender,15 years and over,Current dollars,19.0,422,3-digit,"Paraprofessional occupations in legal, social, community and education services"
2021,Quebec,Median hourly wage rate,Full-time employees,Total - Gender,15 years and over,Current dollars,36.06,111,3-digit,Professional occupations in finance
2021,Quebec,Median hourly wage rate,Full-time employees,Total - Gender,15 years and over,Current dollars,35.2,112,3-digit,Professional occupations in business
2021,Quebec,Median hourly wage rate,Full-time employees,Total - Gender,15 years and over,Current dollars,38.98,211,3-digit,Professional occupations in natural sciences
2021,Quebec,Median hourly wage rate,Full-time employees,Total - Gender,15 years and over,Current dollars,41.54,212,3-digit,Professional occupations in applied sciences (except engineering)
2021,Quebec,Median hourly wage rate,Full-time employees,Total - Gender,15 years and over,Current dollars,44.1,213,3-digit,Professional occupations in engineering
2021,Quebec,Median hourly wage rate,Full-time employees,Total - Gender,15 years and over,Current dollars,39.56,311,3-digit,Health treating and consultation services professionals
2021,Quebec,Median hourly wage rate,Full-time employees,Total - Gender,15 years and over,Current dollars,36.0,312,3-digit,Therapy and assessment professionals
2021,Quebec,Median hourly wage rate,Full-time employees,Total - Gender,15 years and over,Current dollars,38.4,313,3-digit,Nursing and allied health professionals
2021,Quebec,Median hourly wage rate,Full-time employees,Total - Gender,15 years and over,Current dollars,50.48,411,3-digit,Professional occupations in law
2021,Quebec,Median hourly wage rate,Full-time employees,Total - Gender,15 years and over,Current dollars,39.64,412,3-digit,Professional occupations in education services
2021,Quebec,Median hourly wage rate,Full-time employees,Total - Gender,15 years and over,Current dollars,37.0,413,3-digit,Professional occupations in social and community services
2021,Quebec,Median hourly wage rate,Full-time employees,Total - Gender,15 years and over,Current dollars,40.0,414,3-digit,Professional occupations in government services
2021,Quebec,Median hourly wage rate,Full-time employees,Total - Gender,15 years and over,Current dollars,44.23,421,3-digit,Occupations in front-line public protection services
2021,Quebec,Median hourly wage rate,Full-time employees,Total - Gender,15 years and over,Current dollars,24.0,422,3-digit,"Paraprofessional occupations in legal, social, community and education services"
2021,Ontario,Median hourly wage rate,Full-time employees,Total - Gender,15 years and over,Current dollars,38.46,111,3-digit,Professional occupations in finance
2021,Ontario,Median hourly wage rate,Full-time employees,Total - Gender,15 years and over,Current dollars,36.06,112,3-digit,Professional occupations in business
2021,Ontario,Median hourly wage rate,Full-time employees,Total - Gender,15 years and over,Current dollars,41.76,211,3-digit,Professional occupations in natural sciences
2021,Ontario,Median hourly wage rate,Full-time employees,Total - Gender,15 years and over,Current dollars,43.0,212,3-digit,Professional occupations in applied sciences (except engineering)
2021,Ontario,Median hourly wage rate,Full-time employees,Total - Gender,15 years and over,Current dollars,40.87,213,3-digit,Professional occupations in engineering
2021,Ontario,Median hourly wage rate,Full-time employees,Total - Gender,15 years and over,Current dollars,42.74,311,3-digit,Health treating and consultation services professionals
2021,Ontario,Median hourly wage rate,Full-time employees,Total - Gender,15 years and over,Current dollars,42.0,312,3-digit,Therapy and assessment professionals
2021,Ontario,Median hourly wage rate,Full-time employees,Total - Gender,15 years and over,Current dollars,38.74,313,3-digit,Nursing and allied health professionals
2021,Ontario,Median hourly wage rate,Full-time employees,Total - Gender,15 years and over,Current dollars,57.5,411,3-digit,Professional occupations in law
2021,Ontario,Median hourly wage rate,Full-time employees,Total - Gender,15 years and over,Current dollars,45.67,412,3-digit,Professional occupations in education services
2021,Ontario,Median hourly wage rate,Full-time employees,Total - Gender,15 years and over,Current dollars,31.0,413,3-digit,Professional occupations in social and community services
2021,Ontario,Median hourly wage rate,Full-time employees,Total - Gender,15 years and over,Current dollars,41.58,414,3-digit,Professional occupations in government services
2021,Ontario,Median hourly wage rate,Full-time employees,Total - Gender,15 years and over,Current dollars,48.53,421,3-digit,Occupations in front-line public protection services
2021,Ontario,Median hourly wage rate,Full-time employees,Total - Gender,15 years and over,Current dollars,23.6,422,3-digit,"Paraprofessional occupations in legal, social, community and education services"
2021,Manitoba,Median hourly wage rate,Full-time employees,Total - Gender,15 years and over,Current dollars,35.05,111,3-digit,Professional occupations in finance
2021,Manitoba,Median hourly wage rate,Full-time employees,Total - Gender,15 years and over,Current dollars,30.77,112,3-digit,Professional occupations in business
2021,Manitoba,Median hourly wage rate,Full-time employees,Total - Gender,15 years and over,Current dollars,41.03,211,3-digit,Professional occupations in natural sciences
2021,Manitoba,Median hourly wage rate,Full-time employees,Total - Gender,15 years and over,Current dollars,38.46,212,3-digit,Professional occupations in applied sciences (except engineering)
2021,Manitoba,Median hourly wage rate,Full-time employees,Total - Gender,15 years and over,Current dollars,38.94,213,3-digit,Professional occupations in engineering
2021,Manitoba,Median hourly wage rate,Full-time employees,Total - Gender,15 years and over,Current dollars,48.21,311,3-digit,Health treating and consultation services professionals
2021,Manitoba,Median hourly wage rate,Full-time employees,Total - Gender,15 years and over,Current dollars,35.5,312,3-digit,Therapy and assessment professionals
2021,Manitoba,Median hourly wage rate,Full-time employees,Total - Gender,15 years and over,Current dollars,42.0,313,3-digit,Nursing and allied health professionals
2021,Manitoba,Median hourly wage rate,Full-time employees,Total - Gender,15 years and over,Current dollars,43.27,411,3-digit,Professional occupations in law
2021,Manitoba,Median hourly wage rate,Full-time employees,Total - Gender,15 years and over,Current dollars,41.54,412,3-digit,Professional occupations in education services
2021,Manitoba,Median hourly wage rate,Full-time employees,Total - Gender,15 years and over,Current dollars,33.03,413,3-digit,Professional occupations in social and community services
2021,Manitoba,Median hourly wage rate,Full-time employees,Total - Gender,15 years and over,Current dollars,35.9,414,3-digit,Professional occupations in government services
2021,Manitoba,Median hourly wage rate,Full-time employees,Total - Gender,15 years and over,Current dollars,45.0,421,3-digit,Occupations in front-line public protection services
2021,Manitoba,Median hourly wage rate,Full-time employees,Total - Gender,15 years and over,Current dollars,19.0,422,3-digit,"Paraprofessional occupations in legal, social, community and education services"
2021,Saskatchewan,Median hourly wage rate,Full-time employees,Total - Gender,15 years and over,Current dollars,38.97,111,3-digit,Professional occupations in finance
2021,Saskatchewan,Median hourly wage rate,Full-time employees,Total - Gender,15 years and over,Current dollars,38.46,112,3-digit,Professional occupations in business
2021,Saskatchewan,Median hourly wage rate,Full-time employees,Total - Gender,15 years and over,Current dollars,38.46,211,3-digit,Professional occupations in natural sciences
2021,Saskatchewan,Median hourly wage rate,Full-time employees,Total - Gender,15 years and over,Current dollars,38.73,212,3-digit,Professional occupations in applied sciences (except engineering)
2021,Saskatchewan,Median hourly wage rate,Full-time employees,Total - Gender,15 years and over,Current dollars,43.27,213,3-digit,Professional occupations in engineering
2021,Saskatchewan,Median hourly wage rate,Full-time employees,Total - Gender,15 years and over,Current dollars,47.5,311,3-digit,Health treating and consultation services professionals
2021,Saskatchewan,Median hourly wage rate,Full-time employees,Total - Gender,15 years and over,Current dollars,44.0,312,3-digit,Therapy and assessment professionals
2021,Saskatchewan,Median hourly wage rate,Full-time employees,Total - Gender,15 years and over,Current dollars,46.0,313,3-digit,Nursing and allied health professionals
2021,Saskatchewan,Median hourly wage rate,Full-time employees,Total - Gender,15 years and over,Current dollars,45.67,411,3-digit,Professional occupations in law
2021,Saskatchewan,Median hourly wage rate,Full-time employees,Total - Gender,15 years and over,Current dollars,41.54,412,3-digit,Professional occupations in education services
2021,Saskatchewan,Median hourly wage rate,Full-time employees,Total - Gender,15 years and over,Current dollars,32.5,413,3-digit,Professional occupations in social and community services
2021,Saskatchewan,Median hourly wage rate,Full-time employees,Total - Gender,15 years and over,Current dollars,41.21,414,3-digit,Professional occupations in government services
2021,Saskatchewan,Median hourly wage rate,Full-time employees,Total - Gender,15 years and over,Current dollars,49.04,421,3-digit,Occupations in front-line public protection services
2021,Saskatchewan,Median hourly wage rate,Full-time employees,Total - Gender,15 years and over,Current dollars,21.0,422,3-digit,"Paraprofessional occupations in legal, social, community and education services"
2021,Alberta,Median hourly wage rate,Full-time employees,Total - Gender,15 years and over,Current dollars,43.59,111,3-digit,Professional occupations in finance
2021,Alberta,Median hourly wage rate,Full-time employees,Total - Gender,15 years and over,Current dollars,40.0,112,3-digit,Professional occupations in business
2021,Alberta,Median hourly wage rate,Full-time employees,Total - Gender,15 years and over,Current dollars,45.13,211,3-digit,Professional occupations in natural sciences
2021,Alberta,Median hourly wage rate,Full-time employees,Total - Gender,15 years and over,Current dollars,43.45,212,3-digit,Professional occupations in applied sciences (except engineering)
2021,Alberta,Median hourly wage rate,Full-time employees,Total - Gender,15 years and over,Current dollars,51.92,213,3-digit,Professional occupations in engineering
2021,Alberta,Median hourly wage rate,Full-time employees,Total - Gender,15 years and over,Current dollars,48.08,311,3-digit,Health treating and consultation services professionals
2021,Alberta,Median hourly wage rate,Full-time employees,Total - Gender,15 years and over,Current dollars,46.0,312,3-digit,Therapy and assessment professionals
2021,Alberta,Median hourly wage rate,Full-time employees,Total - Gender,15 years and over,Current dollars,45.0,313,3-digit,Nursing and allied health professionals
2021,Alberta,Median hourly wage rate,Full-time employees,Total - Gender,15 years and over,Current dollars,43.27,411,3-digit,Professional occupations in law
2021,Alberta,Median hourly wage rate,Full-time employees,Total - Gender,15 years and over,Current dollars,44.11,412,3-digit,Professional occupations in education services
2021,Alberta,Median hourly wage rate,Full-time employees,Total - Gender,15 years and over,Current dollars,35.1,413,3-digit,Professional occupations in social and community services
2021,Alberta,Median hourly wage rate,Full-time employees,Total - Gender,15 years and over,Current dollars,43.59,414,3-digit,Professional occupations in government services
2021,Alberta,Median hourly wage rate,Full-time employees,Total - Gender,15 years and over,Current dollars,46.0,421,3-digit,Occupations in front-line public protection services
2021,Alberta,Median hourly wage rate,Full-time employees,Total - Gender,15 years and over,Current dollars,22.77,422,3-digit,"Paraprofessional occupations in legal, social, community and education services"
2021,British Columbia,Median hourly wage rate,Full-time employees,Total - Gender,15 years and over,Current dollars,38.46,111,3-digit,Professional occupations in finance
2021,British Columbia,Median hourly wage rate,Full-time employees,Total - Gender,15 years and over,Current dollars,33.0,112,3-digit,Professional occupations in business
2021,British Columbia,Median hourly wage rate,Full-time employees,Total - Gender,15 years and over,Current dollars,40.0,211,3-digit,Professional occupations in natural sciences
2021,British Columbia,Median hourly wage rate,Full-time employees,Total - Gender,15 years and over,Current dollars,45.0,212,3-digit,Professional occupations in applied sciences (except engineering)
2021,British Columbia,Median hourly wage rate,Full-time employees,Total - Gender,15 years and over,Current dollars,42.0,213,3-digit,Professional occupations in engineering
2021,British Columbia,Median hourly wage rate,Full-time employees,Total - Gender,15 years and over,Current dollars,43.0,311,3-digit,Health treating and consultation services professionals
2021,British Columbia,Median hourly wage rate,Full-time employees,Total - Gender,15 years and over,Current dollars,38.5,312,3-digit,Therapy and assessment professionals
2021,British Columbia,Median hourly wage rate,Full-time employees,Total - Gender,15 years and over,Current dollars,40.39,313,3-digit,Nursing and allied health professionals
2021,British Columbia,Median hourly wage rate,Full-time employees,Total - Gender,15 years and over,Current dollars,56.93,411,3-digit,Professional occupations in law
2021,British Columbia,Median hourly wage rate,Full-time employees,Total - Gender,15 years and over,Current dollars,37.5,412,3-digit,Professional occupations in education services
2021,British Columbia,Median hourly wage rate,Full-time employees,Total - Gender,15 years and over,Current dollars,35.9,413,3-digit,Professional occupations in social and community services
2021,British Columbia,Median hourly wage rate,Full-time employees,Total - Gender,15 years and over,Current dollars,39.56,414,3-digit,Professional occupations in government services
2021,British Columbia,Median hourly wage rate,Full-time employees,Total - Gender,15 years and over,Current dollars,44.71,421,3-digit,Occupations in front-line public protection services
2021,British Columbia,Median hourly wage rate,Full-time employees,Total - Gender,15 years and over,Current dollars,22.8,422,3-digit,"Paraprofessional occupations in legal, social, community and education services"
2022,Canada,Median hourly wage rate,Full-time employees,Total - Gender,15 years and over,Current dollars,38.46,111,3-digit,Professional occupations in finance
2022,Canada,Median hourly wage rate,Full-time employees,Total - Gender,15 years and over,Current dollars,35.9,112,3-digit,Professional occupations in business
2022,Canada,Median hourly wage rate,Full-time employees,Total - Gender,15 years and over,Current dollars,40.0,211,3-digit,Professional occupations in natural sciences
2022,Canada,Median hourly wage rate,Full-time employees,Total - Gender,15 years and over,Current dollars,45.12,212,3-digit,Professional occupations in applied sciences (except engineering)
2022,Canada,Median hourly wage rate,Full-time employees,Total - Gender,15 years and over,Current dollars,47.62,213,3-digit,Professional occupations in engineering
2022,Canada,Median hourly wage rate,Full-time employees,Total - Gender,15 years and over,Current dollars,46.15,311,3-digit,Health treating and consultation services professionals
2022,Canada,Median hourly wage rate,Full-time employees,Total - Gender,15 years and over,Current dollars,42.0,312,3-digit,Therapy and assessment professionals
2022,Canada,Median hourly wage rate,Full-time employees,Total - Gender,15 years and over,Current dollars,42.0,313,3-digit,Nursing and allied health professionals
2022,Canada,Median hourly wage rate,Full-time employees,Total - Gender,15 years and over,Current dollars,57.95,411,3-digit,Professional occupations in law
2022,Canada,Median hourly wage rate,Full-time employees,Total - Gender,15 years and over,Current dollars,43.27,412,3-digit,Professional occupations in education services
2022,Canada,Median hourly wage rate,Full-time employees,Total - Gender,15 years and over,Current dollars,33.85,413,3-digit,Professional occupations in social and community services
2022,Canada,Median hourly wage rate,Full-time employees,Total - Gender,15 years and over,Current dollars,40.0,414,3-digit,Professional occupations in government services
2022,Canada,Median hourly wage rate,Full-time employees,Total - Gender,15 years and over,Current dollars,48.56,421,3-digit,Occupations in front-line public protection services
2022,Canada,Median hourly wage rate,Full-time employees,Total - Gender,15 years and over,Current dollars,24.0,422,3-digit,"Paraprofessional occupations in legal, social, community and education services"
2022,Newfoundland and Labrador,Median hourly wage rate,Full-time employees,Total - Gender,15 years and over,Current dollars,37.91,111,3-digit,Professional occupations in finance
2022,Newfoundland and Labrador,Median hourly wage rate,Full-time employees,Total - Gender,15 years and over,Current dollars,37.36,112,3-digit,Professional occupations in business
2022,Newfoundland and Labrador,Median hourly wage rate,Full-time employees,Total - Gender,15 years and over,Current dollars,41.21,211,3-digit,Professional occupations in natural sciences
2022,Newfoundland and Labrador,Median hourly wage rate,Full-time employees,Total - Gender,15 years and over,Current dollars,40.0,212,3-digit,Professional occupations in applied sciences (except engineering)
2022,Newfoundland and Labrador,Median hourly wage rate,Full-time employees,Total - Gender,15 years and over,Current dollars,46.63,213,3-digit,Professional occupations in engineering
2022,Newfoundland and Labrador,Median hourly wage rate,Full-time employees,Total - Gender,15 years and over,Current dollars,44.5,311,3-digit,Health treating and consultation services professionals
2022,Newfoundland and Labrador,Median hourly wage rate,Full-time employees,Total - Gender,15 years and over,Current dollars,43.82,312,3-digit,Therapy and assessment professionals
2022,Newfoundland and Labrador,Median hourly wage rate,Full-time employees,Total - Gender,15 years and over,Current dollars,42.0,313,3-digit,Nursing and allied health professionals
2022,Newfoundland and Labrador,Median hourly wage rate,Full-time employees,Total - Gender,15 years and over,Current dollars,70.67,411,3-digit,Professional occupations in law
2022,Newfoundland and Labrador,Median hourly wage rate,Full-time employees,Total - Gender,15 years and over,Current dollars,45.67,412,3-digit,Professional occupations in education services
2022,Newfoundland and Labrador,Median hourly wage rate,Full-time employees,Total - Gender,15 years and over,Current dollars,36.0,413,3-digit,Professional occupations in social and community services
2022,Newfoundland and Labrador,Median hourly wage rate,Full-time employees,Total - Gender,15 years and over,Current dollars,42.0,414,3-digit,Professional occupations in government services
2022,Newfoundland and Labrador,Median hourly wage rate,Full-time employees,Total - Gender,15 years and over,Current dollars,40.87,421,3-digit,Occupations in front-line public protection services
2022,Newfoundland and Labrador,Median hourly wage rate,Full-time employees,Total - Gender,15 years and over,Current dollars,21.0,422,3-digit,"Paraprofessional occupations in legal, social, community and education services"
2022,Prince Edward Island,Median hourly wage rate,Full-time employees,Total - Gender,15 years and over,Current dollars,37.44,111,3-digit,Professional occupations in finance
2022,Prince Edward Island,Median hourly wage rate,Full-time employees,Total - Gender,15 years and over,Current dollars,33.33,112,3-digit,Professional occupations in business
2022,Prince Edward Island,Median hourly wage rate,Full-time employees,Total - Gender,15 years and over,Current dollars,34.22,211,3-digit,Professional occupations in natural sciences
2022,Prince Edward Island,Median hourly wage rate,Full-time employees,Total - Gender,15 years and over,Current dollars,34.87,212,3-digit,Professional occupations in applied sciences (except engineering)
2022,Prince Edward Island,Median hourly wage rate,Full-time employees,Total - Gender,15 years and over,Current dollars,41.0,213,3-digit,Professional occupations in engineering
2022,Prince Edward Island,Median hourly wage rate,Full-time employees,Total - Gender,15 years and over,Current dollars,48.08,311,3-digit,Health treating and consultation services professionals
2022,Prince Edward Island,Median hourly wage rate,Full-time employees,Total - Gender,15 years and over,Current dollars,41.73,312,3-digit,Therapy and assessment professionals
2022,Prince Edward Island,Median hourly wage rate,Full-time employees,Total - Gender,15 years and over,Current dollars,41.03,313,3-digit,Nursing and allied health professionals
2022,Prince Edward Island,Median hourly wage rate,Full-time employees,Total - Gender,15 years and over,Current dollars,,411,3-digit,Professional occupations in law
2022,Prince Edward Island,Median hourly wage rate,Full-time employees,Total - Gender,15 years and over,Current dollars,38.46,412,3-digit,Professional occupations in education services
2022,Prince Edward Island,Median hourly wage rate,Full-time employees,Total - Gender,15 years and over,Current dollars,30.0,413,3-digit,Professional occupations in social and community services
2022,Prince Edward Island,Median hourly wage rate,Full-time employees,Total - Gender,15 years and over,Current dollars,37.0,414,3-digit,Professional occupations in government services
2022,Prince Edward Island,Median hourly wage rate,Full-time employees,Total - Gender,15 years and over,Current dollars,48.0,421,3-digit,Occupations in front-line public protection services
2022,Prince Edward Island,Median hourly wage rate,Full-time employees,Total - Gender,15 years and over,Current dollars,26.0,422,3-digit,"Paraprofessional occupations in legal, social, community and education services"
2022,Nova Scotia,Median hourly wage rate,Full-time employees,Total - Gender,15 years and over,Current dollars,33.79,111,3-digit,Professional occupations in finance
2022,Nova Scotia,Median hourly wage rate,Full-time employees,Total - Gender,15 years and over,Current dollars,31.69,112,3-digit,Professional occupations in business
2022,Nova Scotia,Median hourly wage rate,Full-time employees,Total - Gender,15 years and over,Current dollars,39.07,211,3-digit,Professional occupations in natural sciences
2022,Nova Scotia,Median hourly wage rate,Full-time employees,Total - Gender,15 years and over,Current dollars,38.46,212,3-digit,Professional occupations in applied sciences (except engineering)
2022,Nova Scotia,Median hourly wage rate,Full-time employees,Total - Gender,15 years and over,Current dollars,39.26,213,3-digit,Professional occupations in engineering
2022,Nova Scotia,Median hourly wage rate,Full-time employees,Total - Gender,15 years and over,Current dollars,42.0,311,3-digit,Health treating and consultation services professionals
2022,Nova Scotia,Median hourly wage rate,Full-time employees,Total - Gender,15 years and over,Current dollars,40.4,312,3-digit,Therapy and assessment professionals
2022,Nova Scotia,Median hourly wage rate,Full-time employees,Total - Gender,15 years and over,Current dollars,40.87,313,3-digit,Nursing and allied health professionals
2022,Nova Scotia,Median hourly wage rate,Full-time employees,Total - Gender,15 years and over,Current dollars,51.68,411,3-digit,Professional occupations in law
2022,Nova Scotia,Median hourly wage rate,Full-time employees,Total - Gender,15 years and over,Current dollars,38.46,412,3-digit,Professional occupations in education services
2022,Nova Scotia,Median hourly wage rate,Full-time employees,Total - Gender,15 years and over,Current dollars,30.0,413,3-digit,Professional occupations in social and community services
2022,Nova Scotia,Median hourly wage rate,Full-time employees,Total - Gender,15 years and over,Current dollars,38.46,414,3-digit,Professional occupations in government services
2022,Nova Scotia,Median hourly wage rate,Full-time employees,Total - Gender,15 years and over,Current dollars,44.58,421,3-digit,Occupations in front-line public protection services
2022,Nova Scotia,Median hourly wage rate,Full-time employees,Total - Gender,15 years and over,Current dollars,20.63,422,3-digit,"Paraprofessional occupations in legal, social, community and education services"
2022,New Brunswick,Median hourly wage rate,Full-time employees,Total - Gender,15 years and over,Current dollars,33.75,111,3-digit,Professional occupations in finance
2022,New Brunswick,Median hourly wage rate,Full-time employees,Total - Gender,15 years and over,Current dollars,34.25,112,3-digit,Professional occupations in business
2022,New Brunswick,Median hourly wage rate,Full-time employees,Total - Gender,15 years and over,Current dollars,37.93,211,3-digit,Professional occupations in natural sciences
2022,New Brunswick,Median hourly wage rate,Full-time employees,Total - Gender,15 years and over,Current dollars,38.46,212,3-digit,Professional occupations in applied sciences (except engineering)
2022,New Brunswick,Median hourly wage rate,Full-time employees,Total - Gender,15 years and over,Current dollars,46.0,213,3-digit,Professional occupations in engineering
2022,New Brunswick,Median hourly wage rate,Full-time employees,Total - Gender,15 years and over,Current dollars,43.96,311,3-digit,Health treating and consultation services professionals
2022,New Brunswick,Median hourly wage rate,Full-time employees,Total - Gender,15 years and over,Current dollars,38.75,312,3-digit,Therapy and assessment professionals
2022,New Brunswick,Median hourly wage rate,Full-time employees,Total - Gender,15 years and over,Current dollars,42.0,313,3-digit,Nursing and allied health professionals
2022,New Brunswick,Median hourly wage rate,Full-time employees,Total - Gender,15 years and over,Current dollars,38.39,411,3-digit,Professional occupations in law
2022,New Brunswick,Median hourly wage rate,Full-time employees,Total - Gender,15 years and over,Current dollars,38.98,412,3-digit,Professional occupations in education services
2022,New Brunswick,Median hourly wage rate,Full-time employees,Total - Gender,15 years and over,Current dollars,33.33,413,3-digit,Professional occupations in social and community services
2022,New Brunswick,Median hourly wage rate,Full-time employees,Total - Gender,15 years and over,Current dollars,38.5,414,3-digit,Professional occupations in government services
2022,New Brunswick,Median hourly wage rate,Full-time employees,Total - Gender,15 years and over,Current dollars,42.0,421,3-digit,Occupations in front-line public protection services
2022,New Brunswick,Median hourly wage rate,Full-time employees,Total - Gender,15 years and over,Current dollars,19.0,422,3-digit,"Paraprofessional occupations in legal, social, community and education services"
2022,Quebec,Median hourly wage rate,Full-time employees,Total - Gender,15 years and over,Current dollars,38.46,111,3-digit,Professional occupations in finance
2022,Quebec,Median hourly wage rate,Full-time employees,Total - Gender,15 years and over,Current dollars,35.0,112,3-digit,Professional occupations in business
2022,Quebec,Median hourly wage rate,Full-time employees,Total - Gender,15 years and over,Current dollars,42.05,211,3-digit,Professional occupations in natural sciences
2022,Quebec,Median hourly wage rate,Full-time employees,Total - Gender,15 years and over,Current dollars,44.62,212,3-digit,Professional occupations in applied sciences (except engineering)
2022,Quebec,Median hourly wage rate,Full-time employees,Total - Gender,15 years and over,Current dollars,47.6,213,3-digit,Professional occupations in engineering
2022,Quebec,Median hourly wage rate,Full-time employees,Total - Gender,15 years and over,Current dollars,55.0,311,3-digit,Health treating and consultation services professionals
2022,Quebec,Median hourly wage rate,Full-time employees,Total - Gender,15 years and over,Current dollars,41.17,312,3-digit,Therapy and assessment professionals
2022,Quebec,Median hourly wage rate,Full-time employees,Total - Gender,15 years and over,Current dollars,40.87,313,3-digit,Nursing and allied health professionals
2022,Quebec,Median hourly wage rate,Full-time employees,Total - Gender,15 years and over,Current dollars,57.95,411,3-digit,Professional occupations in law
2022,Quebec,Median hourly wage rate,Full-time employees,Total - Gender,15 years and over,Current dollars,42.5,412,3-digit,Professional occupations in education services
2022,Quebec,Median hourly wage rate,Full-time employees,Total - Gender,15 years and over,Current dollars,34.0,413,3-digit,Professional occupations in social and community services
2022,Quebec,Median hourly wage rate,Full-time employees,Total - Gender,15 years and over,Current dollars,40.0,414,3-digit,Professional occupations in government services
2022,Quebec,Median hourly wage rate,Full-time employees,Total - Gender,15 years and over,Current dollars,45.67,421,3-digit,Occupations in front-line public protection services
2022,Quebec,Median hourly wage rate,Full-time employees,Total - Gender,15 years and over,Current dollars,25.0,422,3-digit,"Paraprofessional occupations in legal, social, community and education services"
2022,Ontario,Median hourly wage rate,Full-time employees,Total - Gender,15 years and over,Current dollars,39.2,111,3-digit,Professional occupations in finance
2022,Ontario,Median hourly wage rate,Full-time employees,Total - Gender,15 years and over,Current dollars,36.92,112,3-digit,Professional occupations in business
2022,Ontario,Median hourly wage rate,Full-time employees,Total - Gender,15 years and over,Current dollars,38.46,211,3-digit,Professional occupations in natural sciences
2022,Ontario,Median hourly wage rate,Full-time employees,Total - Gender,15 years and over,Current dollars,45.67,212,3-digit,Professional occupations in applied sciences (except engineering)
2022,Ontario,Median hourly wage rate,Full-time employees,Total - Gender,15 years and over,Current dollars,44.87,213,3-digit,Professional occupations in engineering
2022,Ontario,Median hourly wage rate,Full-time employees,Total - Gender,15 years and over,Current dollars,44.23,311,3-digit,Health treating and consultation services professionals
2022,Ontario,Median hourly wage rate,Full-time employees,Total - Gender,15 years and over,Current dollars,42.86,312,3-digit,Therapy and assessment professionals
2022,Ontario,Median hourly wage rate,Full-time employees,Total - Gender,15 years and over,Current dollars,39.03,313,3-digit,Nursing and allied health professionals
2022,Ontario,Median hourly wage rate,Full-time employees,Total - Gender,15 years and over,Current dollars,61.54,411,3-digit,Professional occupations in law
2022,Ontario,Median hourly wage rate,Full-time employees,Total - Gender,15 years and over,Current dollars,46.75,412,3-digit,Professional occupations in education services
2022,Ontario,Median hourly wage rate,Full-time employees,Total - Gender,15 years and over,Current dollars,33.0,413,3-digit,Professional occupations in social and community services
2022,Ontario,Median hourly wage rate,Full-time employees,Total - Gender,15 years and over,Current dollars,42.05,414,3-digit,Professional occupations in government services
2022,Ontario,Median hourly wage rate,Full-time employees,Total - Gender,15 years and over,Current dollars,49.04,421,3-digit,Occupations in front-line public protection services
2022,Ontario,Median hourly wage rate,Full-time employees,Total - Gender,15 years and over,Current dollars,24.23,422,3-digit,"Paraprofessional occupations in legal, social, community and education services"
2022,Manitoba,Median hourly wage rate,Full-time employees,Total - Gender,15 years and over,Current dollars,35.0,111,3-digit,Professional occupations in finance
2022,Manitoba,Median hourly wage rate,Full-time employees,Total - Gender,15 years and over,Current dollars,33.33,112,3-digit,Professional occupations in business
2022,Manitoba,Median hourly wage rate,Full-time employees,Total - Gender,15 years and over,Current dollars,39.42,211,3-digit,Professional occupations in natural sciences
2022,Manitoba,Median hourly wage rate,Full-time employees,Total - Gender,15 years and over,Current dollars,41.4,212,3-digit,Professional occupations in applied sciences (except engineering)
2022,Manitoba,Median hourly wage rate,Full-time employees,Total - Gender,15 years and over,Current dollars,43.27,213,3-digit,Professional occupations in engineering
2022,Manitoba,Median hourly wage rate,Full-time employees,Total - Gender,15 years and over,Current dollars,50.0,311,3-digit,Health treating and consultation services professionals
2022,Manitoba,Median hourly wage rate,Full-time employees,Total - Gender,15 years and over,Current dollars,36.54,312,3-digit,Therapy and assessment professionals
2022,Manitoba,Median hourly wage rate,Full-time employees,Total - Gender,15 years and over,Current dollars,43.93,313,3-digit,Nursing and allied health professionals
2022,Manitoba,Median hourly wage rate,Full-time employees,Total - Gender,15 years and over,Current dollars,52.88,411,3-digit,Professional occupations in law
2022,Manitoba,Median hourly wage rate,Full-time employees,Total - Gender,15 years and over,Current dollars,41.83,412,3-digit,Professional occupations in education services
2022,Manitoba,Median hourly wage rate,Full-time employees,Total - Gender,15 years and over,Current dollars,33.0,413,3-digit,Professional occupations in social and community services
2022,Manitoba,Median hourly wage rate,Full-time employees,Total - Gender,15 years and over,Current dollars,36.1,414,3-digit,Professional occupations in government services
2022,Manitoba,Median hourly wage rate,Full-time employees,Total - Gender,15 years and over,Current dollars,50.0,421,3-digit,Occupations in front-line public protection services
2022,Manitoba,Median hourly wage rate,Full-time employees,Total - Gender,15 years and over,Current dollars,20.0,422,3-digit,"Paraprofessional occupations in legal, social, community and education services"
2022,Saskatchewan,Median hourly wage rate,Full-time employees,Total - Gender,15 years and over,Current dollars,36.41,111,3-digit,Professional occupations in finance
2022,Saskatchewan,Median hourly wage rate,Full-time employees,Total - Gender,15 years and over,Current dollars,35.9,112,3-digit,Professional occupations in business
2022,Saskatchewan,Median hourly wage rate,Full-time employees,Total - Gender,15 years and over,Current dollars,40.0,211,3-digit,Professional occupations in natural sciences
2022,Saskatchewan,Median hourly wage rate,Full-time employees,Total - Gender,15 years and over,Current dollars,41.54,212,3-digit,Professional occupations in applied sciences (except engineering)
2022,Saskatchewan,Median hourly wage rate,Full-time employees,Total - Gender,15 years and over,Current dollars,43.75,213,3-digit,Professional occupations in engineering
2022,Saskatchewan,Median hourly wage rate,Full-time employees,Total - Gender,15 years and over,Current dollars,50.0,311,3-digit,Health treating and consultation services professionals
2022,Saskatchewan,Median hourly wage rate,Full-time employees,Total - Gender,15 years and over,Current dollars,43.74,312,3-digit,Therapy and assessment professionals
2022,Saskatchewan,Median hourly wage rate,Full-time employees,Total - Gender,15 years and over,Current dollars,47.0,313,3-digit,Nursing and allied health professionals
2022,Saskatchewan,Median hourly wage rate,Full-time employees,Total - Gender,15 years and over,Current dollars,57.69,411,3-digit,Professional occupations in law
2022,Saskatchewan,Median hourly wage rate,Full-time employees,Total - Gender,15 years and over,Current dollars,40.87,412,3-digit,Professional occupations in education services
2022,Saskatchewan,Median hourly wage rate,Full-time employees,Total - Gender,15 years and over,Current dollars,35.0,413,3-digit,Professional occupations in social and community services
2022,Saskatchewan,Median hourly wage rate,Full-time employees,Total - Gender,15 years and over,Current dollars,40.38,414,3-digit,Professional occupations in government services
2022,Saskatchewan,Median hourly wage rate,Full-time employees,Total - Gender,15 years and over,Current dollars,50.0,421,3-digit,Occupations in front-line public protection services
2022,Saskatchewan,Median hourly wage rate,Full-time employees,Total - Gender,15 years and over,Current dollars,20.0,422,3-digit,"Paraprofessional occupations in legal, social, community and education services"
2022,Alberta,Median hourly wage rate,Full-time employees,Total - Gender,15 years and over,Current dollars,38.46,111,3-digit,Professional occupations in finance
2022,Alberta,Median hourly wage rate,Full-time employees,Total - Gender,15 years and over,Current dollars,36.28,112,3-digit,Professional occupations in business
2022,Alberta,Median hourly wage rate,Full-time employees,Total - Gender,15 years and over,Current dollars,45.0,211,3-digit,Professional occupations in natural sciences
2022,Alberta,Median hourly wage rate,Full-time employees,Total - Gender,15 years and over,Current dollars,47.6,212,3-digit,Professional occupations in applied sciences (except engineering)
2022,Alberta,Median hourly wage rate,Full-time employees,Total - Gender,15 years and over,Current dollars,53.85,213,3-digit,Professional occupations in engineering
2022,Alberta,Median hourly wage rate,Full-time employees,Total - Gender,15 years and over,Current dollars,49.4,311,3-digit,Health treating and consultation services professionals
2022,Alberta,Median hourly wage rate,Full-time employees,Total - Gender,15 years and over,Current dollars,43.0,312,3-digit,Therapy and assessment professionals
2022,Alberta,Median hourly wage rate,Full-time employees,Total - Gender,15 years and over,Current dollars,47.0,313,3-digit,Nursing and allied health professionals
2022,Alberta,Median hourly wage rate,Full-time employees,Total - Gender,15 years and over,Current dollars,50.47,411,3-digit,Professional occupations in law
2022,Alberta,Median hourly wage rate,Full-time employees,Total - Gender,15 years and over,Current dollars,42.79,412,3-digit,Professional occupations in education services
2022,Alberta,Median hourly wage rate,Full-time employees,Total - Gender,15 years and over,Current dollars,33.33,413,3-digit,Professional occupations in social and community services
2022,Alberta,Median hourly wage rate,Full-time employees,Total - Gender,15 years and over,Current dollars,43.6,414,3-digit,Professional occupations in government services
2022,Alberta,Median hourly wage rate,Full-time employees,Total - Gender,15 years and over,Current dollars,50.0,421,3-digit,Occupations in front-line public protection services
2022,Alberta,Median hourly wage rate,Full-time employees,Total - Gender,15 years and over,Current dollars,22.66,422,3-digit,"Paraprofessional occupations in legal, social, community and education services"
2022,British Columbia,Median hourly wage rate,Full-time employees,Total - Gender,15 years and over,Current dollars,37.26,111,3-digit,Professional occupations in finance
2022,British Columbia,Median hourly wage rate,Full-time employees,Total - Gender,15 years and over,Current dollars,34.97,112,3-digit,Professional occupations in business
2022,British Columbia,Median hourly wage rate,Full-time employees,Total - Gender,15 years and over,Current dollars,40.0,211,3-digit,Professional occupations in natural sciences
2022,British Columbia,Median hourly wage rate,Full-time employees,Total - Gender,15 years and over,Current dollars,45.02,212,3-digit,Professional occupations in applied sciences (except engineering)
2022,British Columbia,Median hourly wage rate,Full-time employees,Total - Gender,15 years and over,Current dollars,49.04,213,3-digit,Professional occupations in engineering
2022,British Columbia,Median hourly wage rate,Full-time employees,Total - Gender,15 years and over,Current dollars,45.0,311,3-digit,Health treating and consultation services professionals
2022,British Columbia,Median hourly wage rate,Full-time employees,Total - Gender,15 years and over,Current dollars,39.42,312,3-digit,Therapy and assessment professionals
2022,British Columbia,Median hourly wage rate,Full-time employees,Total - Gender,15 years and over,Current dollars,44.0,313,3-digit,Nursing and allied health professionals
2022,British Columbia,Median hourly wage rate,Full-time employees,Total - Gender,15 years and over,Current dollars,57.69,411,3-digit,Professional occupations in law
2022,British Columbia,Median hourly wage rate,Full-time employees,Total - Gender,15 years and over,Current dollars,39.34,412,3-digit,Professional occupations in education services
2022,British Columbia,Median hourly wage rate,Full-time employees,Total - Gender,15 years and over,Current dollars,35.71,413,3-digit,Professional occupations in social and community services
2022,British Columbia,Median hourly wage rate,Full-time employees,Total - Gender,15 years and over,Current dollars,36.06,414,3-digit,Professional occupations in government services
2022,British Columbia,Median hourly wage rate,Full-time employees,Total - Gender,15 years and over,Current dollars,50.0,421,3-digit,Occupations in front-line public protection services
2022,British Columbia,Median hourly wage rate,Full-time employees,Total - Gender,15 years and over,Current dollars,25.0,422,3-digit,"Paraprofessional occupations in legal, social, community and education services"
2023,Canada,Median hourly wage rate,Full-time employees,Total - Gender,15 years and over,Current dollars,39.49,111,3-digit,Professional occupations in finance
2023,Canada,Median hourly wage rate,Full-time employees,Total - Gender,15 years and over,Current dollars,38.46,112,3-digit,Professional occupations in business
2023,Canada,Median hourly wage rate,Full-time employees,Total - Gender,15 years and over,Current dollars,42.19,211,3-digit,Professional occupations in natural sciences
2023,Canada,Median hourly wage rate,Full-time employees,Total - Gender,15 years and over,Current dollars,46.15,212,3-digit,Professional occupations in applied sciences (except engineering)
2023,Canada,Median hourly wage rate,Full-time employees,Total - Gender,15 years and over,Current dollars,48.7,213,3-digit,Professional occupations in engineering
2023,Canada,Median hourly wage rate,Full-time employees,Total - Gender,15 years and over,Current dollars,47.25,311,3-digit,Health treating and consultation services professionals
2023,Canada,Median hourly wage rate,Full-time employees,Total - Gender,15 years and over,Current dollars,44.9,312,3-digit,Therapy and assessment professionals
2023,Canada,Median hourly wage rate,Full-time employees,Total - Gender,15 years and over,Current dollars,42.0,313,3-digit,Nursing and allied health professionals
2023,Canada,Median hourly wage rate,Full-time employees,Total - Gender,15 years and over,Current dollars,57.69,411,3-digit,Professional occupations in law
2023,Canada,Median hourly wage rate,Full-time employees,Total - Gender,15 years and over,Current dollars,43.71,412,3-digit,Professional occupations in education services
2023,Canada,Median hourly wage rate,Full-time employees,Total - Gender,15 years and over,Current dollars,36.0,413,3-digit,Professional occupations in social and community services
2023,Canada,Median hourly wage rate,Full-time employees,Total - Gender,15 years and over,Current dollars,42.79,414,3-digit,Professional occupations in government services
2023,Canada,Median hourly wage rate,Full-time employees,Total - Gender,15 years and over,Current dollars,48.74,421,3-digit,Occupations in front-line public protection services
2023,Canada,Median hourly wage rate,Full-time employees,Total - Gender,15 years and over,Current dollars,25.0,422,3-digit,"Paraprofessional occupations in legal, social, community and education services"
2023,Newfoundland and Labrador,Median hourly wage rate,Full-time employees,Total - Gender,15 years and over,Current dollars,40.87,111,3-digit,Professional occupations in finance
2023,Newfoundland and Labrador,Median hourly wage rate,Full-time employees,Total - Gender,15 years and over,Current dollars,38.46,112,3-digit,Professional occupations in business
2023,Newfoundland and Labrador,Median hourly wage rate,Full-time employees,Total - Gender,15 years and over,Current dollars,47.18,211,3-digit,Professional occupations in natural sciences
2023,Newfoundland and Labrador,Median hourly wage rate,Full-time employees,Total - Gender,15 years and over,Current dollars,38.46,212,3-digit,Professional occupations in applied sciences (except engineering)
2023,Newfoundland and Labrador,Median hourly wage rate,Full-time employees,Total - Gender,15 years and over,Current dollars,50.0,213,3-digit,Professional occupations in engineering
2023,Newfoundland and Labrador,Median hourly wage rate,Full-time employees,Total - Gender,15 years and over,Current dollars,47.53,311,3-digit,Health treating and consultation services professionals
2023,Newfoundland and Labrador,Median hourly wage rate,Full-time employees,Total - Gender,15 years and over,Current dollars,45.67,312,3-digit,Therapy and assessment professionals
2023,Newfoundland and Labrador,Median hourly wage rate,Full-time employees,Total - Gender,15 years and over,Current dollars,44.0,313,3-digit,Nursing and allied health professionals
2023,Newfoundland and Labrador,Median hourly wage rate,Full-time employees,Total - Gender,15 years and over,Current dollars,60.44,411,3-digit,Professional occupations in law
2023,Newfoundland and Labrador,Median hourly wage rate,Full-time employees,Total - Gender,15 years and over,Current dollars,45.19,412,3-digit,Professional occupations in education services
2023,Newfoundland and Labrador,Median hourly wage rate,Full-time employees,Total - Gender,15 years and over,Current dollars,37.98,413,3-digit,Professional occupations in social and community services
2023,Newfoundland and Labrador,Median hourly wage rate,Full-time employees,Total - Gender,15 years and over,Current dollars,39.84,414,3-digit,Professional occupations in government services
2023,Newfoundland and Labrador,Median hourly wage rate,Full-time employees,Total - Gender,15 years and over,Current dollars,47.0,421,3-digit,Occupations in front-line public protection services
2023,Newfoundland and Labrador,Median hourly wage rate,Full-time employees,Total - Gender,15 years and over,Current dollars,21.37,422,3-digit,"Paraprofessional occupations in legal, social, community and education services"
2023,Prince Edward Island,Median hourly wage rate,Full-time employees,Total - Gender,15 years and over,Current dollars,38.46,111,3-digit,Professional occupations in finance
2023,Prince Edward Island,Median hourly wage rate,Full-time employees,Total - Gender,15 years and over,Current dollars,33.65,112,3-digit,Professional occupations in business
2023,Prince Edward Island,Median hourly wage rate,Full-time employees,Total - Gender,15 years and over,Current dollars,35.9,211,3-digit,Professional occupations in natural sciences
2023,Prince Edward Island,Median hourly wage rate,Full-time employees,Total - Gender,15 years and over,Current dollars,35.4,212,3-digit,Professional occupations in applied sciences (except engineering)
2023,Prince Edward Island,Median hourly wage rate,Full-time employees,Total - Gender,15 years and over,Current dollars,36.06,213,3-digit,Professional occupations in engineering
2023,Prince Edward Island,Median hourly wage rate,Full-time employees,Total - Gender,15 years and over,Current dollars,53.0,311,3-digit,Health treating and consultation services professionals
2023,Prince Edward Island,Median hourly wage rate,Full-time employees,Total - Gender,15 years and over,Current dollars,39.46,312,3-digit,Therapy and assessment professionals
2023,Prince Edward Island,Median hourly wage rate,Full-time employees,Total - Gender,15 years and over,Current dollars,42.0,313,3-digit,Nursing and allied health professionals
2023,Prince Edward Island,Median hourly wage rate,Full-time employees,Total - Gender,15 years and over,Current dollars,66.67,411,3-digit,Professional occupations in law
2023,Prince Edward Island,Median hourly wage rate,Full-time employees,Total - Gender,15 years and over,Current dollars,41.03,412,3-digit,Professional occupations in education services
2023,Prince Edward Island,Median hourly wage rate,Full-time employees,Total - Gender,15 years and over,Current dollars,37.5,413,3-digit,Professional occupations in social and community services
2023,Prince Edward Island,Median hourly wage rate,Full-time employees,Total - Gender,15 years and over,Current dollars,37.0,414,3-digit,Professional occupations in government services
2023,Prince Edward Island,Median hourly wage rate,Full-time employees,Total - Gender,15 years and over,Current dollars,50.96,421,3-digit,Occupations in front-line public protection services
2023,Prince Edward Island,Median hourly wage rate,Full-time employees,Total - Gender,15 years and over,Current dollars,25.48,422,3-digit,"Paraprofessional occupations in legal, social, community and education services"
2023,Nova Scotia,Median hourly wage rate,Full-time employees,Total - Gender,15 years and over,Current dollars,35.0,111,3-digit,Professional occupations in finance
2023,Nova Scotia,Median hourly wage rate,Full-time employees,Total - Gender,15 years and over,Current dollars,36.18,112,3-digit,Professional occupations in business
2023,Nova Scotia,Median hourly wage rate,Full-time employees,Total - Gender,15 years and over,Current dollars,41.54,211,3-digit,Professional occupations in natural sciences
2023,Nova Scotia,Median hourly wage rate,Full-time employees,Total - Gender,15 years and over,Current dollars,42.7,212,3-digit,Professional occupations in applied sciences (except engineering)
2023,Nova Scotia,Median hourly wage rate,Full-time employees,Total - Gender,15 years and over,Current dollars,41.03,213,3-digit,Professional occupations in engineering
2023,Nova Scotia,Median hourly wage rate,Full-time employees,Total - Gender,15 years and over,Current dollars,43.43,311,3-digit,Health treating and consultation services professionals
2023,Nova Scotia,Median hourly wage rate,Full-time employees,Total - Gender,15 years and over,Current dollars,41.0,312,3-digit,Therapy and assessment professionals
2023,Nova Scotia,Median hourly wage rate,Full-time employees,Total - Gender,15 years and over,Current dollars,40.0,313,3-digit,Nursing and allied health professionals
2023,Nova Scotia,Median hourly wage rate,Full-time employees,Total - Gender,15 years and over,Current dollars,45.19,411,3-digit,Professional occupations in law
2023,Nova Scotia,Median hourly wage rate,Full-time employees,Total - Gender,15 years and over,Current dollars,39.42,412,3-digit,Professional occupations in education services
2023,Nova Scotia,Median hourly wage rate,Full-time employees,Total - Gender,15 years and over,Current dollars,31.79,413,3-digit,Professional occupations in social and community services
2023,Nova Scotia,Median hourly wage rate,Full-time employees,Total - Gender,15 years and over,Current dollars,42.34,414,3-digit,Professional occupations in government services
2023,Nova Scotia,Median hourly wage rate,Full-time employees,Total - Gender,15 years and over,Current dollars,44.47,421,3-digit,Occupations in front-line public protection services
2023,Nova Scotia,Median hourly wage rate,Full-time employees,Total - Gender,15 years and over,Current dollars,23.0,422,3-digit,"Paraprofessional occupations in legal, social, community and education services"
2023,New Brunswick,Median hourly wage rate,Full-time employees,Total - Gender,15 years and over,Current dollars,35.88,111,3-digit,Professional occupations in finance
2023,New Brunswick,Median hourly wage rate,Full-time employees,Total - Gender,15 years and over,Current dollars,33.79,112,3-digit,Professional occupations in business
2023,New Brunswick,Median hourly wage rate,Full-time employees,Total - Gender,15 years and over,Current dollars,41.0,211,3-digit,Professional occupations in natural sciences
2023,New Brunswick,Median hourly wage rate,Full-time employees,Total - Gender,15 years and over,Current dollars,39.42,212,3-digit,Professional occupations in applied sciences (except engineering)
2023,New Brunswick,Median hourly wage rate,Full-time employees,Total - Gender,15 years and over,Current dollars,45.0,213,3-digit,Professional occupations in engineering
2023,New Brunswick,Median hourly wage rate,Full-time employees,Total - Gender,15 years and over,Current dollars,48.08,311,3-digit,Health treating and consultation services professionals
2023,New Brunswick,Median hourly wage rate,Full-time employees,Total - Gender,15 years and over,Current dollars,43.27,312,3-digit,Therapy and assessment professionals
2023,New Brunswick,Median hourly wage rate,Full-time employees,Total - Gender,15 years and over,Current dollars,45.0,313,3-digit,Nursing and allied health professionals
2023,New Brunswick,Median hourly wage rate,Full-time employees,Total - Gender,15 years and over,Current dollars,57.69,411,3-digit,Professional occupations in law
2023,New Brunswick,Median hourly wage rate,Full-time employees,Total - Gender,15 years and over,Current dollars,37.98,412,3-digit,Professional occupations in education services
2023,New Brunswick,Median hourly wage rate,Full-time employees,Total - Gender,15 years and over,Current dollars,37.0,413,3-digit,Professional occupations in social and community services
2023,New Brunswick,Median hourly wage rate,Full-time employees,Total - Gender,15 years and over,Current dollars,36.6,414,3-digit,Professional occupations in government services
2023,New Brunswick,Median hourly wage rate,Full-time employees,Total - Gender,15 years and over,Current dollars,50.0,421,3-digit,Occupations in front-line public protection services
2023,New Brunswick,Median hourly wage rate,Full-time employees,Total - Gender,15 years and over,Current dollars,23.41,422,3-digit,"Paraprofessional occupations in legal, social, community and education services"
2023,Quebec,Median hourly wage rate,Full-time employees,Total - Gender,15 years and over,Current dollars,39.49,111,3-digit,Professional occupations in finance
2023,Quebec,Median hourly wage rate,Full-time employees,Total - Gender,15 years and over,Current dollars,38.39,112,3-digit,Professional occupations in business
2023,Quebec,Median hourly wage rate,Full-time employees,Total - Gender,15 years and over,Current dollars,43.0,211,3-digit,Professional occupations in natural sciences
2023,Quebec,Median hourly wage rate,Full-time employees,Total - Gender,15 years and over,Current dollars,45.7,212,3-digit,Professional occupations in applied sciences (except engineering)
2023,Quebec,Median hourly wage rate,Full-time employees,Total - Gender,15 years and over,Current dollars,48.08,213,3-digit,Professional occupations in engineering
2023,Quebec,Median hourly wage rate,Full-time employees,Total - Gender,15 years and over,Current dollars,47.25,311,3-digit,Health treating and consultation services professionals
2023,Quebec,Median hourly wage rate,Full-time employees,Total - Gender,15 years and over,Current dollars,45.71,312,3-digit,Therapy and assessment professionals
2023,Quebec,Median hourly wage rate,Full-time employees,Total - Gender,15 years and over,Current dollars,41.0,313,3-digit,Nursing and allied health professionals
2023,Quebec,Median hourly wage rate,Full-time employees,Total - Gender,15 years and over,Current dollars,50.87,411,3-digit,Professional occupations in law
2023,Quebec,Median hourly wage rate,Full-time employees,Total - Gender,15 years and over,Current dollars,43.27,412,3-digit,Professional occupations in education services
2023,Quebec,Median hourly wage rate,Full-time employees,Total - Gender,15 years and over,Current dollars,38.0,413,3-digit,Professional occupations in social and community services
2023,Quebec,Median hourly wage rate,Full-time employees,Total - Gender,15 years and over,Current dollars,41.03,414,3-digit,Professional occupations in government services
2023,Quebec,Median hourly wage rate,Full-time employees,Total - Gender,15 years and over,Current dollars,43.0,421,3-digit,Occupations in front-line public protection services
2023,Quebec,Median hourly wage rate,Full-time employees,Total - Gender,15 years and over,Current dollars,25.75,422,3-digit,"Paraprofessional occupations in legal, social, community and education services"
2023,Ontario,Median hourly wage rate,Full-time employees,Total - Gender,15 years and over,Current dollars,40.0,111,3-digit,Professional occupations in finance
2023,Ontario,Median hourly wage rate,Full-time employees,Total - Gender,15 years and over,Current dollars,39.47,112,3-digit,Professional occupations in business
2023,Ontario,Median hourly wage rate,Full-time employees,Total - Gender,15 years and over,Current dollars,42.42,211,3-digit,Professional occupations in natural sciences
2023,Ontario,Median hourly wage rate,Full-time employees,Total - Gender,15 years and over,Current dollars,47.25,212,3-digit,Professional occupations in applied sciences (except engineering)
2023,Ontario,Median hourly wage rate,Full-time employees,Total - Gender,15 years and over,Current dollars,48.08,213,3-digit,Professional occupations in engineering
2023,Ontario,Median hourly wage rate,Full-time employees,Total - Gender,15 years and over,Current dollars,45.0,311,3-digit,Health treating and consultation services professionals
2023,Ontario,Median hourly wage rate,Full-time employees,Total - Gender,15 years and over,Current dollars,44.71,312,3-digit,Therapy and assessment professionals
2023,Ontario,Median hourly wage rate,Full-time employees,Total - Gender,15 years and over,Current dollars,40.24,313,3-digit,Nursing and allied health professionals
2023,Ontario,Median hourly wage rate,Full-time employees,Total - Gender,15 years and over,Current dollars,62.45,411,3-digit,Professional occupations in law
2023,Ontario,Median hourly wage rate,Full-time employees,Total - Gender,15 years and over,Current dollars,46.63,412,3-digit,Professional occupations in education services
2023,Ontario,Median hourly wage rate,Full-time employees,Total - Gender,15 years and over,Current dollars,35.9,413,3-digit,Professional occupations in social and community services
2023,Ontario,Median hourly wage rate,Full-time employees,Total - Gender,15 years and over,Current dollars,44.1,414,3-digit,Professional occupations in government services
2023,Ontario,Median hourly wage rate,Full-time employees,Total - Gender,15 years and over,Current dollars,48.53,421,3-digit,Occupations in front-line public protection services
2023,Ontario,Median hourly wage rate,Full-time employees,Total - Gender,15 years and over,Current dollars,25.0,422,3-digit,"Paraprofessional occupations in legal, social, community and education services"
2023,Manitoba,Median hourly wage rate,Full-time employees,Total - Gender,15 years and over,Current dollars,35.58,111,3-digit,Professional occupations in finance
2023,Manitoba,Median hourly wage rate,Full-time employees,Total - Gender,15 years and over,Current dollars,33.65,112,3-digit,Professional occupations in business
2023,Manitoba,Median hourly wage rate,Full-time employees,Total - Gender,15 years and over,Current dollars,33.65,211,3-digit,Professional occupations in natural sciences
2023,Manitoba,Median hourly wage rate,Full-time employees,Total - Gender,15 years and over,Current dollars,41.03,212,3-digit,Professional occupations in applied sciences (except engineering)
2023,Manitoba,Median hourly wage rate,Full-time employees,Total - Gender,15 years and over,Current dollars,49.45,213,3-digit,Professional occupations in engineering
2023,Manitoba,Median hourly wage rate,Full-time employees,Total - Gender,15 years and over,Current dollars,50.0,311,3-digit,Health treating and consultation services professionals
2023,Manitoba,Median hourly wage rate,Full-time employees,Total - Gender,15 years and over,Current dollars,39.9,312,3-digit,Therapy and assessment professionals
2023,Manitoba,Median hourly wage rate,Full-time employees,Total - Gender,15 years and over,Current dollars,45.83,313,3-digit,Nursing and allied health professionals
2023,Manitoba,Median hourly wage rate,Full-time employees,Total - Gender,15 years and over,Current dollars,46.15,411,3-digit,Professional occupations in law
2023,Manitoba,Median hourly wage rate,Full-time employees,Total - Gender,15 years and over,Current dollars,43.27,412,3-digit,Professional occupations in education services
2023,Manitoba,Median hourly wage rate,Full-time employees,Total - Gender,15 years and over,Current dollars,32.97,413,3-digit,Professional occupations in social and community services
2023,Manitoba,Median hourly wage rate,Full-time employees,Total - Gender,15 years and over,Current dollars,38.63,414,3-digit,Professional occupations in government services
2023,Manitoba,Median hourly wage rate,Full-time employees,Total - Gender,15 years and over,Current dollars,50.61,421,3-digit,Occupations in front-line public protection services
2023,Manitoba,Median hourly wage rate,Full-time employees,Total - Gender,15 years and over,Current dollars,21.0,422,3-digit,"Paraprofessional occupations in legal, social, community and education services"
2023,Saskatchewan,Median hourly wage rate,Full-time employees,Total - Gender,15 years and over,Current dollars,40.77,111,3-digit,Professional occupations in finance
2023,Saskatchewan,Median hourly wage rate,Full-time employees,Total - Gender,15 years and over,Current dollars,39.49,112,3-digit,Professional occupations in business
2023,Saskatchewan,Median hourly wage rate,Full-time employees,Total - Gender,15 years and over,Current dollars,40.14,211,3-digit,Professional occupations in natural sciences
2023,Saskatchewan,Median hourly wage rate,Full-time employees,Total - Gender,15 years and over,Current dollars,41.15,212,3-digit,Professional occupations in applied sciences (except engineering)
2023,Saskatchewan,Median hourly wage rate,Full-time employees,Total - Gender,15 years and over,Current dollars,50.0,213,3-digit,Professional occupations in engineering
2023,Saskatchewan,Median hourly wage rate,Full-time employees,Total - Gender,15 years and over,Current dollars,49.0,311,3-digit,Health treating and consultation services professionals
2023,Saskatchewan,Median hourly wage rate,Full-time employees,Total - Gender,15 years and over,Current dollars,45.0,312,3-digit,Therapy and assessment professionals
2023,Saskatchewan,Median hourly wage rate,Full-time employees,Total - Gender,15 years and over,Current dollars,47.0,313,3-digit,Nursing and allied health professionals
2023,Saskatchewan,Median hourly wage rate,Full-time employees,Total - Gender,15 years and over,Current dollars,57.72,411,3-digit,Professional occupations in law
2023,Saskatchewan,Median hourly wage rate,Full-time employees,Total - Gender,15 years and over,Current dollars,42.78,412,3-digit,Professional occupations in education services
2023,Saskatchewan,Median hourly wage rate,Full-time employees,Total - Gender,15 years and over,Current dollars,36.0,413,3-digit,Professional occupations in social and community services
2023,Saskatchewan,Median hourly wage rate,Full-time employees,Total - Gender,15 years and over,Current dollars,41.0,414,3-digit,Professional occupations in government services
2023,Saskatchewan,Median hourly wage rate,Full-time employees,Total - Gender,15 years and over,Current dollars,51.44,421,3-digit,Occupations in front-line public protection services
2023,Saskatchewan,Median hourly wage rate,Full-time employees,Total - Gender,15 years and over,Current dollars,22.5,422,3-digit,"Paraprofessional occupations in legal, social, community and education services"
2023,Alberta,Median hourly wage rate,Full-time employees,Total - Gender,15 years and over,Current dollars,41.6,111,3-digit,Professional occupations in finance
2023,Alberta,Median hourly wage rate,Full-time employees,Total - Gender,15 years and over,Current dollars,40.87,112,3-digit,Professional occupations in business
2023,Alberta,Median hourly wage rate,Full-time employees,Total - Gender,15 years and over,Current dollars,42.0,211,3-digit,Professional occupations in natural sciences
2023,Alberta,Median hourly wage rate,Full-time employees,Total - Gender,15 years and over,Current dollars,48.08,212,3-digit,Professional occupations in applied sciences (except engineering)
2023,Alberta,Median hourly wage rate,Full-time employees,Total - Gender,15 years and over,Current dollars,52.88,213,3-digit,Professional occupations in engineering
2023,Alberta,Median hourly wage rate,Full-time employees,Total - Gender,15 years and over,Current dollars,50.48,311,3-digit,Health treating and consultation services professionals
2023,Alberta,Median hourly wage rate,Full-time employees,Total - Gender,15 years and over,Current dollars,44.26,312,3-digit,Therapy and assessment professionals
2023,Alberta,Median hourly wage rate,Full-time employees,Total - Gender,15 years and over,Current dollars,45.19,313,3-digit,Nursing and allied health professionals
2023,Alberta,Median hourly wage rate,Full-time employees,Total - Gender,15 years and over,Current dollars,71.59,411,3-digit,Professional occupations in law
2023,Alberta,Median hourly wage rate,Full-time employees,Total - Gender,15 years and over,Current dollars,43.16,412,3-digit,Professional occupations in education services
2023,Alberta,Median hourly wage rate,Full-time employees,Total - Gender,15 years and over,Current dollars,38.0,413,3-digit,Professional occupations in social and community services
2023,Alberta,Median hourly wage rate,Full-time employees,Total - Gender,15 years and over,Current dollars,43.5,414,3-digit,Professional occupations in government services
2023,Alberta,Median hourly wage rate,Full-time employees,Total - Gender,15 years and over,Current dollars,49.91,421,3-digit,Occupations in front-line public protection services
2023,Alberta,Median hourly wage rate,Full-time employees,Total - Gender,15 years and over,Current dollars,22.0,422,3-digit,"Paraprofessional occupations in legal, social, community and education services"
2023,British Columbia,Median hourly wage rate,Full-time employees,Total - Gender,15 years and over,Current dollars,37.44,111,3-digit,Professional occupations in finance
2023,British Columbia,Median hourly wage rate,Full-time employees,Total - Gender,15 years and over,Current dollars,37.0,112,3-digit,Professional occupations in business
2023,British Columbia,Median hourly wage rate,Full-time employees,Total - Gender,15 years and over,Current dollars,42.56,211,3-digit,Professional occupations in natural sciences
2023,British Columbia,Median hourly wage rate,Full-time employees,Total - Gender,15 years and over,Current dollars,48.08,212,3-digit,Professional occupations in applied sciences (except engineering)
2023,British Columbia,Median hourly wage rate,Full-time employees,Total - Gender,15 years and over,Current dollars,48.08,213,3-digit,Professional occupations in engineering
2023,British Columbia,Median hourly wage rate,Full-time employees,Total - Gender,15 years and over,Current dollars,50.0,311,3-digit,Health treating and consultation services professionals
2023,British Columbia,Median hourly wage rate,Full-time employees,Total - Gender,15 years and over,Current dollars,45.92,312,3-digit,Therapy and assessment professionals
2023,British Columbia,Median hourly wage rate,Full-time employees,Total - Gender,15 years and over,Current dollars,46.43,313,3-digit,Nursing and allied health professionals
2023,British Columbia,Median hourly wage rate,Full-time employees,Total - Gender,15 years and over,Current dollars,60.1,411,3-digit,Professional occupations in law
2023,British Columbia,Median hourly wage rate,Full-time employees,Total - Gender,15 years and over,Current dollars,41.67,412,3-digit,Professional occupations in education services
2023,British Columbia,Median hourly wage rate,Full-time employees,Total - Gender,15 years and over,Current dollars,33.62,413,3-digit,Professional occupations in social and community services
2023,British Columbia,Median hourly wage rate,Full-time employees,Total - Gender,15 years and over,Current dollars,41.03,414,3-digit,Professional occupations in government services
2023,British Columbia,Median hourly wage rate,Full-time employees,Total - Gender,15 years and over,Current dollars,53.0,421,3-digit,Occupations in front-line public protection services
2023,British Columbia,Median hourly wage rate,Full-time employees,Total - Gender,15 years and over,Current dollars,26.5,422,3-digit,"Paraprofessional occupations in legal, social, community and education services"
2024,Canada,Median hourly wage rate,Full-time employees,Total - Gender,15 years and over,Current dollars,40.87,111,3-digit,Professional occupations in finance
2024,Canada,Median hourly wage rate,Full-time employees,Total - Gender,15 years and over,Current dollars,39.9,112,3-digit,Professional occupations in business
2024,Canada,Median hourly wage rate,Full-time employees,Total - Gender,15 years and over,Current dollars,42.86,211,3-digit,Professional occupations in natural sciences
2024,Canada,Median hourly wage rate,Full-time employees,Total - Gender,15 years and over,Current dollars,48.08,212,3-digit,Professional occupations in applied sciences (except engineering)
2024,Canada,Median hourly wage rate,Full-time employees,Total - Gender,15 years and over,Current dollars,50.0,213,3-digit,Professional occupations in engineering
2024,Canada,Median hourly wage rate,Full-time employees,Total - Gender,15 years and over,Current dollars,50.0,311,3-digit,Health treating and consultation services professionals
2024,Canada,Median hourly wage rate,Full-time employees,Total - Gender,15 years and over,Current dollars,47.5,312,3-digit,Therapy and assessment professionals
2024,Canada,Median hourly wage rate,Full-time employees,Total - Gender,15 years and over,Current dollars,45.0,313,3-digit,Nursing and allied health professionals
2024,Canada,Median hourly wage rate,Full-time employees,Total - Gender,15 years and over,Current dollars,63.33,411,3-digit,Professional occupations in law
2024,Canada,Median hourly wage rate,Full-time employees,Total - Gender,15 years and over,Current dollars,45.67,412,3-digit,Professional occupations in education services
2024,Canada,Median hourly wage rate,Full-time employees,Total - Gender,15 years and over,Current dollars,37.91,413,3-digit,Professional occupations in social and community services
2024,Canada,Median hourly wage rate,Full-time employees,Total - Gender,15 years and over,Current dollars,43.69,414,3-digit,Professional occupations in government services
2024,Canada,Median hourly wage rate,Full-time employees,Total - Gender,15 years and over,Current dollars,49.09,421,3-digit,Occupations in front-line public protection services
2024,Canada,Median hourly wage rate,Full-time employees,Total - Gender,15 years and over,Current dollars,26.0,422,3-digit,"Paraprofessional occupations in legal, social, community and education services"
2024,Newfoundland and Labrador,Median hourly wage rate,Full-time employees,Total - Gender,15 years and over,Current dollars,38.46,111,3-digit,Professional occupations in finance
2024,Newfoundland and Labrador,Median hourly wage rate,Full-time employees,Total - Gender,15 years and over,Current dollars,38.46,112,3-digit,Professional occupations in business
2024,Newfoundland and Labrador,Median hourly wage rate,Full-time employees,Total - Gender,15 years and over,Current dollars,46.15,211,3-digit,Professional occupations in natural sciences
2024,Newfoundland and Labrador,Median hourly wage rate,Full-time employees,Total - Gender,15 years and over,Current dollars,43.75,212,3-digit,Professional occupations in applied sciences (except engineering)
2024,Newfoundland and Labrador,Median hourly wage rate,Full-time employees,Total - Gender,15 years and over,Current dollars,50.0,213,3-digit,Professional occupations in engineering
2024,Newfoundland and Labrador,Median hourly wage rate,Full-time employees,Total - Gender,15 years and over,Current dollars,49.3,311,3-digit,Health treating and consultation services professionals
2024,Newfoundland and Labrador,Median hourly wage rate,Full-time employees,Total - Gender,15 years and over,Current dollars,43.54,312,3-digit,Therapy and assessment professionals
2024,Newfoundland and Labrador,Median hourly wage rate,Full-time employees,Total - Gender,15 years and over,Current dollars,48.0,313,3-digit,Nursing and allied health professionals
2024,Newfoundland and Labrador,Median hourly wage rate,Full-time employees,Total - Gender,15 years and over,Current dollars,75.9,411,3-digit,Professional occupations in law
2024,Newfoundland and Labrador,Median hourly wage rate,Full-time employees,Total - Gender,15 years and over,Current dollars,45.67,412,3-digit,Professional occupations in education services
2024,Newfoundland and Labrador,Median hourly wage rate,Full-time employees,Total - Gender,15 years and over,Current dollars,40.13,413,3-digit,Professional occupations in social and community services
2024,Newfoundland and Labrador,Median hourly wage rate,Full-time employees,Total - Gender,15 years and over,Current dollars,40.87,414,3-digit,Professional occupations in government services
2024,Newfoundland and Labrador,Median hourly wage rate,Full-time employees,Total - Gender,15 years and over,Current dollars,50.0,421,3-digit,Occupations in front-line public protection services
2024,Newfoundland and Labrador,Median hourly wage rate,Full-time employees,Total - Gender,15 years and over,Current dollars,23.08,422,3-digit,"Paraprofessional occupations in legal, social, community and education services"
2024,Prince Edward Island,Median hourly wage rate,Full-time employees,Total - Gender,15 years and over,Current dollars,35.58,111,3-digit,Professional occupations in finance
2024,Prince Edward Island,Median hourly wage rate,Full-time employees,Total - Gender,15 years and over,Current dollars,32.0,112,3-digit,Professional occupations in business
2024,Prince Edward Island,Median hourly wage rate,Full-time employees,Total - Gender,15 years and over,Current dollars,36.54,211,3-digit,Professional occupations in natural sciences
2024,Prince Edward Island,Median hourly wage rate,Full-time employees,Total - Gender,15 years and over,Current dollars,38.46,212,3-digit,Professional occupations in applied sciences (except engineering)
2024,Prince Edward Island,Median hourly wage rate,Full-time employees,Total - Gender,15 years and over,Current dollars,34.62,213,3-digit,Professional occupations in engineering
2024,Prince Edward Island,Median hourly wage rate,Full-time employees,Total - Gender,15 years and over,Current dollars,42.31,311,3-digit,Health treating and consultation services professionals
2024,Prince Edward Island,Median hourly wage rate,Full-time employees,Total - Gender,15 years and over,Current dollars,47.56,312,3-digit,Therapy and assessment professionals
2024,Prince Edward Island,Median hourly wage rate,Full-time employees,Total - Gender,15 years and over,Current dollars,43.5,313,3-digit,Nursing and allied health professionals
2024,Prince Edward Island,Median hourly wage rate,Full-time employees,Total - Gender,15 years and over,Current dollars,73.33,411,3-digit,Professional occupations in law
2024,Prince Edward Island,Median hourly wage rate,Full-time employees,Total - Gender,15 years and over,Current dollars,44.87,412,3-digit,Professional occupations in education services
2024,Prince Edward Island,Median hourly wage rate,Full-time employees,Total - Gender,15 years and over,Current dollars,39.34,413,3-digit,Professional occupations in social and community services
2024,Prince Edward Island,Median hourly wage rate,Full-time employees,Total - Gender,15 years and over,Current dollars,43.08,414,3-digit,Professional occupations in government services
2024,Prince Edward Island,Median hourly wage rate,Full-time employees,Total - Gender,15 years and over,Current dollars,55.25,421,3-digit,Occupations in front-line public protection services
2024,Prince Edward Island,Median hourly wage rate,Full-time employees,Total - Gender,15 years and over,Current dollars,27.0,422,3-digit,"Paraprofessional occupations in legal, social, community and education services"
2024,Nova Scotia,Median hourly wage rate,Full-time employees,Total - Gender,15 years and over,Current dollars,33.65,111,3-digit,Professional occupations in finance
2024,Nova Scotia,Median hourly wage rate,Full-time employees,Total - Gender,15 years and over,Current dollars,36.06,112,3-digit,Professional occupations in business
2024,Nova Scotia,Median hourly wage rate,Full-time employees,Total - Gender,15 years and over,Current dollars,41.03,211,3-digit,Professional occupations in natural sciences
2024,Nova Scotia,Median hourly wage rate,Full-time employees,Total - Gender,15 years and over,Current dollars,43.0,212,3-digit,Professional occupations in applied sciences (except engineering)
2024,Nova Scotia,Median hourly wage rate,Full-time employees,Total - Gender,15 years and over,Current dollars,47.5,213,3-digit,Professional occupations in engineering
2024,Nova Scotia,Median hourly wage rate,Full-time employees,Total - Gender,15 years and over,Current dollars,50.0,311,3-digit,Health treating and consultation services professionals
2024,Nova Scotia,Median hourly wage rate,Full-time employees,Total - Gender,15 years and over,Current dollars,40.18,312,3-digit,Therapy and assessment professionals
2024,Nova Scotia,Median hourly wage rate,Full-time employees,Total - Gender,15 years and over,Current dollars,45.0,313,3-digit,Nursing and allied health professionals
2024,Nova Scotia,Median hourly wage rate,Full-time employees,Total - Gender,15 years and over,Current dollars,67.31,411,3-digit,Professional occupations in law
2024,Nova Scotia,Median hourly wage rate,Full-time employees,Total - Gender,15 years and over,Current dollars,42.67,412,3-digit,Professional occupations in education services
2024,Nova Scotia,Median hourly wage rate,Full-time employees,Total - Gender,15 years and over,Current dollars,34.87,413,3-digit,Professional occupations in social and community services
2024,Nova Scotia,Median hourly wage rate,Full-time employees,Total - Gender,15 years and over,Current dollars,42.86,414,3-digit,Professional occupations in government services
2024,Nova Scotia,Median hourly wage rate,Full-time employees,Total - Gender,15 years and over,Current dollars,50.0,421,3-digit,Occupations in front-line public protection services
2024,Nova Scotia,Median hourly wage rate,Full-time employees,Total - Gender,15 years and over,Current dollars,25.24,422,3-digit,"Paraprofessional occupations in legal, social, community and education services"
2024,New Brunswick,Median hourly wage rate,Full-time employees,Total - Gender,15 years and over,Current dollars,37.0,111,3-digit,Professional occupations in finance
2024,New Brunswick,Median hourly wage rate,Full-time employees,Total - Gender,15 years and over,Current dollars,37.44,112,3-digit,Professional occupations in business
2024,New Brunswick,Median hourly wage rate,Full-time employees,Total - Gender,15 years and over,Current dollars,44.09,211,3-digit,Professional occupations in natural sciences
2024,New Brunswick,Median hourly wage rate,Full-time employees,Total - Gender,15 years and over,Current dollars,43.27,212,3-digit,Professional occupations in applied sciences (except engineering)
2024,New Brunswick,Median hourly wage rate,Full-time employees,Total - Gender,15 years and over,Current dollars,48.56,213,3-digit,Professional occupations in engineering
2024,New Brunswick,Median hourly wage rate,Full-time employees,Total - Gender,15 years and over,Current dollars,51.92,311,3-digit,Health treating and consultation services professionals
2024,New Brunswick,Median hourly wage rate,Full-time employees,Total - Gender,15 years and over,Current dollars,45.0,312,3-digit,Therapy and assessment professionals
2024,New Brunswick,Median hourly wage rate,Full-time employees,Total - Gender,15 years and over,Current dollars,45.0,313,3-digit,Nursing and allied health professionals
2024,New Brunswick,Median hourly wage rate,Full-time employees,Total - Gender,15 years and over,Current dollars,64.1,411,3-digit,Professional occupations in law
2024,New Brunswick,Median hourly wage rate,Full-time employees,Total - Gender,15 years and over,Current dollars,40.0,412,3-digit,Professional occupations in education services
2024,New Brunswick,Median hourly wage rate,Full-time employees,Total - Gender,15 years and over,Current dollars,40.0,413,3-digit,Professional occupations in social and community services
2024,New Brunswick,Median hourly wage rate,Full-time employees,Total - Gender,15 years and over,Current dollars,41.03,414,3-digit,Professional occupations in government services
2024,New Brunswick,Median hourly wage rate,Full-time employees,Total - Gender,15 years and over,Current dollars,45.5,421,3-digit,Occupations in front-line public protection services
2024,New Brunswick,Median hourly wage rate,Full-time employees,Total - Gender,15 years and over,Current dollars,24.33,422,3-digit,"Paraprofessional occupations in legal, social, community and education services"
2024,Quebec,Median hourly wage rate,Full-time employees,Total - Gender,15 years and over,Current dollars,41.21,111,3-digit,Professional occupations in finance
2024,Quebec,Median hourly wage rate,Full-time employees,Total - Gender,15 years and over,Current dollars,40.0,112,3-digit,Professional occupations in business
2024,Quebec,Median hourly wage rate,Full-time employees,Total - Gender,15 years and over,Current dollars,40.0,211,3-digit,Professional occupations in natural sciences
2024,Quebec,Median hourly wage rate,Full-time employees,Total - Gender,15 years and over,Current dollars,45.66,212,3-digit,Professional occupations in applied sciences (except engineering)
2024,Quebec,Median hourly wage rate,Full-time employees,Total - Gender,15 years and over,Current dollars,48.71,213,3-digit,Professional occupations in engineering
2024,Quebec,Median hourly wage rate,Full-time employees,Total - Gender,15 years and over,Current dollars,58.86,311,3-digit,Health treating and consultation services professionals
2024,Quebec,Median hourly wage rate,Full-time employees,Total - Gender,15 years and over,Current dollars,50.0,312,3-digit,Therapy and assessment professionals
2024,Quebec,Median hourly wage rate,Full-time employees,Total - Gender,15 years and over,Current dollars,41.0,313,3-digit,Nursing and allied health professionals
2024,Quebec,Median hourly wage rate,Full-time employees,Total - Gender,15 years and over,Current dollars,52.88,411,3-digit,Professional occupations in law
2024,Quebec,Median hourly wage rate,Full-time employees,Total - Gender,15 years and over,Current dollars,46.15,412,3-digit,Professional occupations in education services
2024,Quebec,Median hourly wage rate,Full-time employees,Total - Gender,15 years and over,Current dollars,40.7,413,3-digit,Professional occupations in social and community services
2024,Quebec,Median hourly wage rate,Full-time employees,Total - Gender,15 years and over,Current dollars,40.97,414,3-digit,Professional occupations in government services
2024,Quebec,Median hourly wage rate,Full-time employees,Total - Gender,15 years and over,Current dollars,44.0,421,3-digit,Occupations in front-line public protection services
2024,Quebec,Median hourly wage rate,Full-time employees,Total - Gender,15 years and over,Current dollars,27.0,422,3-digit,"Paraprofessional occupations in legal, social, community and education services"
2024,Ontario,Median hourly wage rate,Full-time employees,Total - Gender,15 years and over,Current dollars,40.87,111,3-digit,Professional occupations in finance
2024,Ontario,Median hourly wage rate,Full-time employees,Total - Gender,15 years and over,Current dollars,39.9,112,3-digit,Professional occupations in business
2024,Ontario,Median hourly wage rate,Full-time employees,Total - Gender,15 years and over,Current dollars,43.8,211,3-digit,Professional occupations in natural sciences
2024,Ontario,Median hourly wage rate,Full-time employees,Total - Gender,15 years and over,Current dollars,48.67,212,3-digit,Professional occupations in applied sciences (except engineering)
2024,Ontario,Median hourly wage rate,Full-time employees,Total - Gender,15 years and over,Current dollars,50.48,213,3-digit,Professional occupations in engineering
2024,Ontario,Median hourly wage rate,Full-time employees,Total - Gender,15 years and over,Current dollars,47.0,311,3-digit,Health treating and consultation services professionals
2024,Ontario,Median hourly wage rate,Full-time employees,Total - Gender,15 years and over,Current dollars,45.0,312,3-digit,Therapy and assessment professionals
2024,Ontario,Median hourly wage rate,Full-time employees,Total - Gender,15 years and over,Current dollars,44.0,313,3-digit,Nursing and allied health professionals
2024,Ontario,Median hourly wage rate,Full-time employees,Total - Gender,15 years and over,Current dollars,70.77,411,3-digit,Professional occupations in law
2024,Ontario,Median hourly wage rate,Full-time employees,Total - Gender,15 years and over,Current dollars,47.6,412,3-digit,Professional occupations in education services
2024,Ontario,Median hourly wage rate,Full-time employees,Total - Gender,15 years and over,Current dollars,37.0,413,3-digit,Professional occupations in social and community services
2024,Ontario,Median hourly wage rate,Full-time employees,Total - Gender,15 years and over,Current dollars,44.87,414,3-digit,Professional occupations in government services
2024,Ontario,Median hourly wage rate,Full-time employees,Total - Gender,15 years and over,Current dollars,50.96,421,3-digit,Occupations in front-line public protection services
2024,Ontario,Median hourly wage rate,Full-time employees,Total - Gender,15 years and over,Current dollars,25.43,422,3-digit,"Paraprofessional occupations in legal, social, community and education services"
2024,Manitoba,Median hourly wage rate,Full-time employees,Total - Gender,15 years and over,Current dollars,35.9,111,3-digit,Professional occupations in finance
2024,Manitoba,Median hourly wage rate,Full-time employees,Total - Gender,15 years and over,Current dollars,33.85,112,3-digit,Professional occupations in business
2024,Manitoba,Median hourly wage rate,Full-time employees,Total - Gender,15 years and over,Current dollars,41.44,211,3-digit,Professional occupations in natural sciences
2024,Manitoba,Median hourly wage rate,Full-time employees,Total - Gender,15 years and over,Current dollars,43.33,212,3-digit,Professional occupations in applied sciences (except engineering)
2024,Manitoba,Median hourly wage rate,Full-time employees,Total - Gender,15 years and over,Current dollars,42.79,213,3-digit,Professional occupations in engineering
2024,Manitoba,Median hourly wage rate,Full-time employees,Total - Gender,15 years and over,Current dollars,45.67,311,3-digit,Health treating and consultation services professionals
2024,Manitoba,Median hourly wage rate,Full-time employees,Total - Gender,15 years and over,Current dollars,41.19,312,3-digit,Therapy and assessment professionals
2024,Manitoba,Median hourly wage rate,Full-time employees,Total - Gender,15 years and over,Current dollars,45.0,313,3-digit,Nursing and allied health professionals
2024,Manitoba,Median hourly wage rate,Full-time employees,Total - Gender,15 years and over,Current dollars,50.8,411,3-digit,Professional occupations in law
2024,Manitoba,Median hourly wage rate,Full-time employees,Total - Gender,15 years and over,Current dollars,43.27,412,3-digit,Professional occupations in education services
2024,Manitoba,Median hourly wage rate,Full-time employees,Total - Gender,15 years and over,Current dollars,35.71,413,3-digit,Professional occupations in social and community services
2024,Manitoba,Median hourly wage rate,Full-time employees,Total - Gender,15 years and over,Current dollars,40.0,414,3-digit,Professional occupations in government services
2024,Manitoba,Median hourly wage rate,Full-time employees,Total - Gender,15 years and over,Current dollars,48.07,421,3-digit,Occupations in front-line public protection services
2024,Manitoba,Median hourly wage rate,Full-time employees,Total - Gender,15 years and over,Current dollars,20.43,422,3-digit,"Paraprofessional occupations in legal, social, community and education services"
2024,Saskatchewan,Median hourly wage rate,Full-time employees,Total - Gender,15 years and over,Current dollars,41.54,111,3-digit,Professional occupations in finance
2024,Saskatchewan,Median hourly wage rate,Full-time employees,Total - Gender,15 years and over,Current dollars,37.5,112,3-digit,Professional occupations in business
2024,Saskatchewan,Median hourly wage rate,Full-time employees,Total - Gender,15 years and over,Current dollars,41.25,211,3-digit,Professional occupations in natural sciences
2024,Saskatchewan,Median hourly wage rate,Full-time employees,Total - Gender,15 years and over,Current dollars,45.13,212,3-digit,Professional occupations in applied sciences (except engineering)
2024,Saskatchewan,Median hourly wage rate,Full-time employees,Total - Gender,15 years and over,Current dollars,47.12,213,3-digit,Professional occupations in engineering
2024,Saskatchewan,Median hourly wage rate,Full-time employees,Total - Gender,15 years and over,Current dollars,53.0,311,3-digit,Health treating and consultation services professionals
2024,Saskatchewan,Median hourly wage rate,Full-time employees,Total - Gender,15 years and over,Current dollars,43.0,312,3-digit,Therapy and assessment professionals
2024,Saskatchewan,Median hourly wage rate,Full-time employees,Total - Gender,15 years and over,Current dollars,48.95,313,3-digit,Nursing and allied health professionals
2024,Saskatchewan,Median hourly wage rate,Full-time employees,Total - Gender,15 years and over,Current dollars,69.23,411,3-digit,Professional occupations in law
2024,Saskatchewan,Median hourly wage rate,Full-time employees,Total - Gender,15 years and over,Current dollars,43.27,412,3-digit,Professional occupations in education services
2024,Saskatchewan,Median hourly wage rate,Full-time employees,Total - Gender,15 years and over,Current dollars,37.09,413,3-digit,Professional occupations in social and community services
2024,Saskatchewan,Median hourly wage rate,Full-time employees,Total - Gender,15 years and over,Current dollars,41.0,414,3-digit,Professional occupations in government services
2024,Saskatchewan,Median hourly wage rate,Full-time employees,Total - Gender,15 years and over,Current dollars,50.0,421,3-digit,Occupations in front-line public protection services
2024,Saskatchewan,Median hourly wage rate,Full-time employees,Total - Gender,15 years and over,Current dollars,22.8,422,3-digit,"Paraprofessional occupations in legal, social, community and education services"
2024,Alberta,Median hourly wage rate,Full-time employees,Total - Gender,15 years and over,Current dollars,43.56,111,3-digit,Professional occupations in finance
2024,Alberta,Median hourly wage rate,Full-time employees,Total - Gender,15 years and over,Current dollars,43.08,112,3-digit,Professional occupations in business
2024,Alberta,Median hourly wage rate,Full-time employees,Total - Gender,15 years and over,Current dollars,43.75,211,3-digit,Professional occupations in natural sciences
2024,Alberta,Median hourly wage rate,Full-time employees,Total - Gender,15 years and over,Current dollars,46.96,212,3-digit,Professional occupations in applied sciences (except engineering)
2024,Alberta,Median hourly wage rate,Full-time employees,Total - Gender,15 years and over,Current dollars,55.77,213,3-digit,Professional occupations in engineering
2024,Alberta,Median hourly wage rate,Full-time employees,Total - Gender,15 years and over,Current dollars,55.0,311,3-digit,Health treating and consultation services professionals
2024,Alberta,Median hourly wage rate,Full-time employees,Total - Gender,15 years and over,Current dollars,51.23,312,3-digit,Therapy and assessment professionals
2024,Alberta,Median hourly wage rate,Full-time employees,Total - Gender,15 years and over,Current dollars,49.0,313,3-digit,Nursing and allied health professionals
2024,Alberta,Median hourly wage rate,Full-time employees,Total - Gender,15 years and over,Current dollars,96.15,411,3-digit,Professional occupations in law
2024,Alberta,Median hourly wage rate,Full-time employees,Total - Gender,15 years and over,Current dollars,43.75,412,3-digit,Professional occupations in education services
2024,Alberta,Median hourly wage rate,Full-time employees,Total - Gender,15 years and over,Current dollars,38.46,413,3-digit,Professional occupations in social and community services
2024,Alberta,Median hourly wage rate,Full-time employees,Total - Gender,15 years and over,Current dollars,45.05,414,3-digit,Professional occupations in government services
2024,Alberta,Median hourly wage rate,Full-time employees,Total - Gender,15 years and over,Current dollars,48.25,421,3-digit,Occupations in front-line public protection services
2024,Alberta,Median hourly wage rate,Full-time employees,Total - Gender,15 years and over,Current dollars,24.0,422,3-digit,"Paraprofessional occupations in legal, social, community and education services"
2024,British Columbia,Median hourly wage rate,Full-time employees,Total - Gender,15 years and over,Current dollars,41.03,111,3-digit,Professional occupations in finance
2024,British Columbia,Median hourly wage rate,Full-time employees,Total - Gender,15 years and over,Current dollars,40.0,112,3-digit,Professional occupations in business
2024,British Columbia,Median hourly wage rate,Full-time employees,Total - Gender,15 years and over,Current dollars,45.67,211,3-digit,Professional occupations in natural sciences
2024,British Columbia,Median hourly wage rate,Full-time employees,Total - Gender,15 years and over,Current dollars,51.28,212,3-digit,Professional occupations in applied sciences (except engineering)
2024,British Columbia,Median hourly wage rate,Full-time employees,Total - Gender,15 years and over,Current dollars,50.48,213,3-digit,Professional occupations in engineering
2024,British Columbia,Median hourly wage rate,Full-time employees,Total - Gender,15 years and over,Current dollars,49.0,311,3-digit,Health treating and consultation services professionals
2024,British Columbia,Median hourly wage rate,Full-time employees,Total - Gender,15 years and over,Current dollars,51.4,312,3-digit,Therapy and assessment professionals
2024,British Columbia,Median hourly wage rate,Full-time employees,Total - Gender,15 years and over,Current dollars,50.0,313,3-digit,Nursing and allied health professionals
2024,British Columbia,Median hourly wage rate,Full-time employees,Total - Gender,15 years and over,Current dollars,71.01,411,3-digit,Professional occupations in law
2024,British Columbia,Median hourly wage rate,Full-time employees,Total - Gender,15 years and over,Current dollars,45.64,412,3-digit,Professional occupations in education services
2024,British Columbia,Median hourly wage rate,Full-time employees,Total - Gender,15 years and over,Current dollars,37.7,413,3-digit,Professional occupations in social and community services
2024,British Columbia,Median hourly wage rate,Full-time employees,Total - Gender,15 years and over,Current dollars,42.0,414,3-digit,Professional occupations in government services
2024,British Columbia,Median hourly wage rate,Full-time employees,Total - Gender,15 years and over,Current dollars,50.96,421,3-digit,Occupations in front-line public protection services
2024,British Columbia,Median hourly wage rate,Full-time employees,Total - Gender,15 years and over,Current dollars,28.0,422,3-digit,"Paraprofessional occupations in legal, social, community and education services"
2025,Canada,Median hourly wage rate,Full-time employees,Total - Gender,15 years and over,Current dollars,43.0,111,3-digit,Professional occupations in finance
2025,Canada,Median hourly wage rate,Full-time employees,Total - Gender,15 years and over,Current dollars,41.41,112,3-digit,Professional occupations in business
2025,Canada,Median hourly wage rate,Full-time employees,Total - Gender,15 years and over,Current dollars,44.87,211,3-digit,Professional occupations in natural sciences
2025,Canada,Median hourly wage rate,Full-time employees,Total - Gender,15 years and over,Current dollars,50.48,212,3-digit,Professional occupations in applied sciences (except engineering)
2025,Canada,Median hourly wage rate,Full-time employees,Total - Gender,15 years and over,Current dollars,52.0,213,3-digit,Professional occupations in engineering
2025,Canada,Median hourly wage rate,Full-time employees,Total - Gender,15 years and over,Current dollars,51.0,311,3-digit,Health treating and consultation services professionals
2025,Canada,Median hourly wage rate,Full-time employees,Total - Gender,15 years and over,Current dollars,49.0,312,3-digit,Therapy and assessment professionals
2025,Canada,Median hourly wage rate,Full-time employees,Total - Gender,15 years and over,Current dollars,46.0,313,3-digit,Nursing and allied health professionals
2025,Canada,Median hourly wage rate,Full-time employees,Total - Gender,15 years and over,Current dollars,62.5,411,3-digit,Professional occupations in law
2025,Canada,Median hourly wage rate,Full-time employees,Total - Gender,15 years and over,Current dollars,47.84,412,3-digit,Professional occupations in education services
2025,Canada,Median hourly wage rate,Full-time employees,Total - Gender,15 years and over,Current dollars,40.0,413,3-digit,Professional occupations in social and community services
2025,Canada,Median hourly wage rate,Full-time employees,Total - Gender,15 years and over,Current dollars,46.15,414,3-digit,Professional occupations in government services
2025,Canada,Median hourly wage rate,Full-time employees,Total - Gender,15 years and over,Current dollars,50.42,421,3-digit,Occupations in front-line public protection services
2025,Canada,Median hourly wage rate,Full-time employees,Total - Gender,15 years and over,Current dollars,26.92,422,3-digit,"Paraprofessional occupations in legal, social, community and education services"
2025,Newfoundland and Labrador,Median hourly wage rate,Full-time employees,Total - Gender,15 years and over,Current dollars,43.84,111,3-digit,Professional occupations in finance
2025,Newfoundland and Labrador,Median hourly wage rate,Full-time employees,Total - Gender,15 years and over,Current dollars,40.38,112,3-digit,Professional occupations in business
2025,Newfoundland and Labrador,Median hourly wage rate,Full-time employees,Total - Gender,15 years and over,Current dollars,50.0,211,3-digit,Professional occupations in natural sciences
2025,Newfoundland and Labrador,Median hourly wage rate,Full-time employees,Total - Gender,15 years and over,Current dollars,44.23,212,3-digit,Professional occupations in applied sciences (except engineering)
2025,Newfoundland and Labrador,Median hourly wage rate,Full-time employees,Total - Gender,15 years and over,Current dollars,53.0,213,3-digit,Professional occupations in engineering
2025,Newfoundland and Labrador,Median hourly wage rate,Full-time employees,Total - Gender,15 years and over,Current dollars,54.0,311,3-digit,Health treating and consultation services professionals
2025,Newfoundland and Labrador,Median hourly wage rate,Full-time employees,Total - Gender,15 years and over,Current dollars,52.5,312,3-digit,Therapy and assessment professionals
2025,Newfoundland and Labrador,Median hourly wage rate,Full-time employees,Total - Gender,15 years and over,Current dollars,49.0,313,3-digit,Nursing and allied health professionals
2025,Newfoundland and Labrador,Median hourly wage rate,Full-time employees,Total - Gender,15 years and over,Current dollars,65.93,411,3-digit,Professional occupations in law
2025,Newfoundland and Labrador,Median hourly wage rate,Full-time employees,Total - Gender,15 years and over,Current dollars,48.08,412,3-digit,Professional occupations in education services
2025,Newfoundland and Labrador,Median hourly wage rate,Full-time employees,Total - Gender,15 years and over,Current dollars,39.93,413,3-digit,Professional occupations in social and community services
2025,Newfoundland and Labrador,Median hourly wage rate,Full-time employees,Total - Gender,15 years and over,Current dollars,44.7,414,3-digit,Professional occupations in government services
2025,Newfoundland and Labrador,Median hourly wage rate,Full-time employees,Total - Gender,15 years and over,Current dollars,47.16,421,3-digit,Occupations in front-line public protection services
2025,Newfoundland and Labrador,Median hourly wage rate,Full-time employees,Total - Gender,15 years and over,Current dollars,24.75,422,3-digit,"Paraprofessional occupations in legal, social, community and education services"
2025,Prince Edward Island,Median hourly wage rate,Full-time employees,Total - Gender,15 years and over,Current dollars,43.27,111,3-digit,Professional occupations in finance
2025,Prince Edward Island,Median hourly wage rate,Full-time employees,Total - Gender,15 years and over,Current dollars,35.38,112,3-digit,Professional occupations in business
2025,Prince Edward Island,Median hourly wage rate,Full-time employees,Total - Gender,15 years and over,Current dollars,34.93,211,3-digit,Professional occupations in natural sciences
2025,Prince Edward Island,Median hourly wage rate,Full-time employees,Total - Gender,15 years and over,Current dollars,43.12,212,3-digit,Professional occupations in applied sciences (except engineering)
2025,Prince Edward Island,Median hourly wage rate,Full-time employees,Total - Gender,15 years and over,Current dollars,37.5,213,3-digit,Professional occupations in engineering
2025,Prince Edward Island,Median hourly wage rate,Full-time employees,Total - Gender,15 years and over,Current dollars,51.0,311,3-digit,Health treating and consultation services professionals
2025,Prince Edward Island,Median hourly wage rate,Full-time employees,Total - Gender,15 years and over,Current dollars,51.01,312,3-digit,Therapy and assessment professionals
2025,Prince Edward Island,Median hourly wage rate,Full-time employees,Total - Gender,15 years and over,Current dollars,46.96,313,3-digit,Nursing and allied health professionals
2025,Prince Edward Island,Median hourly wage rate,Full-time employees,Total - Gender,15 years and over,Current dollars,,411,3-digit,Professional occupations in law
2025,Prince Edward Island,Median hourly wage rate,Full-time employees,Total - Gender,15 years and over,Current dollars,43.59,412,3-digit,Professional occupations in education services
2025,Prince Edward Island,Median hourly wage rate,Full-time employees,Total - Gender,15 years and over,Current dollars,37.1,413,3-digit,Professional occupations in social and community services
2025,Prince Edward Island,Median hourly wage rate,Full-time employees,Total - Gender,15 years and over,Current dollars,41.58,414,3-digit,Professional occupations in government services
2025,Prince Edward Island,Median hourly wage rate,Full-time employees,Total - Gender,15 years and over,Current dollars,46.88,421,3-digit,Occupations in front-line public protection services
2025,Prince Edward Island,Median hourly wage rate,Full-time employees,Total - Gender,15 years and over,Current dollars,29.0,422,3-digit,"Paraprofessional occupations in legal, social, community and education services"
2025,Nova Scotia,Median hourly wage rate,Full-time employees,Total - Gender,15 years and over,Current dollars,36.2,111,3-digit,Professional occupations in finance
2025,Nova Scotia,Median hourly wage rate,Full-time employees,Total - Gender,15 years and over,Current dollars,40.64,112,3-digit,Professional occupations in business
2025,Nova Scotia,Median hourly wage rate,Full-time employees,Total - Gender,15 years and over,Current dollars,40.85,211,3-digit,Professional occupations in natural sciences
2025,Nova Scotia,Median hourly wage rate,Full-time employees,Total - Gender,15 years and over,Current dollars,46.04,212,3-digit,Professional occupations in applied sciences (except engineering)
2025,Nova Scotia,Median hourly wage rate,Full-time employees,Total - Gender,15 years and over,Current dollars,48.06,213,3-digit,Professional occupations in engineering
2025,Nova Scotia,Median hourly wage rate,Full-time employees,Total - Gender,15 years and over,Current dollars,52.5,311,3-digit,Health treating and consultation services professionals
2025,Nova Scotia,Median hourly wage rate,Full-time employees,Total - Gender,15 years and over,Current dollars,46.63,312,3-digit,Therapy and assessment professionals
2025,Nova Scotia,Median hourly wage rate,Full-time employees,Total - Gender,15 years and over,Current dollars,48.0,313,3-digit,Nursing and allied health professionals
2025,Nova Scotia,Median hourly wage rate,Full-time employees,Total - Gender,15 years and over,Current dollars,74.52,411,3-digit,Professional occupations in law
2025,Nova Scotia,Median hourly wage rate,Full-time employees,Total - Gender,15 years and over,Current dollars,43.27,412,3-digit,Professional occupations in education services
2025,Nova Scotia,Median hourly wage rate,Full-time employees,Total - Gender,15 years and over,Current dollars,36.06,413,3-digit,Professional occupations in social and community services
2025,Nova Scotia,Median hourly wage rate,Full-time employees,Total - Gender,15 years and over,Current dollars,43.94,414,3-digit,Professional occupations in government services
2025,Nova Scotia,Median hourly wage rate,Full-time employees,Total - Gender,15 years and over,Current dollars,48.08,421,3-digit,Occupations in front-line public protection services
2025,Nova Scotia,Median hourly wage rate,Full-time employees,Total - Gender,15 years and over,Current dollars,27.0,422,3-digit,"Paraprofessional occupations in legal, social, community and education services"
2025,New Brunswick,Median hourly wage rate,Full-time employees,Total - Gender,15 years and over,Current dollars,36.06,111,3-digit,Professional occupations in finance
2025,New Brunswick,Median hourly wage rate,Full-time employees,Total - Gender,15 years and over,Current dollars,37.95,112,3-digit,Professional occupations in business
2025,New Brunswick,Median hourly wage rate,Full-time employees,Total - Gender,15 years and over,Current dollars,46.15,211,3-digit,Professional occupations in natural sciences
2025,New Brunswick,Median hourly wage rate,Full-time employees,Total - Gender,15 years and over,Current dollars,43.27,212,3-digit,Professional occupations in applied sciences (except engineering)
2025,New Brunswick,Median hourly wage rate,Full-time employees,Total - Gender,15 years and over,Current dollars,45.0,213,3-digit,Professional occupations in engineering
2025,New Brunswick,Median hourly wage rate,Full-time employees,Total - Gender,15 years and over,Current dollars,55.0,311,3-digit,Health treating and consultation services professionals
2025,New Brunswick,Median hourly wage rate,Full-time employees,Total - Gender,15 years and over,Current dollars,47.0,312,3-digit,Therapy and assessment professionals
2025,New Brunswick,Median hourly wage rate,Full-time employees,Total - Gender,15 years and over,Current dollars,45.6,313,3-digit,Nursing and allied health professionals
2025,New Brunswick,Median hourly wage rate,Full-time employees,Total - Gender,15 years and over,Current dollars,56.47,411,3-digit,Professional occupations in law
2025,New Brunswick,Median hourly wage rate,Full-time employees,Total - Gender,15 years and over,Current dollars,40.51,412,3-digit,Professional occupations in education services
2025,New Brunswick,Median hourly wage rate,Full-time employees,Total - Gender,15 years and over,Current dollars,39.0,413,3-digit,Professional occupations in social and community services
2025,New Brunswick,Median hourly wage rate,Full-time employees,Total - Gender,15 years and over,Current dollars,43.0,414,3-digit,Professional occupations in government services
2025,New Brunswick,Median hourly wage rate,Full-time employees,Total - Gender,15 years and over,Current dollars,45.19,421,3-digit,Occupations in front-line public protection services
2025,New Brunswick,Median hourly wage rate,Full-time employees,Total - Gender,15 years and over,Current dollars,24.47,422,3-digit,"Paraprofessional occupations in legal, social, community and education services"
2025,Quebec,Median hourly wage rate,Full-time employees,Total - Gender,15 years and over,Current dollars,43.0,111,3-digit,Professional occupations in finance
2025,Quebec,Median hourly wage rate,Full-time employees,Total - Gender,15 years and over,Current dollars,41.03,112,3-digit,Professional occupations in business
2025,Quebec,Median hourly wage rate,Full-time employees,Total - Gender,15 years and over,Current dollars,43.59,211,3-digit,Professional occupations in natural sciences
2025,Quebec,Median hourly wage rate,Full-time employees,Total - Gender,15 years and over,Current dollars,49.52,212,3-digit,Professional occupations in applied sciences (except engineering)
2025,Quebec,Median hourly wage rate,Full-time employees,Total - Gender,15 years and over,Current dollars,51.1,213,3-digit,Professional occupations in engineering
2025,Quebec,Median hourly wage rate,Full-time employees,Total - Gender,15 years and over,Current dollars,56.34,311,3-digit,Health treating and consultation services professionals
2025,Quebec,Median hourly wage rate,Full-time employees,Total - Gender,15 years and over,Current dollars,45.0,312,3-digit,Therapy and assessment professionals
2025,Quebec,Median hourly wage rate,Full-time employees,Total - Gender,15 years and over,Current dollars,42.0,313,3-digit,Nursing and allied health professionals
2025,Quebec,Median hourly wage rate,Full-time employees,Total - Gender,15 years and over,Current dollars,56.04,411,3-digit,Professional occupations in law
2025,Quebec,Median hourly wage rate,Full-time employees,Total - Gender,15 years and over,Current dollars,48.7,412,3-digit,Professional occupations in education services
2025,Quebec,Median hourly wage rate,Full-time employees,Total - Gender,15 years and over,Current dollars,42.62,413,3-digit,Professional occupations in social and community services
2025,Quebec,Median hourly wage rate,Full-time employees,Total - Gender,15 years and over,Current dollars,46.15,414,3-digit,Professional occupations in government services
2025,Quebec,Median hourly wage rate,Full-time employees,Total - Gender,15 years and over,Current dollars,44.36,421,3-digit,Occupations in front-line public protection services
2025,Quebec,Median hourly wage rate,Full-time employees,Total - Gender,15 years and over,Current dollars,28.0,422,3-digit,"Paraprofessional occupations in legal, social, community and education services"
2025,Ontario,Median hourly wage rate,Full-time employees,Total - Gender,15 years and over,Current dollars,43.59,111,3-digit,Professional occupations in finance
2025,Ontario,Median hourly wage rate,Full-time employees,Total - Gender,15 years and over,Current dollars,42.8,112,3-digit,Professional occupations in business
2025,Ontario,Median hourly wage rate,Full-time employees,Total - Gender,15 years and over,Current dollars,43.08,211,3-digit,Professional occupations in natural sciences
2025,Ontario,Median hourly wage rate,Full-time employees,Total - Gender,15 years and over,Current dollars,51.7,212,3-digit,Professional occupations in applied sciences (except engineering)
2025,Ontario,Median hourly wage rate,Full-time employees,Total - Gender,15 years and over,Current dollars,50.82,213,3-digit,Professional occupations in engineering
2025,Ontario,Median hourly wage rate,Full-time employees,Total - Gender,15 years and over,Current dollars,49.0,311,3-digit,Health treating and consultation services professionals
2025,Ontario,Median hourly wage rate,Full-time employees,Total - Gender,15 years and over,Current dollars,49.0,312,3-digit,Therapy and assessment professionals
2025,Ontario,Median hourly wage rate,Full-time employees,Total - Gender,15 years and over,Current dollars,44.1,313,3-digit,Nursing and allied health professionals
2025,Ontario,Median hourly wage rate,Full-time employees,Total - Gender,15 years and over,Current dollars,65.93,411,3-digit,Professional occupations in law
2025,Ontario,Median hourly wage rate,Full-time employees,Total - Gender,15 years and over,Current dollars,50.0,412,3-digit,Professional occupations in education services
2025,Ontario,Median hourly wage rate,Full-time employees,Total - Gender,15 years and over,Current dollars,36.35,413,3-digit,Professional occupations in social and community services
2025,Ontario,Median hourly wage rate,Full-time employees,Total - Gender,15 years and over,Current dollars,48.72,414,3-digit,Professional occupations in government services
2025,Ontario,Median hourly wage rate,Full-time employees,Total - Gender,15 years and over,Current dollars,51.0,421,3-digit,Occupations in front-line public protection services
2025,Ontario,Median hourly wage rate,Full-time employees,Total - Gender,15 years and over,Current dollars,27.0,422,3-digit,"Paraprofessional occupations in legal, social, community and education services"
2025,Manitoba,Median hourly wage rate,Full-time employees,Total - Gender,15 years and over,Current dollars,36.92,111,3-digit,Professional occupations in finance
2025,Manitoba,Median hourly wage rate,Full-time employees,Total - Gender,15 years and over,Current dollars,33.65,112,3-digit,Professional occupations in business
2025,Manitoba,Median hourly wage rate,Full-time employees,Total - Gender,15 years and over,Current dollars,42.7,211,3-digit,Professional occupations in natural sciences
2025,Manitoba,Median hourly wage rate,Full-time employees,Total - Gender,15 years and over,Current dollars,43.75,212,3-digit,Professional occupations in applied sciences (except engineering)
2025,Manitoba,Median hourly wage rate,Full-time employees,Total - Gender,15 years and over,Current dollars,48.0,213,3-digit,Professional occupations in engineering
2025,Manitoba,Median hourly wage rate,Full-time employees,Total - Gender,15 years and over,Current dollars,43.45,311,3-digit,Health treating and consultation services professionals
2025,Manitoba,Median hourly wage rate,Full-time employees,Total - Gender,15 years and over,Current dollars,46.0,312,3-digit,Therapy and assessment professionals
2025,Manitoba,Median hourly wage rate,Full-time employees,Total - Gender,15 years and over,Current dollars,47.0,313,3-digit,Nursing and allied health professionals
2025,Manitoba,Median hourly wage rate,Full-time employees,Total - Gender,15 years and over,Current dollars,51.92,411,3-digit,Professional occupations in law
2025,Manitoba,Median hourly wage rate,Full-time employees,Total - Gender,15 years and over,Current dollars,44.87,412,3-digit,Professional occupations in education services
2025,Manitoba,Median hourly wage rate,Full-time employees,Total - Gender,15 years and over,Current dollars,36.36,413,3-digit,Professional occupations in social and community services
2025,Manitoba,Median hourly wage rate,Full-time employees,Total - Gender,15 years and over,Current dollars,41.81,414,3-digit,Professional occupations in government services
2025,Manitoba,Median hourly wage rate,Full-time employees,Total - Gender,15 years and over,Current dollars,48.5,421,3-digit,Occupations in front-line public protection services
2025,Manitoba,Median hourly wage rate,Full-time employees,Total - Gender,15 years and over,Current dollars,22.22,422,3-digit,"Paraprofessional occupations in legal, social, community and education services"
2025,Saskatchewan,Median hourly wage rate,Full-time employees,Total - Gender,15 years and over,Current dollars,40.25,111,3-digit,Professional occupations in finance
2025,Saskatchewan,Median hourly wage rate,Full-time employees,Total - Gender,15 years and over,Current dollars,40.87,112,3-digit,Professional occupations in business
2025,Saskatchewan,Median hourly wage rate,Full-time employees,Total - Gender,15 years and over,Current dollars,45.67,211,3-digit,Professional occupations in natural sciences
2025,Saskatchewan,Median hourly wage rate,Full-time employees,Total - Gender,15 years and over,Current dollars,46.15,212,3-digit,Professional occupations in applied sciences (except engineering)
2025,Saskatchewan,Median hourly wage rate,Full-time employees,Total - Gender,15 years and over,Current dollars,53.8,213,3-digit,Professional occupations in engineering
2025,Saskatchewan,Median hourly wage rate,Full-time employees,Total - Gender,15 years and over,Current dollars,55.0,311,3-digit,Health treating and consultation services professionals
2025,Saskatchewan,Median hourly wage rate,Full-time employees,Total - Gender,15 years and over,Current dollars,41.69,312,3-digit,Therapy and assessment professionals
2025,Saskatchewan,Median hourly wage rate,Full-time employees,Total - Gender,15 years and over,Current dollars,49.0,313,3-digit,Nursing and allied health professionals
2025,Saskatchewan,Median hourly wage rate,Full-time employees,Total - Gender,15 years and over,Current dollars,61.78,411,3-digit,Professional occupations in law
2025,Saskatchewan,Median hourly wage rate,Full-time employees,Total - Gender,15 years and over,Current dollars,44.71,412,3-digit,Professional occupations in education services
2025,Saskatchewan,Median hourly wage rate,Full-time employees,Total - Gender,15 years and over,Current dollars,38.17,413,3-digit,Professional occupations in social and community services
2025,Saskatchewan,Median hourly wage rate,Full-time employees,Total - Gender,15 years and over,Current dollars,41.83,414,3-digit,Professional occupations in government services
2025,Saskatchewan,Median hourly wage rate,Full-time employees,Total - Gender,15 years and over,Current dollars,53.85,421,3-digit,Occupations in front-line public protection services
2025,Saskatchewan,Median hourly wage rate,Full-time employees,Total - Gender,15 years and over,Current dollars,24.0,422,3-digit,"Paraprofessional occupations in legal, social, community and education services"
2025,Alberta,Median hourly wage rate,Full-time employees,Total - Gender,15 years and over,Current dollars,43.27,111,3-digit,Professional occupations in finance
2025,Alberta,Median hourly wage rate,Full-time employees,Total - Gender,15 years and over,Current dollars,44.75,112,3-digit,Professional occupations in business
2025,Alberta,Median hourly wage rate,Full-time employees,Total - Gender,15 years and over,Current dollars,52.88,211,3-digit,Professional occupations in natural sciences
2025,Alberta,Median hourly wage rate,Full-time employees,Total - Gender,15 years and over,Current dollars,49.04,212,3-digit,Professional occupations in applied sciences (except engineering)
2025,Alberta,Median hourly wage rate,Full-time employees,Total - Gender,15 years and over,Current dollars,56.41,213,3-digit,Professional occupations in engineering
2025,Alberta,Median hourly wage rate,Full-time employees,Total - Gender,15 years and over,Current dollars,50.0,311,3-digit,Health treating and consultation services professionals
2025,Alberta,Median hourly wage rate,Full-time employees,Total - Gender,15 years and over,Current dollars,50.0,312,3-digit,Therapy and assessment professionals
2025,Alberta,Median hourly wage rate,Full-time employees,Total - Gender,15 years and over,Current dollars,50.3,313,3-digit,Nursing and allied health professionals
2025,Alberta,Median hourly wage rate,Full-time employees,Total - Gender,15 years and over,Current dollars,65.0,411,3-digit,Professional occupations in law
2025,Alberta,Median hourly wage rate,Full-time employees,Total - Gender,15 years and over,Current dollars,45.05,412,3-digit,Professional occupations in education services
2025,Alberta,Median hourly wage rate,Full-time employees,Total - Gender,15 years and over,Current dollars,41.97,413,3-digit,Professional occupations in social and community services
2025,Alberta,Median hourly wage rate,Full-time employees,Total - Gender,15 years and over,Current dollars,45.28,414,3-digit,Professional occupations in government services
2025,Alberta,Median hourly wage rate,Full-time employees,Total - Gender,15 years and over,Current dollars,52.88,421,3-digit,Occupations in front-line public protection services
2025,Alberta,Median hourly wage rate,Full-time employees,Total - Gender,15 years and over,Current dollars,23.62,422,3-digit,"Paraprofessional occupations in legal, social, community and education services"
2025,British Columbia,Median hourly wage rate,Full-time employees,Total - Gender,15 years and over,Current dollars,43.27,111,3-digit,Professional occupations in finance
2025,British Columbia,Median hourly wage rate,Full-time employees,Total - Gender,15 years and over,Current dollars,40.19,112,3-digit,Professional occupations in business
2025,British Columbia,Median hourly wage rate,Full-time employees,Total - Gender,15 years and over,Current dollars,43.71,211,3-digit,Professional occupations in natural sciences
2025,British Columbia,Median hourly wage rate,Full-time employees,Total - Gender,15 years and over,Current dollars,52.88,212,3-digit,Professional occupations in applied sciences (except engineering)
2025,British Columbia,Median hourly wage rate,Full-time employees,Total - Gender,15 years and over,Current dollars,52.31,213,3-digit,Professional occupations in engineering
2025,British Columbia,Median hourly wage rate,Full-time employees,Total - Gender,15 years and over,Current dollars,53.95,311,3-digit,Health treating and consultation services professionals
2025,British Columbia,Median hourly wage rate,Full-time employees,Total - Gender,15 years and over,Current dollars,52.0,312,3-digit,Therapy and assessment professionals
2025,British Columbia,Median hourly wage rate,Full-time employees,Total - Gender,15 years and over,Current dollars,51.06,313,3-digit,Nursing and allied health professionals
2025,British Columbia,Median hourly wage rate,Full-time employees,Total - Gender,15 years and over,Current dollars,66.06,411,3-digit,Professional occupations in law
2025,British Columbia,Median hourly wage rate,Full-time employees,Total - Gender,15 years and over,Current dollars,46.15,412,3-digit,Professional occupations in education services
2025,British Columbia,Median hourly wage rate,Full-time employees,Total - Gender,15 years and over,Current dollars,44.02,413,3-digit,Professional occupations in social and community services
2025,British Columbia,Median hourly wage rate,Full-time employees,Total - Gender,15 years and over,Current dollars,42.42,414,3-digit,Professional occupations in government services
2025,British Columbia,Median hourly wage rate,Full-time employees,Total - Gender,15 years and over,Current dollars,55.0,421,3-digit,Occupations in front-line public protection services
2025,British Columbia,Median hourly wage rate,Full-time employees,Total - Gender,15 years and over,Current dollars,28.0,422,3-digit,"Paraprofessional occupations in legal, social, community and education services"
